seq,ts_ns,event,order_id,side,type,price,quantity
1,1,NEW,1,BUY,LIMIT,1000000,300
2,1,NEW,2,SELL,LIMIT,1000100,300
3,1,NEW,3,BUY,LIMIT,999900,300
4,1,NEW,4,SELL,LIMIT,1000200,300
5,1,NEW,5,BUY,LIMIT,999800,300
6,1,NEW,6,SELL,LIMIT,1000300,300
7,1,NEW,7,BUY,LIMIT,999700,300
8,1,NEW,8,SELL,LIMIT,1000400,300
9,1,NEW,9,BUY,LIMIT,999600,300
10,1,NEW,10,SELL,LIMIT,1000500,300
11,1,NEW,11,BUY,LIMIT,999500,300
12,1,NEW,12,SELL,LIMIT,1000600,300
13,1,NEW,13,BUY,LIMIT,999400,300
14,1,NEW,14,SELL,LIMIT,1000700,300
15,1,NEW,15,BUY,LIMIT,999300,300
16,1,NEW,16,SELL,LIMIT,1000800,300
17,1,NEW,17,BUY,LIMIT,999200,300
18,1,NEW,18,SELL,LIMIT,1000900,300
19,1,NEW,19,BUY,LIMIT,999100,300
20,1,NEW,20,SELL,LIMIT,1001000,300
21,33991997,CANCEL,14,SELL,LIMIT,1000700,300
22,40563707,NEW,21,SELL,LIMIT,1000700,28
23,176093374,CANCEL,5,BUY,LIMIT,999800,300
24,222946673,NEW,22,BUY,LIMIT,999400,28
25,290773023,CANCEL,10,SELL,LIMIT,1000500,300
26,516943572,CANCEL,11,BUY,LIMIT,999500,300
27,527640379,CANCEL,17,BUY,LIMIT,999200,300
28,564690722,CANCEL,3,BUY,LIMIT,999900,300
29,706044585,NEW,23,SELL,LIMIT,1000900,40
30,775662802,CANCEL,1,BUY,LIMIT,1000000,300
31,822310750,CANCEL,8,SELL,LIMIT,1000400,300
32,824801102,CANCEL,15,BUY,LIMIT,999300,300
33,839315801,CANCEL,16,SELL,LIMIT,1000800,300
34,894773871,CANCEL,19,BUY,LIMIT,999100,300
35,1094845355,NEW,24,SELL,LIMIT,1000700,31
36,1200506975,CANCEL,2,SELL,LIMIT,1000100,300
37,1227202236,CANCEL,12,SELL,LIMIT,1000600,300
38,1276920154,CANCEL,6,SELL,LIMIT,1000300,300
39,1508762397,CANCEL,20,SELL,LIMIT,1001000,300
40,1572629944,CANCEL,18,SELL,LIMIT,1000900,300
41,1600577527,NEW,25,BUY,LIMIT,999400,33
42,1612356364,CANCEL,23,SELL,LIMIT,1000900,40
43,1638737429,NEW,26,SELL,LIMIT,1001000,25
44,1731549632,NEW,27,BUY,LIMIT,998700,25
45,1768203110,NEW,28,BUY,LIMIT,1000000,26
46,1876533078,CANCEL,7,BUY,LIMIT,999700,300
47,1898611866,CANCEL,13,BUY,LIMIT,999400,300
48,1965206667,NEW,29,BUY,LIMIT,999400,34
49,2042349036,NEW,30,BUY,LIMIT,999300,29
50,2080333759,NEW,31,BUY,LIMIT,999400,25
51,2080477984,CANCEL,9,BUY,LIMIT,999600,300
52,2522154404,CANCEL,25,BUY,LIMIT,999400,33
53,2583197592,NEW,32,BUY,LIMIT,999600,100
54,2775532571,NEW,33,SELL,LIMIT,1001000,29
55,3005494473,CANCEL,28,BUY,LIMIT,1000000,26
56,3059032168,NEW,34,SELL,LIMIT,1000600,38
57,3122342331,CANCEL,21,SELL,LIMIT,1000700,28
58,3192344870,NEW,35,BUY,LIMIT,999300,24
59,3342590156,NEW,36,BUY,LIMIT,998700,30
60,3515139684,NEW,37,SELL,LIMIT,1000300,35
61,3521030455,CANCEL,32,BUY,LIMIT,999600,100
62,3527925783,NEW,38,SELL,LIMIT,1000200,34
63,3607246463,NEW,39,BUY,LIMIT,999700,29
64,3645499230,NEW,40,SELL,LIMIT,1001200,34
65,3945838153,CANCEL,27,BUY,LIMIT,998700,25
66,3949742126,CANCEL,4,SELL,LIMIT,1000200,300
67,3969249600,NEW,41,SELL,LIMIT,1000600,32
68,4048738598,NEW,42,SELL,LIMIT,1000700,7
69,4237663927,NEW,43,BUY,LIMIT,999900,100
70,4643640626,NEW,44,SELL,LIMIT,1000800,24
71,5077935675,NEW,45,BUY,LIMIT,999300,25
72,5187222090,NEW,46,SELL,LIMIT,1000900,19
73,5282941115,NEW,47,SELL,LIMIT,1001400,21
74,5690659046,CANCEL,43,BUY,LIMIT,999900,100
75,5832938410,CANCEL,24,SELL,LIMIT,1000700,31
76,6602921667,NEW,48,BUY,LIMIT,999300,30
77,6796034944,CANCEL,34,SELL,LIMIT,1000600,38
78,7094462493,NEW,49,BUY,LIMIT,999300,28
79,7623597517,CANCEL,35,BUY,LIMIT,999300,24
80,7693598240,CANCEL,40,SELL,LIMIT,1001200,34
81,7889891144,CANCEL,47,SELL,LIMIT,1001400,21
82,8343870771,NEW,50,SELL,LIMIT,1000600,31
83,8483550880,NEW,51,BUY,LIMIT,999500,24
84,8968980761,NEW,52,BUY,LIMIT,999300,28
85,9034159603,CANCEL,26,SELL,LIMIT,1001000,25
86,9147389565,NEW,53,SELL,LIMIT,1000400,25
87,9402879644,NEW,54,SELL,LIMIT,1000800,26
88,9559076084,NEW,55,SELL,LIMIT,1001000,54
89,9574965184,NEW,56,BUY,LIMIT,999300,33
90,9725185637,NEW,57,SELL,LIMIT,1000700,100
91,9824648702,NEW,58,BUY,LIMIT,999300,25
92,9834476403,NEW,59,SELL,LIMIT,1000600,31
93,9948895763,CANCEL,31,BUY,LIMIT,999400,25
94,10330030902,NEW,60,BUY,LIMIT,999200,24
95,10513723039,CANCEL,57,SELL,LIMIT,1000700,100
96,10697813875,NEW,61,SELL,LIMIT,1000900,24
97,10889530752,NEW,62,BUY,LIMIT,998900,38
98,10992328464,NEW,63,SELL,LIMIT,1000800,25
99,11259653825,CANCEL,51,BUY,LIMIT,999500,24
100,11262089007,CANCEL,33,SELL,LIMIT,1001000,29
101,11427419118,CANCEL,59,SELL,LIMIT,1000600,31
102,11761414483,NEW,64,SELL,LIMIT,1000200,40
103,11859752279,CANCEL,60,BUY,LIMIT,999200,24
104,11903678310,NEW,65,BUY,LIMIT,999200,28
105,12016386637,NEW,66,BUY,LIMIT,999300,34
106,12241958756,CANCEL,39,BUY,LIMIT,999700,29
107,12359787132,NEW,67,BUY,LIMIT,999000,25
108,12567294952,NEW,68,BUY,LIMIT,999400,43
109,12647742812,CANCEL,45,BUY,LIMIT,999300,25
110,13175297412,CANCEL,50,SELL,LIMIT,1000600,31
111,13305047585,CANCEL,38,SELL,LIMIT,1000200,34
112,13680060019,CANCEL,54,SELL,LIMIT,1000800,26
113,13736501686,NEW,69,SELL,LIMIT,1000200,32
114,14108629014,CANCEL,66,BUY,LIMIT,999300,34
115,14265084582,NEW,70,SELL,LIMIT,1000400,24
116,14313705097,CANCEL,58,BUY,LIMIT,999300,25
117,14499664627,NEW,71,BUY,LIMIT,999500,29
118,14561015863,CANCEL,52,BUY,LIMIT,999300,28
119,14822223008,CANCEL,67,BUY,LIMIT,999000,25
120,14979267278,CANCEL,29,BUY,LIMIT,999400,34
121,15173969013,CANCEL,70,SELL,LIMIT,1000400,24
122,15233332340,NEW,72,BUY,LIMIT,999200,25
123,15474263181,NEW,73,BUY,LIMIT,999100,24
124,16240660384,NEW,74,SELL,LIMIT,1000500,31
125,16293043611,NEW,75,BUY,LIMIT,999400,23
126,16485519930,CANCEL,75,BUY,LIMIT,999400,23
127,16594681758,NEW,76,BUY,LIMIT,999500,25
128,16632322988,CANCEL,68,BUY,LIMIT,999400,43
129,17014445022,CANCEL,30,BUY,LIMIT,999300,29
130,17251050916,NEW,77,SELL,LIMIT,1000000,32
131,17606130072,CANCEL,42,SELL,LIMIT,1000700,7
132,17825871342,NEW,78,SELL,LIMIT,1000300,48
133,17872725206,CANCEL,37,SELL,LIMIT,1000300,35
134,17991431717,NEW,79,SELL,LIMIT,1001000,32
135,18073343903,NEW,80,SELL,LIMIT,1000100,29
136,18123550848,CANCEL,73,BUY,LIMIT,999100,24
137,18415424345,NEW,81,BUY,LIMIT,999100,30
138,18529226829,NEW,82,BUY,LIMIT,999200,100
139,18642029601,NEW,83,SELL,LIMIT,1000500,17
140,18673509389,CANCEL,82,BUY,LIMIT,999200,100
141,18739507258,CANCEL,41,SELL,LIMIT,1000600,32
142,18792705965,NEW,84,SELL,LIMIT,1000600,25
143,19009865048,CANCEL,46,SELL,LIMIT,1000900,19
144,19052271503,CANCEL,53,SELL,LIMIT,1000400,25
145,19242950573,NEW,85,BUY,LIMIT,999200,28
146,19472251568,CANCEL,69,SELL,LIMIT,1000200,32
147,19989995869,NEW,86,BUY,LIMIT,999200,31
148,20032201978,CANCEL,64,SELL,LIMIT,1000200,40
149,20201537349,CANCEL,80,SELL,LIMIT,1000100,29
150,20339383798,CANCEL,62,BUY,LIMIT,998900,38
151,20401617558,NEW,87,SELL,LIMIT,1000100,40
152,20487545176,NEW,88,BUY,LIMIT,999000,26
153,20712675907,NEW,89,SELL,LIMIT,1000300,38
154,20743425664,NEW,90,SELL,LIMIT,1000500,40
155,20845517623,CANCEL,63,SELL,LIMIT,1000800,25
156,20875968066,NEW,91,SELL,LIMIT,1000100,25
157,20934530850,NEW,92,BUY,LIMIT,999300,30
158,20943641495,NEW,93,SELL,LIMIT,1000400,40
159,21317557662,NEW,94,BUY,LIMIT,999300,32
160,21517974718,CANCEL,49,BUY,LIMIT,999300,28
161,21904138894,NEW,95,SELL,LIMIT,1000400,32
162,22078820392,CANCEL,61,SELL,LIMIT,1000900,24
163,22294404612,NEW,96,SELL,LIMIT,1000500,27
164,22304352956,NEW,97,SELL,LIMIT,999800,28
165,22427904218,CANCEL,86,BUY,LIMIT,999200,31
166,22679832119,CANCEL,81,BUY,LIMIT,999100,30
167,23512299017,NEW,98,SELL,LIMIT,1000300,23
168,23586844999,NEW,99,BUY,LIMIT,999000,23
169,23655768753,CANCEL,48,BUY,LIMIT,999300,30
170,24056487526,CANCEL,89,SELL,LIMIT,1000300,38
171,24092830420,CANCEL,94,BUY,LIMIT,999300,32
172,24224070582,NEW,100,SELL,LIMIT,1001000,28
173,24241126748,CANCEL,93,SELL,LIMIT,1000400,40
174,24385417982,NEW,101,BUY,LIMIT,998900,23
175,24406121527,CANCEL,98,SELL,LIMIT,1000300,23
176,24462355203,NEW,102,SELL,LIMIT,1000600,32
177,24507425189,CANCEL,72,BUY,LIMIT,999200,25
178,24855359790,NEW,103,SELL,LIMIT,999600,24
179,24874524011,CANCEL,71,BUY,LIMIT,999500,29
180,25181331815,CANCEL,44,SELL,LIMIT,1000800,24
181,25364294220,NEW,104,BUY,LIMIT,998800,26
182,25369761907,NEW,105,SELL,LIMIT,1000200,25
183,25451785525,CANCEL,78,SELL,LIMIT,1000300,48
184,25638024639,NEW,106,SELL,LIMIT,999900,18
185,25826304285,CANCEL,65,BUY,LIMIT,999200,28
186,26038263718,NEW,107,BUY,LIMIT,998800,27
187,26120921321,NEW,108,SELL,LIMIT,1000600,40
188,26387068467,NEW,109,BUY,LIMIT,998600,29
189,26444548394,CANCEL,79,SELL,LIMIT,1001000,32
190,26564698091,NEW,110,BUY,LIMIT,998100,44
191,26570437001,NEW,111,BUY,LIMIT,998300,40
192,26688006141,NEW,112,BUY,LIMIT,998600,30
193,27287682898,CANCEL,111,BUY,LIMIT,998300,40
194,27750406825,CANCEL,102,SELL,LIMIT,1000600,32
195,27793179793,NEW,113,BUY,LIMIT,998600,27
196,27818145747,CANCEL,55,SELL,LIMIT,1001000,54
197,27897904132,NEW,114,BUY,LIMIT,999400,29
198,28087495212,NEW,115,BUY,LIMIT,998800,4
199,28434402174,CANCEL,112,BUY,LIMIT,998600,30
200,28782265165,CANCEL,96,SELL,LIMIT,1000500,27
201,28871702677,CANCEL,90,SELL,LIMIT,1000500,40
202,29353468080,CANCEL,113,BUY,LIMIT,998600,27
203,29421134635,CANCEL,56,BUY,LIMIT,999300,33
204,29712534604,NEW,116,SELL,LIMIT,1000500,25
205,29717273805,NEW,117,SELL,LIMIT,1000500,35
206,29908325301,CANCEL,104,BUY,LIMIT,998800,26
207,29995676515,NEW,118,SELL,LIMIT,999800,35
208,30001904303,NEW,119,BUY,LIMIT,998700,28
209,30109312387,CANCEL,116,SELL,LIMIT,1000500,25
210,30140253677,NEW,120,BUY,LIMIT,998400,24
211,30881856330,CANCEL,110,BUY,LIMIT,998100,44
212,31121215476,NEW,121,BUY,LIMIT,998100,32
213,31311803412,NEW,122,BUY,LIMIT,998400,25
214,31981949216,NEW,123,SELL,LIMIT,1000300,43
215,32224680821,CANCEL,106,SELL,LIMIT,999900,18
216,32436682850,CANCEL,118,SELL,LIMIT,999800,35
217,32605324960,NEW,124,BUY,LIMIT,999500,29
218,32743022742,CANCEL,92,BUY,LIMIT,999300,30
219,32788637081,CANCEL,114,BUY,LIMIT,999400,29
220,32799134887,NEW,125,SELL,LIMIT,1001000,25
221,33153280042,NEW,126,SELL,LIMIT,1000300,28
222,33163031394,NEW,127,BUY,LIMIT,998200,33
223,33398695055,CANCEL,119,BUY,LIMIT,998700,28
224,33693400225,NEW,128,SELL,LIMIT,1000600,33
225,33866558956,NEW,129,BUY,LIMIT,998600,24
226,34033236818,NEW,130,BUY,LIMIT,999100,35
227,34210141477,NEW,131,BUY,LIMIT,998700,23
228,34443889381,NEW,132,BUY,LIMIT,998700,32
229,34469182128,CANCEL,120,BUY,LIMIT,998400,24
230,34973262591,NEW,133,SELL,LIMIT,1000400,18
231,34990681361,CANCEL,130,BUY,LIMIT,999100,35
232,35360592729,CANCEL,105,SELL,LIMIT,1000200,25
233,35378529345,NEW,134,BUY,LIMIT,999300,23
234,35402516887,CANCEL,87,SELL,LIMIT,1000100,40
235,35458589290,CANCEL,117,SELL,LIMIT,1000500,35
236,35628598332,CANCEL,74,SELL,LIMIT,1000500,31
237,35693500287,NEW,135,SELL,LIMIT,1000200,20
238,35740400926,NEW,136,BUY,LIMIT,998600,18
239,35806731893,NEW,137,SELL,LIMIT,1000500,100
240,36013101091,CANCEL,137,SELL,LIMIT,1000500,100
241,36188083910,CANCEL,135,SELL,LIMIT,1000200,20
242,36389429444,CANCEL,107,BUY,LIMIT,998800,27
243,36451292753,NEW,138,BUY,LIMIT,998900,31
244,36528875803,CANCEL,97,SELL,LIMIT,999800,28
245,36930369977,NEW,139,SELL,LIMIT,1000600,28
246,37062324201,CANCEL,128,SELL,LIMIT,1000600,33
247,37074991854,CANCEL,123,SELL,LIMIT,1000300,43
248,37203665395,NEW,140,SELL,LIMIT,1001000,45
249,37480659468,CANCEL,126,SELL,LIMIT,1000300,28
250,37767411867,NEW,141,BUY,LIMIT,998900,31
251,37899129909,NEW,142,SELL,LIMIT,1000200,28
252,37927368601,CANCEL,138,BUY,LIMIT,998900,31
253,38132454954,CANCEL,129,BUY,LIMIT,998600,24
254,38301981052,NEW,143,SELL,LIMIT,999900,25
255,38432558388,NEW,144,SELL,LIMIT,1001000,25
256,38554656612,NEW,145,BUY,LIMIT,998100,30
257,39052384718,CANCEL,139,SELL,LIMIT,1000600,28
258,39255555140,NEW,146,SELL,LIMIT,1000100,23
259,39292201057,CANCEL,131,BUY,LIMIT,998700,23
260,39315724162,CANCEL,103,SELL,LIMIT,999600,24
261,39420926500,NEW,147,SELL,LIMIT,1000500,40
262,39609240242,NEW,148,SELL,LIMIT,1000500,28
263,39673735482,NEW,149,SELL,LIMIT,1000600,29
264,39797129926,NEW,150,BUY,LIMIT,998900,25
265,40005986902,NEW,151,SELL,LIMIT,999800,40
266,40032815235,CANCEL,147,SELL,LIMIT,1000500,40
267,40073441954,NEW,152,SELL,LIMIT,1000200,29
268,40438456649,CANCEL,115,BUY,LIMIT,998800,4
269,40448612264,CANCEL,121,BUY,LIMIT,998100,32
270,41020060679,CANCEL,151,SELL,LIMIT,999800,40
271,41227749434,NEW,153,BUY,LIMIT,999000,33
272,41329501639,NEW,154,BUY,LIMIT,999200,12
273,41558963248,CANCEL,127,BUY,LIMIT,998200,33
274,41579037049,CANCEL,76,BUY,LIMIT,999500,25
275,41949428569,CANCEL,91,SELL,LIMIT,1000100,25
276,42022253324,CANCEL,132,BUY,LIMIT,998700,32
277,42028888660,CANCEL,101,BUY,LIMIT,998900,23
278,42107419148,CANCEL,83,SELL,LIMIT,1000500,17
279,42108296670,CANCEL,124,BUY,LIMIT,999500,29
280,42198227357,CANCEL,150,BUY,LIMIT,998900,25
281,42325471484,NEW,155,SELL,LIMIT,1000100,40
282,42329558309,CANCEL,85,BUY,LIMIT,999200,28
283,42987214184,NEW,156,BUY,LIMIT,999100,35
284,42996189596,NEW,157,SELL,LIMIT,1000300,45
285,44141976048,CANCEL,141,BUY,LIMIT,998900,31
286,44199063224,NEW,158,BUY,LIMIT,998900,29
287,44479553290,NEW,159,SELL,LIMIT,1000400,28
288,44929069795,NEW,160,SELL,LIMIT,1000500,35
289,44991509138,CANCEL,140,SELL,LIMIT,1001000,45
290,45105146989,CANCEL,122,BUY,LIMIT,998400,25
291,45525117745,NEW,161,SELL,LIMIT,1000300,28
292,45539151760,NEW,162,SELL,LIMIT,1000600,33
293,45813877324,CANCEL,125,SELL,LIMIT,1001000,25
294,45861235014,CANCEL,108,SELL,LIMIT,1000600,40
295,46071409184,CANCEL,148,SELL,LIMIT,1000500,28
296,46521387873,CANCEL,77,SELL,LIMIT,1000000,32
297,46535140286,CANCEL,155,SELL,LIMIT,1000100,40
298,46555158050,CANCEL,88,BUY,LIMIT,999000,26
299,46738937523,CANCEL,95,SELL,LIMIT,1000400,32
300,46859388204,NEW,163,SELL,LIMIT,1000100,30
301,47581163541,CANCEL,136,BUY,LIMIT,998600,18
302,47645308997,NEW,164,BUY,LIMIT,999100,34
303,48592953563,CANCEL,158,BUY,LIMIT,998900,29
304,48640417113,CANCEL,146,SELL,LIMIT,1000100,23
305,48860235174,NEW,165,SELL,LIMIT,1000300,24
306,49468814612,CANCEL,157,SELL,LIMIT,1000300,45
307,49710231944,CANCEL,161,SELL,LIMIT,1000300,28
308,49725487374,NEW,166,BUY,LIMIT,999600,25
309,49953323854,NEW,167,SELL,LIMIT,1000000,28
310,50082228293,NEW,168,BUY,LIMIT,999000,30
311,50082778540,CANCEL,22,BUY,LIMIT,999400,28
312,50841322616,NEW,169,BUY,LIMIT,998800,25
313,50900410631,NEW,170,SELL,LIMIT,999900,34
314,50966420467,NEW,171,BUY,LIMIT,999000,34
315,51105748091,NEW,172,BUY,LIMIT,998900,30
316,51464135732,NEW,173,SELL,LIMIT,1001100,30
317,51528323805,CANCEL,142,SELL,LIMIT,1000200,28
318,51688405240,NEW,174,BUY,LIMIT,999000,32
319,51945015436,CANCEL,84,SELL,LIMIT,1000600,25
320,52000554960,CANCEL,168,BUY,LIMIT,999000,30
321,52111348240,CANCEL,100,SELL,LIMIT,1001000,28
322,52161512598,NEW,175,BUY,LIMIT,998900,40
323,52593837817,CANCEL,144,SELL,LIMIT,1001000,25
324,52799028897,CANCEL,169,BUY,LIMIT,998800,25
325,53238534151,CANCEL,109,BUY,LIMIT,998600,29
326,53284201273,CANCEL,164,BUY,LIMIT,999100,34
327,53342717334,CANCEL,166,BUY,LIMIT,999600,25
328,53707138363,NEW,176,SELL,LIMIT,1000100,25
329,53797139855,NEW,177,BUY,LIMIT,998900,27
330,54477876715,NEW,178,SELL,LIMIT,1000800,30
331,54598493584,CANCEL,145,BUY,LIMIT,998100,30
332,54834282583,CANCEL,172,BUY,LIMIT,998900,30
333,54926650797,CANCEL,152,SELL,LIMIT,1000200,29
334,55128004366,NEW,179,BUY,LIMIT,999400,25
335,55215412850,CANCEL,167,SELL,LIMIT,1000000,28
336,55484891873,NEW,180,SELL,LIMIT,1000200,31
337,55488283174,CANCEL,171,BUY,LIMIT,999000,34
338,55541448841,NEW,181,BUY,LIMIT,999600,35
339,56015066871,NEW,182,SELL,LIMIT,1000800,27
340,56058499917,NEW,183,SELL,LIMIT,1000800,26
341,56153810304,NEW,184,SELL,LIMIT,1000800,31
342,56232309290,NEW,185,SELL,LIMIT,1000300,30
343,56257815762,NEW,186,SELL,LIMIT,1001100,25
344,56273420237,NEW,187,BUY,LIMIT,998800,28
345,56338686750,NEW,188,SELL,LIMIT,1000400,27
346,56558729572,NEW,189,BUY,LIMIT,999100,47
347,56681795010,CANCEL,133,SELL,LIMIT,1000400,18
348,57055360238,CANCEL,184,SELL,LIMIT,1000800,31
349,57075687793,NEW,190,BUY,LIMIT,999000,25
350,57304280430,CANCEL,181,BUY,LIMIT,999600,35
351,57474586364,NEW,191,BUY,LIMIT,998900,31
352,57980689402,NEW,192,BUY,LIMIT,998700,27
353,58065909714,CANCEL,188,SELL,LIMIT,1000400,27
354,58898638919,NEW,193,BUY,LIMIT,998600,25
355,58903422236,CANCEL,190,BUY,LIMIT,999000,25
356,59371748200,CANCEL,187,BUY,LIMIT,998800,28
357,59480940658,CANCEL,189,BUY,LIMIT,999100,47
358,59491828424,CANCEL,192,BUY,LIMIT,998700,27
359,59514421675,CANCEL,178,SELL,LIMIT,1000800,30
360,59523941850,NEW,194,SELL,LIMIT,1000300,33
361,59692512916,NEW,195,BUY,LIMIT,998800,25
362,59706284280,NEW,196,SELL,LIMIT,1000200,29
363,59717977635,NEW,197,BUY,LIMIT,998400,30
364,59731784209,NEW,198,BUY,LIMIT,998600,26
365,59837965671,NEW,199,BUY,MARKET,,4
366,59837965671,REDUCE,143,SELL,LIMIT,999900,21
367,59874348305,NEW,200,BUY,LIMIT,999100,30
368,60188562632,NEW,201,SELL,LIMIT,1000200,40
369,60268623537,NEW,202,SELL,LIMIT,1000200,28
370,60327597831,NEW,203,BUY,LIMIT,998900,23
371,60602516800,CANCEL,173,SELL,LIMIT,1001100,30
372,60726713115,CANCEL,201,SELL,LIMIT,1000200,40
373,60838067646,CANCEL,159,SELL,LIMIT,1000400,28
374,61009701906,CANCEL,174,BUY,LIMIT,999000,32
375,61102900647,CANCEL,179,BUY,LIMIT,999400,25
376,61127232364,NEW,204,BUY,LIMIT,998400,27
377,61630632022,CANCEL,183,SELL,LIMIT,1000800,26
378,61633965736,NEW,205,BUY,LIMIT,999000,34
379,62016571254,CANCEL,182,SELL,LIMIT,1000800,27
380,62167227389,CANCEL,149,SELL,LIMIT,1000600,29
381,62190510781,CANCEL,36,BUY,LIMIT,998700,30
382,62688080310,NEW,206,BUY,LIMIT,998400,25
383,62779324064,CANCEL,206,BUY,LIMIT,998400,25
384,62783040674,NEW,207,BUY,LIMIT,999000,27
385,62834637783,NEW,208,BUY,LIMIT,998800,49
386,63069115883,CANCEL,177,BUY,LIMIT,998900,27
387,63323465329,CANCEL,165,SELL,LIMIT,1000300,24
388,63691684161,NEW,209,SELL,LIMIT,1000300,23
389,63725614246,NEW,210,BUY,LIMIT,998700,26
390,64021644404,CANCEL,194,SELL,LIMIT,1000300,33
391,64205879754,NEW,211,BUY,LIMIT,999100,31
392,64247248431,CANCEL,200,BUY,LIMIT,999100,30
393,64807639006,NEW,212,SELL,LIMIT,1000100,10
394,64846803706,NEW,213,SELL,LIMIT,1000200,31
395,64873441785,CANCEL,211,BUY,LIMIT,999100,31
396,65068419550,CANCEL,162,SELL,LIMIT,1000600,33
397,65298596449,NEW,214,SELL,LIMIT,1000000,45
398,65303306794,NEW,215,BUY,LIMIT,999100,30
399,65390022984,NEW,216,BUY,LIMIT,998800,10
400,65616300916,NEW,217,BUY,LIMIT,999000,31
401,65901113709,CANCEL,99,BUY,LIMIT,999000,23
402,66102770150,NEW,218,BUY,LIMIT,998600,17
403,66203939192,NEW,219,SELL,LIMIT,1000800,34
404,66857108182,CANCEL,160,SELL,LIMIT,1000500,35
405,66887345583,NEW,220,SELL,MARKET,,100
406,66887345583,CANCEL,134,BUY,LIMIT,999300,23
407,66887345583,CANCEL,154,BUY,LIMIT,999200,12
408,66887345583,CANCEL,156,BUY,LIMIT,999100,35
409,66887345583,CANCEL,215,BUY,LIMIT,999100,30
410,66895094663,NEW,221,BUY,LIMIT,999200,34
411,67078177857,CANCEL,217,BUY,LIMIT,999000,31
412,67233388255,NEW,222,SELL,LIMIT,999900,100
413,67494828571,NEW,223,BUY,LIMIT,999300,32
414,68075764473,NEW,224,SELL,LIMIT,1000800,28
415,68215559358,NEW,225,BUY,LIMIT,999100,25
416,68373541406,NEW,226,SELL,LIMIT,1000200,31
417,68374840547,CANCEL,186,SELL,LIMIT,1001100,25
418,68480191757,NEW,227,SELL,LIMIT,999500,25
419,68572994546,CANCEL,202,SELL,LIMIT,1000200,28
420,68589398482,CANCEL,227,SELL,LIMIT,999500,25
421,68672107559,CANCEL,153,BUY,LIMIT,999000,33
422,68726805153,NEW,228,BUY,LIMIT,999200,30
423,68993266769,CANCEL,216,BUY,LIMIT,998800,10
424,70015602450,CANCEL,222,SELL,LIMIT,999900,100
425,70063570290,NEW,229,BUY,LIMIT,999000,25
426,70072196178,NEW,230,SELL,LIMIT,1000800,30
427,70167243789,CANCEL,143,SELL,LIMIT,999900,21
428,70285094521,NEW,231,SELL,LIMIT,1000800,35
429,70551970736,NEW,232,SELL,LIMIT,1000300,32
430,70617284800,CANCEL,207,BUY,LIMIT,999000,27
431,70833511994,NEW,233,SELL,LIMIT,1000400,27
432,70939952333,CANCEL,175,BUY,LIMIT,998900,40
433,70976695769,CANCEL,231,SELL,LIMIT,1000800,35
434,71175139498,NEW,234,BUY,LIMIT,998800,29
435,71293317666,NEW,235,BUY,LIMIT,999100,40
436,71322524681,NEW,236,BUY,LIMIT,999200,40
437,71515873974,CANCEL,228,BUY,LIMIT,999200,30
438,71669401800,CANCEL,214,SELL,LIMIT,1000000,45
439,71881627297,CANCEL,234,BUY,LIMIT,998800,29
440,72240940226,CANCEL,205,BUY,LIMIT,999000,34
441,72362387083,NEW,237,BUY,LIMIT,999200,25
442,72598824664,NEW,238,BUY,LIMIT,998400,31
443,72785093814,CANCEL,191,BUY,LIMIT,998900,31
444,72875987763,CANCEL,235,BUY,LIMIT,999100,40
445,72913884524,NEW,239,SELL,LIMIT,999900,100
446,72999006375,NEW,240,BUY,LIMIT,999100,23
447,73060829888,CANCEL,197,BUY,LIMIT,998400,30
448,73228334249,NEW,241,BUY,LIMIT,998500,48
449,73281668741,NEW,242,BUY,LIMIT,998800,29
450,73374210563,CANCEL,229,BUY,LIMIT,999000,25
451,73500853912,NEW,243,BUY,LIMIT,999100,35
452,73519214632,NEW,244,SELL,LIMIT,1000600,47
453,73563386934,NEW,245,SELL,LIMIT,1000300,27
454,73932755747,NEW,246,SELL,LIMIT,1000200,30
455,73977835047,NEW,247,SELL,LIMIT,1000200,30
456,74006584934,NEW,248,BUY,LIMIT,998400,32
457,74032094841,CANCEL,244,SELL,LIMIT,1000600,47
458,74127685909,CANCEL,241,BUY,LIMIT,998500,48
459,74772654076,CANCEL,163,SELL,LIMIT,1000100,30
460,74794970284,CANCEL,246,SELL,LIMIT,1000200,30
461,75217304134,NEW,249,SELL,LIMIT,1000300,26
462,75634765720,CANCEL,237,BUY,LIMIT,999200,25
463,75654093719,CANCEL,198,BUY,LIMIT,998600,26
464,75960576314,CANCEL,243,BUY,LIMIT,999100,35
465,75991391280,CANCEL,233,SELL,LIMIT,1000400,27
466,76016517096,CANCEL,232,SELL,LIMIT,1000300,32
467,76306721682,CANCEL,239,SELL,LIMIT,999900,100
468,76465316384,NEW,250,BUY,LIMIT,999200,100
469,76591317627,NEW,251,BUY,LIMIT,998400,34
470,76866722704,NEW,252,BUY,LIMIT,998700,32
471,76993096281,NEW,253,BUY,LIMIT,998900,27
472,77033271596,NEW,254,SELL,LIMIT,999800,25
473,77036133973,CANCEL,180,SELL,LIMIT,1000200,31
474,77129627698,NEW,255,SELL,LIMIT,1000400,30
475,77186315080,NEW,256,SELL,LIMIT,1000100,32
476,77199403134,NEW,257,BUY,LIMIT,999500,100
477,77361462681,NEW,258,SELL,LIMIT,1000400,23
478,77471088689,NEW,259,SELL,LIMIT,1001000,28
479,77574263052,CANCEL,210,BUY,LIMIT,998700,26
480,77816813481,CANCEL,250,BUY,LIMIT,999200,100
481,77863140639,CANCEL,213,SELL,LIMIT,1000200,31
482,77964089686,CANCEL,245,SELL,LIMIT,1000300,27
483,78127292916,CANCEL,208,BUY,LIMIT,998800,49
484,78263429600,NEW,260,BUY,LIMIT,998600,30
485,78341223909,CANCEL,226,SELL,LIMIT,1000200,31
486,78893464749,NEW,261,BUY,LIMIT,999200,38
487,79181039928,NEW,262,BUY,LIMIT,998900,28
488,79505145551,NEW,263,SELL,LIMIT,999700,27
489,79579208804,NEW,264,BUY,LIMIT,998500,40
490,79954114076,NEW,265,SELL,LIMIT,999800,31
491,80087655358,NEW,266,BUY,LIMIT,998800,18
492,80205308380,NEW,267,BUY,LIMIT,999400,28
493,80282917394,CANCEL,204,BUY,LIMIT,998400,27
494,80467675097,NEW,268,BUY,LIMIT,998700,34
495,80480526542,CANCEL,253,BUY,LIMIT,998900,27
496,80603332279,CANCEL,240,BUY,LIMIT,999100,23
497,80628492853,NEW,269,BUY,LIMIT,998800,27
498,80667760754,CANCEL,264,BUY,LIMIT,998500,40
499,81050890862,CANCEL,268,BUY,LIMIT,998700,34
500,81204051715,NEW,270,SELL,LIMIT,1000500,44
501,81347501887,NEW,271,BUY,LIMIT,998200,32
502,81476559874,NEW,272,BUY,LIMIT,999300,30
503,81569746879,NEW,273,SELL,LIMIT,1000500,23
504,81800454538,NEW,274,SELL,LIMIT,999800,30
505,81801931970,CANCEL,247,SELL,LIMIT,1000200,30
506,81844538229,NEW,275,BUY,LIMIT,998700,25
507,81856223583,NEW,276,SELL,LIMIT,1000300,32
508,81871973405,NEW,277,BUY,LIMIT,998400,31
509,82038242333,NEW,278,SELL,LIMIT,1000600,32
510,82087629166,CANCEL,271,BUY,LIMIT,998200,32
511,82090902198,CANCEL,274,SELL,LIMIT,999800,30
512,82092548603,CANCEL,230,SELL,LIMIT,1000800,30
513,82549871534,CANCEL,270,SELL,LIMIT,1000500,44
514,82935418999,NEW,279,SELL,LIMIT,1000500,100
515,83019074401,NEW,280,SELL,LIMIT,1000200,28
516,83196666147,CANCEL,258,SELL,LIMIT,1000400,23
517,83201749408,NEW,281,SELL,LIMIT,1001000,28
518,83221919513,CANCEL,176,SELL,LIMIT,1000100,25
519,83246664108,NEW,282,SELL,LIMIT,1000300,25
520,83406962271,NEW,283,SELL,LIMIT,1000700,24
521,83523053001,CANCEL,263,SELL,LIMIT,999700,27
522,83701279861,CANCEL,256,SELL,LIMIT,1000100,32
523,83712996193,NEW,284,BUY,LIMIT,999000,32
524,83742698601,NEW,285,SELL,LIMIT,1000900,40
525,83855852436,NEW,286,BUY,LIMIT,998800,25
526,83868089873,NEW,287,SELL,LIMIT,1000500,27
527,84292940099,NEW,288,SELL,LIMIT,1000300,40
528,84468077272,CANCEL,273,SELL,LIMIT,1000500,23
529,84873157512,CANCEL,260,BUY,LIMIT,998600,30
530,84893393587,CANCEL,223,BUY,LIMIT,999300,32
531,85072851824,CANCEL,283,SELL,LIMIT,1000700,24
532,85238893960,NEW,289,BUY,LIMIT,999200,31
533,85245510434,CANCEL,284,BUY,LIMIT,999000,32
534,85423941628,NEW,290,SELL,LIMIT,999700,31
535,85580442356,CANCEL,280,SELL,LIMIT,1000200,28
536,85592213819,NEW,291,SELL,LIMIT,1000400,30
537,85621713756,CANCEL,251,BUY,LIMIT,998400,34
538,85661153088,CANCEL,278,SELL,LIMIT,1000600,32
539,85798188089,NEW,292,BUY,LIMIT,999100,35
540,85915863450,NEW,293,SELL,LIMIT,1000600,29
541,85940070577,CANCEL,252,BUY,LIMIT,998700,32
542,85954726557,CANCEL,275,BUY,LIMIT,998700,25
543,86158023500,NEW,294,BUY,LIMIT,998600,30
544,86191443791,CANCEL,242,BUY,LIMIT,998800,29
545,86293280614,NEW,295,BUY,LIMIT,998400,27
546,86387759673,NEW,296,SELL,LIMIT,1000600,24
547,86414473441,NEW,297,BUY,LIMIT,998900,28
548,86462533917,NEW,298,BUY,LIMIT,998900,28
549,86463838656,NEW,299,BUY,LIMIT,998900,32
550,86564070784,NEW,300,BUY,LIMIT,998200,28
551,86585077859,CANCEL,269,BUY,LIMIT,998800,27
552,86591940893,NEW,301,SELL,LIMIT,1000100,23
553,86684888373,CANCEL,262,BUY,LIMIT,998900,28
554,86693833546,CANCEL,209,SELL,LIMIT,1000300,23
555,87045619521,NEW,302,BUY,LIMIT,998800,24
556,87052079594,CANCEL,290,SELL,LIMIT,999700,31
557,87159714745,CANCEL,236,BUY,LIMIT,999200,40
558,87191596662,CANCEL,193,BUY,LIMIT,998600,25
559,87288245169,CANCEL,195,BUY,LIMIT,998800,25
560,87383886169,CANCEL,294,BUY,LIMIT,998600,30
561,87648025201,NEW,303,BUY,LIMIT,998900,26
562,87901736566,CANCEL,248,BUY,LIMIT,998400,32
563,88167066599,CANCEL,224,SELL,LIMIT,1000800,28
564,88272811317,NEW,304,SELL,LIMIT,1001000,29
565,88569197247,CANCEL,238,BUY,LIMIT,998400,31
566,88598044938,CANCEL,279,SELL,LIMIT,1000500,100
567,88897333119,CANCEL,219,SELL,LIMIT,1000800,34
568,88982247162,CANCEL,300,BUY,LIMIT,998200,28
569,89369125580,NEW,305,SELL,LIMIT,1000700,31
570,89516055859,CANCEL,301,SELL,LIMIT,1000100,23
571,89663514592,CANCEL,277,BUY,LIMIT,998400,31
572,89696320761,NEW,306,SELL,LIMIT,1000500,30
573,89886055357,NEW,307,SELL,LIMIT,1001000,30
574,90024837016,CANCEL,261,BUY,LIMIT,999200,38
575,90048501367,CANCEL,287,SELL,LIMIT,1000500,27
576,90064536244,NEW,308,SELL,LIMIT,1000500,25
577,90391627537,NEW,309,BUY,LIMIT,999500,31
578,90492604369,NEW,310,BUY,LIMIT,999000,23
579,90821271341,CANCEL,255,SELL,LIMIT,1000400,30
580,90973828707,CANCEL,308,SELL,LIMIT,1000500,25
581,91152041657,CANCEL,272,BUY,LIMIT,999300,30
582,91465721829,NEW,311,SELL,LIMIT,1000600,24
583,91617944019,NEW,312,BUY,LIMIT,999100,45
584,92031164815,CANCEL,307,SELL,LIMIT,1001000,30
585,92053546255,NEW,313,SELL,LIMIT,1001000,24
586,92251033357,CANCEL,299,BUY,LIMIT,998900,32
587,92760633000,NEW,314,BUY,LIMIT,999500,32
588,92842014887,CANCEL,312,BUY,LIMIT,999100,45
589,92920811498,NEW,315,BUY,LIMIT,998900,26
590,93149250175,NEW,316,BUY,LIMIT,998900,14
591,93311135095,NEW,317,SELL,LIMIT,1000500,27
592,93354684505,NEW,318,BUY,LIMIT,999500,32
593,93375647665,CANCEL,257,BUY,LIMIT,999500,100
594,93417096228,NEW,319,BUY,LIMIT,999400,40
595,93849874116,CANCEL,297,BUY,LIMIT,998900,28
596,93864866357,CANCEL,309,BUY,LIMIT,999500,31
597,93936858384,NEW,320,SELL,LIMIT,999900,34
598,94088078839,CANCEL,305,SELL,LIMIT,1000700,31
599,94104540451,NEW,321,BUY,LIMIT,998600,5
600,94160537300,NEW,322,SELL,LIMIT,1000200,25
601,94276348603,NEW,323,BUY,LIMIT,998500,28
602,94324271466,CANCEL,310,BUY,LIMIT,999000,23
603,94549233848,CANCEL,170,SELL,LIMIT,999900,34
604,94672253346,CANCEL,306,SELL,LIMIT,1000500,30
605,94797924392,CANCEL,292,BUY,LIMIT,999100,35
606,94822367375,NEW,324,SELL,LIMIT,1000500,24
607,95025121063,NEW,325,BUY,LIMIT,999200,24
608,95328262054,NEW,326,SELL,LIMIT,1000300,30
609,95378926981,NEW,327,BUY,LIMIT,999000,2
610,95759954870,NEW,328,SELL,LIMIT,1000500,32
611,96591100200,NEW,329,BUY,LIMIT,999000,30
612,96598157663,CANCEL,286,BUY,LIMIT,998800,25
613,96625721348,NEW,330,BUY,LIMIT,998300,27
614,96748306920,CANCEL,293,SELL,LIMIT,1000600,29
615,96821589897,CANCEL,225,BUY,LIMIT,999100,25
616,96855062408,CANCEL,203,BUY,LIMIT,998900,23
617,96924434063,CANCEL,328,SELL,LIMIT,1000500,32
618,96935299035,NEW,331,BUY,LIMIT,999300,31
619,97122608704,NEW,332,SELL,LIMIT,1000200,36
620,97621697753,NEW,333,BUY,MARKET,,300
621,97621697753,CANCEL,254,SELL,LIMIT,999800,25
622,97621697753,CANCEL,265,SELL,LIMIT,999800,31
623,97621697753,CANCEL,320,SELL,LIMIT,999900,34
624,97621697753,CANCEL,212,SELL,LIMIT,1000100,10
625,97621697753,CANCEL,196,SELL,LIMIT,1000200,29
626,97621697753,CANCEL,322,SELL,LIMIT,1000200,25
627,97621697753,CANCEL,332,SELL,LIMIT,1000200,36
628,97621697753,CANCEL,185,SELL,LIMIT,1000300,30
629,97621697753,CANCEL,249,SELL,LIMIT,1000300,26
630,97621697753,CANCEL,276,SELL,LIMIT,1000300,32
631,97621697753,REDUCE,282,SELL,LIMIT,1000300,3
632,98295832509,CANCEL,325,BUY,LIMIT,999200,24
633,98407232736,NEW,334,BUY,LIMIT,999300,30
634,98540526625,CANCEL,288,SELL,LIMIT,1000300,40
635,98675122424,NEW,335,BUY,LIMIT,999300,30
636,98765964417,CANCEL,302,BUY,LIMIT,998800,24
637,98859758437,NEW,336,BUY,LIMIT,999600,26
638,98916797267,CANCEL,311,SELL,LIMIT,1000600,24
639,99094342318,NEW,337,SELL,LIMIT,1000300,23
640,99157861969,NEW,338,SELL,LIMIT,1000600,19
641,99334309350,NEW,339,BUY,LIMIT,999500,33
642,99687594727,NEW,340,SELL,LIMIT,1000500,24
643,99973435433,CANCEL,285,SELL,LIMIT,1000900,40
644,99992845060,NEW,341,SELL,LIMIT,1001100,27
645,100227663274,NEW,342,SELL,LIMIT,1000300,17
646,100572895227,CANCEL,303,BUY,LIMIT,998900,26
647,100816094079,NEW,343,BUY,LIMIT,999400,45
648,100944109770,CANCEL,324,SELL,LIMIT,1000500,24
649,101123020717,CANCEL,313,SELL,LIMIT,1001000,24
650,101290249534,CANCEL,335,BUY,LIMIT,999300,30
651,101426930245,NEW,344,SELL,MARKET,,235
652,101426930245,CANCEL,336,BUY,LIMIT,999600,26
653,101426930245,CANCEL,314,BUY,LIMIT,999500,32
654,101426930245,CANCEL,318,BUY,LIMIT,999500,32
655,101426930245,CANCEL,339,BUY,LIMIT,999500,33
656,101426930245,CANCEL,267,BUY,LIMIT,999400,28
657,101426930245,CANCEL,319,BUY,LIMIT,999400,40
658,101426930245,REDUCE,343,BUY,LIMIT,999400,1
659,101687959171,CANCEL,259,SELL,LIMIT,1001000,28
660,101890200204,NEW,345,BUY,LIMIT,999400,25
661,102134129046,NEW,346,SELL,LIMIT,1000300,300
662,102146476591,NEW,347,BUY,LIMIT,999200,500
663,102271506065,NEW,348,SELL,LIMIT,1000500,31
664,102871019890,CANCEL,281,SELL,LIMIT,1001000,28
665,102928171533,CANCEL,340,SELL,LIMIT,1000500,24
666,103009329879,NEW,349,BUY,LIMIT,998800,27
667,103094044080,CANCEL,348,SELL,LIMIT,1000500,31
668,103178036769,CANCEL,347,BUY,LIMIT,999200,500
669,103236500688,NEW,350,SELL,LIMIT,1000200,29
670,103249873351,NEW,351,BUY,LIMIT,999200,26
671,103689649757,NEW,352,BUY,LIMIT,999300,28
672,103940836803,NEW,353,BUY,LIMIT,999500,25
673,104052147411,CANCEL,329,BUY,LIMIT,999000,30
674,104561359243,CANCEL,334,BUY,LIMIT,999300,30
675,104737794956,NEW,354,BUY,LIMIT,999200,31
676,104838198713,CANCEL,341,SELL,LIMIT,1001100,27
677,104870323452,NEW,355,SELL,LIMIT,1000600,40
678,104927187413,CANCEL,350,SELL,LIMIT,1000200,29
679,104970489814,NEW,356,SELL,LIMIT,1000400,5
680,105255417952,CANCEL,315,BUY,LIMIT,998900,26
681,105329224122,NEW,357,SELL,LIMIT,1000300,1
682,105374250289,CANCEL,346,SELL,LIMIT,1000300,300
683,105377829598,CANCEL,289,BUY,LIMIT,999200,31
684,105471488628,NEW,358,BUY,LIMIT,999200,100
685,106018899428,CANCEL,323,BUY,LIMIT,998500,28
686,106124318077,NEW,359,SELL,LIMIT,1001000,24
687,106212353005,CANCEL,304,SELL,LIMIT,1001000,29
688,106428530939,NEW,360,SELL,LIMIT,1000300,29
689,106459928973,CANCEL,358,BUY,LIMIT,999200,100
690,106576271841,CANCEL,295,BUY,LIMIT,998400,27
691,107519483503,NEW,361,SELL,LIMIT,1000500,25
692,107569965830,NEW,362,BUY,MARKET,,69
693,107569965830,CANCEL,282,SELL,LIMIT,1000300,3
694,107569965830,CANCEL,326,SELL,LIMIT,1000300,30
695,107569965830,CANCEL,337,SELL,LIMIT,1000300,23
696,107569965830,REDUCE,342,SELL,LIMIT,1000300,4
697,107595865045,NEW,363,SELL,LIMIT,1001000,27
698,107661484828,NEW,364,SELL,LIMIT,1000600,28
699,107730705981,NEW,365,SELL,LIMIT,1000200,48
700,108074342764,CANCEL,298,BUY,LIMIT,998900,28
701,108078001796,CANCEL,353,BUY,LIMIT,999500,25
702,108468974640,NEW,366,BUY,LIMIT,999400,40
703,108628711991,NEW,367,BUY,LIMIT,999400,30
704,108761914254,CANCEL,291,SELL,LIMIT,1000400,30
705,108978132032,NEW,368,BUY,LIMIT,999300,30
706,109216948855,CANCEL,366,BUY,LIMIT,999400,40
707,109222925318,CANCEL,218,BUY,LIMIT,998600,17
708,110321178426,NEW,369,SELL,LIMIT,1000600,10
709,110595680081,NEW,370,BUY,LIMIT,999300,40
710,110640553089,NEW,371,BUY,LIMIT,998700,26
711,110738775422,NEW,372,BUY,LIMIT,999200,29
712,111035628527,NEW,373,BUY,LIMIT,999500,47
713,111157721939,CANCEL,360,SELL,LIMIT,1000300,29
714,111238621655,NEW,374,BUY,LIMIT,999400,29
715,111283035610,CANCEL,349,BUY,LIMIT,998800,27
716,111375266575,NEW,375,BUY,LIMIT,999200,45
717,111388774392,NEW,376,SELL,LIMIT,1000300,23
718,111562263747,CANCEL,367,BUY,LIMIT,999400,30
719,111732663713,CANCEL,338,SELL,LIMIT,1000600,19
720,111768840125,NEW,377,BUY,LIMIT,999500,33
721,111932882460,NEW,378,BUY,LIMIT,999900,30
722,112190658372,CANCEL,376,SELL,LIMIT,1000300,23
723,112698751451,NEW,379,BUY,LIMIT,999400,25
724,113290109220,NEW,380,BUY,LIMIT,999000,29
725,113356708556,NEW,381,SELL,LIMIT,1001400,26
726,113709368099,CANCEL,351,BUY,LIMIT,999200,26
727,113736704210,NEW,382,BUY,LIMIT,999400,30
728,113737764491,CANCEL,370,BUY,LIMIT,999300,40
729,113789434355,CANCEL,355,SELL,LIMIT,1000600,40
730,113888751762,CANCEL,375,BUY,LIMIT,999200,45
731,113912486927,NEW,383,BUY,LIMIT,999000,35
732,114012023149,NEW,384,SELL,LIMIT,1000300,25
733,114069043514,CANCEL,327,BUY,LIMIT,999000,2
734,114201651578,CANCEL,316,BUY,LIMIT,998900,14
735,114357194353,NEW,385,SELL,LIMIT,1000700,40
736,114707141877,NEW,386,SELL,LIMIT,1001400,35
737,114734160232,CANCEL,385,SELL,LIMIT,1000700,40
738,114806443770,CANCEL,331,BUY,LIMIT,999300,31
739,114809154148,NEW,387,SELL,LIMIT,1001200,30
740,115068017223,CANCEL,386,SELL,LIMIT,1001400,35
741,115071553990,NEW,388,BUY,LIMIT,999300,25
742,115250609252,NEW,389,SELL,LIMIT,1001400,25
743,115334912108,NEW,390,SELL,LIMIT,1001000,28
744,115341952391,CANCEL,221,BUY,LIMIT,999200,34
745,115745173726,CANCEL,365,SELL,LIMIT,1000200,48
746,115781434885,NEW,391,BUY,MARKET,,27
747,115781434885,CANCEL,342,SELL,LIMIT,1000300,4
748,115781434885,CANCEL,357,SELL,LIMIT,1000300,1
749,115781434885,REDUCE,384,SELL,LIMIT,1000300,3
750,116683380768,CANCEL,364,SELL,LIMIT,1000600,28
751,116796275665,CANCEL,378,BUY,LIMIT,999900,30
752,116915789452,NEW,392,SELL,LIMIT,1000300,24
753,117270491922,CANCEL,372,BUY,LIMIT,999200,29
754,117294676000,CANCEL,363,SELL,LIMIT,1001000,27
755,117320921323,NEW,393,BUY,LIMIT,998800,40
756,117419123123,CANCEL,389,SELL,LIMIT,1001400,25
757,117507034054,NEW,394,BUY,LIMIT,999700,23
758,117846018552,CANCEL,368,BUY,LIMIT,999300,30
759,117893149084,NEW,395,BUY,LIMIT,999500,25
760,118114271515,NEW,396,SELL,LIMIT,1000500,100
761,118190669123,CANCEL,381,SELL,LIMIT,1001400,26
762,118293781982,NEW,397,BUY,LIMIT,999300,40
763,118829207335,NEW,398,BUY,LIMIT,999300,30
764,119035631316,NEW,399,BUY,LIMIT,999300,30
765,119135926590,CANCEL,383,BUY,LIMIT,999000,35
766,119266893974,NEW,400,BUY,LIMIT,999600,26
767,119290680835,NEW,401,BUY,LIMIT,999600,29
768,119524928847,CANCEL,399,BUY,LIMIT,999300,30
769,119570800125,NEW,402,BUY,LIMIT,999400,40
770,119740728968,NEW,403,SELL,LIMIT,1001200,30
771,119985632751,NEW,404,SELL,LIMIT,1000500,44
772,120170999612,CANCEL,393,BUY,LIMIT,998800,40
773,120666369975,CANCEL,345,BUY,LIMIT,999400,25
774,120834380243,CANCEL,369,SELL,LIMIT,1000600,10
775,120842427596,CANCEL,330,BUY,LIMIT,998300,27
776,120848908249,CANCEL,352,BUY,LIMIT,999300,28
777,120879722768,NEW,405,BUY,LIMIT,999300,25
778,120961229131,NEW,406,SELL,LIMIT,1000000,32
779,121185704674,NEW,407,BUY,LIMIT,998700,20
780,121276058431,NEW,408,BUY,LIMIT,999400,33
781,121521502990,CANCEL,392,SELL,LIMIT,1000300,24
782,121803760111,CANCEL,406,SELL,LIMIT,1000000,32
783,121906202315,NEW,409,SELL,LIMIT,1000100,30
784,121965672875,CANCEL,387,SELL,LIMIT,1001200,30
785,122113552742,CANCEL,373,BUY,LIMIT,999500,47
786,122224688675,CANCEL,403,SELL,LIMIT,1001200,30
787,122300838654,NEW,410,SELL,LIMIT,1000800,27
788,122328326078,NEW,411,SELL,LIMIT,1000000,30
789,122349126094,CANCEL,402,BUY,LIMIT,999400,40
790,122844174474,NEW,412,BUY,LIMIT,999700,25
791,123022926778,NEW,413,BUY,LIMIT,998900,25
792,123061139924,CANCEL,396,SELL,LIMIT,1000500,100
793,123077586247,CANCEL,354,BUY,LIMIT,999200,31
794,123175802812,NEW,414,BUY,LIMIT,998900,28
795,123191736521,CANCEL,374,BUY,LIMIT,999400,29
796,123302076529,CANCEL,359,SELL,LIMIT,1001000,24
797,123363272092,NEW,415,SELL,LIMIT,1000400,26
798,123374251704,CANCEL,408,BUY,LIMIT,999400,33
799,123637434846,NEW,416,SELL,LIMIT,1000700,45
800,123682717514,NEW,417,BUY,LIMIT,998800,48
801,123776267168,NEW,418,BUY,LIMIT,999100,47
802,123857450822,NEW,419,BUY,LIMIT,998900,24
803,123873634429,CANCEL,404,SELL,LIMIT,1000500,44
804,124078807409,CANCEL,317,SELL,LIMIT,1000500,27
805,124082371965,NEW,420,SELL,LIMIT,1000500,25
806,124211371681,CANCEL,377,BUY,LIMIT,999500,33
807,124249297851,CANCEL,395,BUY,LIMIT,999500,25
808,124374944052,NEW,421,SELL,LIMIT,1000400,29
809,125054774079,CANCEL,382,BUY,LIMIT,999400,30
810,125138425243,NEW,422,BUY,LIMIT,999200,31
811,125157071062,NEW,423,BUY,LIMIT,999700,40
812,125521532989,CANCEL,416,SELL,LIMIT,1000700,45
813,125837246346,CANCEL,266,BUY,LIMIT,998800,18
814,125911097161,NEW,424,SELL,LIMIT,1000500,500
815,125991630683,CANCEL,388,BUY,LIMIT,999300,25
816,126064365237,NEW,425,SELL,LIMIT,1001000,30
817,126094374161,CANCEL,422,BUY,LIMIT,999200,31
818,126706926056,CANCEL,423,BUY,LIMIT,999700,40
819,126754852239,CANCEL,424,SELL,LIMIT,1000500,500
820,126833883803,CANCEL,398,BUY,LIMIT,999300,30
821,126863139133,NEW,426,SELL,LIMIT,1000700,40
822,127251173247,NEW,427,SELL,LIMIT,1000500,29
823,127560298735,NEW,428,SELL,LIMIT,1001200,31
824,127850593381,CANCEL,390,SELL,LIMIT,1001000,28
825,127954908092,CANCEL,428,SELL,LIMIT,1001200,31
826,128103541484,NEW,429,BUY,LIMIT,999200,24
827,128343806151,NEW,430,BUY,LIMIT,999100,27
828,128367123226,CANCEL,380,BUY,LIMIT,999000,29
829,128371335140,NEW,431,SELL,LIMIT,1001200,30
830,128766819602,NEW,432,BUY,LIMIT,999200,25
831,128876153225,CANCEL,418,BUY,LIMIT,999100,47
832,129594724453,NEW,433,BUY,LIMIT,999300,33
833,129704686200,CANCEL,384,SELL,LIMIT,1000300,3
834,129942264096,NEW,434,BUY,LIMIT,998900,25
835,130068600747,CANCEL,431,SELL,LIMIT,1001200,30
836,130123781994,NEW,435,BUY,LIMIT,999300,16
837,130307076838,NEW,436,BUY,LIMIT,999100,29
838,130313093637,NEW,437,SELL,LIMIT,1000600,35
839,130320524127,CANCEL,419,BUY,LIMIT,998900,24
840,130536150527,CANCEL,405,BUY,LIMIT,999300,25
841,130758748237,NEW,438,SELL,LIMIT,1000500,33
842,130904875933,NEW,439,SELL,LIMIT,1000700,25
843,131043774173,NEW,440,BUY,LIMIT,998500,17
844,131070605638,NEW,441,SELL,LIMIT,1000400,30
845,131488018293,CANCEL,435,BUY,LIMIT,999300,16
846,131662835466,CANCEL,425,SELL,LIMIT,1001000,30
847,131717561108,CANCEL,397,BUY,LIMIT,999300,40
848,131780304897,CANCEL,429,BUY,LIMIT,999200,24
849,131906051697,NEW,442,BUY,LIMIT,999300,32
850,131921104812,NEW,443,BUY,LIMIT,999000,45
851,132012246526,CANCEL,414,BUY,LIMIT,998900,28
852,132018443277,CANCEL,443,BUY,LIMIT,999000,45
853,132409951496,CANCEL,433,BUY,LIMIT,999300,33
854,132495704087,CANCEL,421,SELL,LIMIT,1000400,29
855,132522048153,NEW,444,BUY,LIMIT,999600,28
856,132662410811,NEW,445,SELL,LIMIT,1000400,28
857,132888562233,CANCEL,415,SELL,LIMIT,1000400,26
858,132888859486,NEW,446,SELL,LIMIT,1000600,29
859,133046445052,CANCEL,417,BUY,LIMIT,998800,48
860,133163291298,CANCEL,446,SELL,LIMIT,1000600,29
861,133490642567,NEW,447,SELL,LIMIT,1000600,35
862,133535584717,NEW,448,SELL,LIMIT,1001200,25
863,133621831665,CANCEL,394,BUY,LIMIT,999700,23
864,134063651017,NEW,449,BUY,LIMIT,999200,35
865,134291070231,CANCEL,437,SELL,LIMIT,1000600,35
866,134553773118,NEW,450,BUY,LIMIT,999200,35
867,134572786130,CANCEL,410,SELL,LIMIT,1000800,27
868,134579913631,CANCEL,434,BUY,LIMIT,998900,25
869,134726947642,NEW,451,BUY,LIMIT,998500,25
870,134834262463,CANCEL,427,SELL,LIMIT,1000500,29
871,135465335717,CANCEL,442,BUY,LIMIT,999300,32
872,135741085271,CANCEL,451,BUY,LIMIT,998500,25
873,136025397458,NEW,452,BUY,LIMIT,999300,38
874,136175552289,CANCEL,413,BUY,LIMIT,998900,25
875,136183822342,CANCEL,401,BUY,LIMIT,999600,29
876,136263706751,NEW,453,BUY,LIMIT,998900,25
877,136504443760,NEW,454,BUY,LIMIT,998500,34
878,136508142618,CANCEL,430,BUY,LIMIT,999100,27
879,136556481215,NEW,455,BUY,LIMIT,999500,26
880,136629553676,NEW,456,BUY,LIMIT,999600,40
881,136896444136,CANCEL,420,SELL,LIMIT,1000500,25
882,137117832675,CANCEL,450,BUY,LIMIT,999200,35
883,137526121610,NEW,457,SELL,LIMIT,1001200,40
884,137558829446,CANCEL,412,BUY,LIMIT,999700,25
885,137642940436,CANCEL,441,SELL,LIMIT,1000400,30
886,138339897285,CANCEL,426,SELL,LIMIT,1000700,40
887,138397805668,NEW,458,BUY,LIMIT,998500,30
888,138404628201,NEW,459,BUY,LIMIT,999000,27
889,138475264733,NEW,460,BUY,LIMIT,999400,34
890,138514991503,CANCEL,440,BUY,LIMIT,998500,17
891,138571390314,NEW,461,SELL,LIMIT,1000500,47
892,138647235704,NEW,462,BUY,LIMIT,999700,25
893,138691004799,CANCEL,452,BUY,LIMIT,999300,38
894,138768881912,NEW,463,SELL,LIMIT,1000600,40
895,138903806848,CANCEL,447,SELL,LIMIT,1000600,35
896,139025736196,NEW,464,SELL,LIMIT,1000700,28
897,139051775658,NEW,465,SELL,LIMIT,1000800,23
898,139257384941,CANCEL,457,SELL,LIMIT,1001200,40
899,139382133440,NEW,466,BUY,LIMIT,998900,29
900,139988040736,CANCEL,371,BUY,LIMIT,998700,26
901,140242992117,NEW,467,BUY,LIMIT,999100,25
902,140476375066,NEW,468,BUY,LIMIT,999700,10
903,140548020812,CANCEL,411,SELL,LIMIT,1000000,30
904,140863425731,CANCEL,461,SELL,LIMIT,1000500,47
905,141003264387,CANCEL,407,BUY,LIMIT,998700,20
906,141014632044,NEW,469,BUY,LIMIT,999100,40
907,141061065635,NEW,470,BUY,LIMIT,999000,40
908,141092554486,CANCEL,470,BUY,LIMIT,999000,40
909,141193259650,CANCEL,469,BUY,LIMIT,999100,40
910,141264336305,NEW,471,BUY,LIMIT,999100,30
911,141275177490,CANCEL,361,SELL,LIMIT,1000500,25
912,141297773241,CANCEL,458,BUY,LIMIT,998500,30
913,141515551613,NEW,472,BUY,LIMIT,999200,4
914,141590486461,CANCEL,456,BUY,LIMIT,999600,40
915,142119570377,NEW,473,BUY,LIMIT,998800,24
916,142621050603,CANCEL,438,SELL,LIMIT,1000500,33
917,142957377179,NEW,474,SELL,LIMIT,1000600,23
918,143082723409,CANCEL,467,BUY,LIMIT,999100,25
919,143096032513,NEW,475,SELL,LIMIT,1000800,40
920,143166676490,CANCEL,296,SELL,LIMIT,1000600,24
921,143334188587,CANCEL,455,BUY,LIMIT,999500,26
922,143395610064,NEW,476,BUY,LIMIT,999200,29
923,143428356533,CANCEL,464,SELL,LIMIT,1000700,28
924,143756585928,CANCEL,449,BUY,LIMIT,999200,35
925,143992655608,CANCEL,462,BUY,LIMIT,999700,25
926,144038844411,NEW,477,BUY,LIMIT,999200,25
927,144077062959,NEW,478,SELL,LIMIT,1000500,25
928,144180457935,NEW,479,SELL,LIMIT,1000800,32
929,144711352732,NEW,480,BUY,LIMIT,999300,25
930,144736010415,NEW,481,BUY,LIMIT,998800,23
931,144755988297,CANCEL,459,BUY,LIMIT,999000,27
932,144822032381,NEW,482,SELL,LIMIT,1001200,32
933,145019041689,CANCEL,465,SELL,LIMIT,1000800,23
934,145036640929,CANCEL,321,BUY,LIMIT,998600,5
935,145092844744,NEW,483,SELL,LIMIT,1000800,40
936,145640487896,CANCEL,466,BUY,LIMIT,998900,29
937,146039207747,NEW,484,SELL,LIMIT,1000300,45
938,146060129971,NEW,485,BUY,LIMIT,998600,24
939,146107668640,NEW,486,BUY,LIMIT,999300,29
940,146226345598,NEW,487,SELL,LIMIT,1000400,32
941,146299804386,CANCEL,473,BUY,LIMIT,998800,24
942,146475532620,NEW,488,BUY,LIMIT,999500,45
943,146578563748,CANCEL,482,SELL,LIMIT,1001200,32
944,146789983626,CANCEL,475,SELL,LIMIT,1000800,40
945,147151849642,NEW,489,BUY,LIMIT,999300,32
946,147212560901,NEW,490,BUY,LIMIT,999500,8
947,147298304233,CANCEL,444,BUY,LIMIT,999600,28
948,147587968798,NEW,491,SELL,LIMIT,999900,44
949,147612776047,NEW,492,BUY,LIMIT,998700,32
950,147667051337,NEW,493,SELL,LIMIT,1000900,24
951,148274566995,NEW,494,BUY,LIMIT,999200,33
952,148492161689,CANCEL,471,BUY,LIMIT,999100,30
953,148793792176,NEW,495,BUY,LIMIT,998700,27
954,148794405877,NEW,496,BUY,LIMIT,998900,33
955,148840626206,CANCEL,477,BUY,LIMIT,999200,25
956,149015981826,CANCEL,491,SELL,LIMIT,999900,44
957,149112043418,CANCEL,436,BUY,LIMIT,999100,29
958,149166014847,CANCEL,445,SELL,LIMIT,1000400,28
959,149169531498,NEW,497,SELL,LIMIT,1000400,24
960,149595317899,CANCEL,409,SELL,LIMIT,1000100,30
961,149752489489,NEW,498,BUY,LIMIT,999200,32
962,149776311127,CANCEL,474,SELL,LIMIT,1000600,23
963,149988756575,CANCEL,494,BUY,LIMIT,999200,33
964,150161986321,NEW,499,BUY,LIMIT,999900,25
965,150169871164,CANCEL,454,BUY,LIMIT,998500,34
966,150588880160,NEW,500,SELL,LIMIT,1000300,26
967,150684670494,CANCEL,490,BUY,LIMIT,999500,8
968,151260451912,NEW,501,BUY,LIMIT,999600,28
969,151283006963,NEW,502,BUY,LIMIT,999300,27
970,151392853982,CANCEL,481,BUY,LIMIT,998800,23
971,151495169613,CANCEL,479,SELL,LIMIT,1000800,32
972,151625588179,CANCEL,489,BUY,LIMIT,999300,32
973,151655427033,CANCEL,460,BUY,LIMIT,999400,34
974,152317927042,CANCEL,487,SELL,LIMIT,1000400,32
975,152375151131,CANCEL,488,BUY,LIMIT,999500,45
976,152425747233,NEW,503,SELL,LIMIT,1000700,30
977,152615085937,NEW,504,SELL,LIMIT,1001100,38
978,152790326615,CANCEL,483,SELL,LIMIT,1000800,40
979,152822620289,CANCEL,492,BUY,LIMIT,998700,32
980,152854725931,NEW,505,SELL,LIMIT,1000500,32
981,152878232388,NEW,506,SELL,LIMIT,1000900,23
982,153019935825,NEW,507,SELL,LIMIT,1000800,25
983,153127078685,NEW,508,SELL,LIMIT,1000700,34
984,153193691741,CANCEL,463,SELL,LIMIT,1000600,40
985,153263325831,CANCEL,485,BUY,LIMIT,998600,24
986,153341211656,NEW,509,SELL,LIMIT,1000700,32
987,153843664764,NEW,510,BUY,LIMIT,999200,28
988,153936431889,NEW,511,SELL,LIMIT,1000700,30
989,154213752967,CANCEL,448,SELL,LIMIT,1001200,25
990,154325378490,NEW,512,SELL,LIMIT,1001400,45
991,154634999436,CANCEL,476,BUY,LIMIT,999200,29
992,155039169649,CANCEL,498,BUY,LIMIT,999200,32
993,155060462963,NEW,513,SELL,LIMIT,1000700,100
994,155119982234,NEW,514,SELL,LIMIT,1001400,25
995,155135311927,CANCEL,486,BUY,LIMIT,999300,29
996,155274994073,CANCEL,513,SELL,LIMIT,1000700,100
997,155372342611,CANCEL,500,SELL,LIMIT,1000300,26
998,155536411421,CANCEL,514,SELL,LIMIT,1001400,25
999,155600272058,CANCEL,502,BUY,LIMIT,999300,27
1000,155700319171,NEW,515,SELL,LIMIT,1001000,49
1001,155745792850,NEW,516,SELL,LIMIT,1000600,30
1002,155768513929,CANCEL,484,SELL,LIMIT,1000300,45
1003,155927493890,NEW,517,SELL,LIMIT,1000700,11
1004,155989617569,CANCEL,512,SELL,LIMIT,1001400,45
1005,156226524787,NEW,518,BUY,LIMIT,999600,24
1006,156430094688,NEW,519,SELL,LIMIT,1000900,28
1007,156506791781,CANCEL,511,SELL,LIMIT,1000700,30
1008,156521131069,NEW,520,SELL,LIMIT,1000600,23
1009,156588825749,NEW,521,SELL,LIMIT,1000800,32
1010,156628114957,CANCEL,507,SELL,LIMIT,1000800,25
1011,156639561571,NEW,522,BUY,LIMIT,999600,16
1012,156742245511,CANCEL,497,SELL,LIMIT,1000400,24
1013,156975041460,NEW,523,BUY,LIMIT,999400,49
1014,157044599670,NEW,524,BUY,LIMIT,999400,30
1015,157108379491,NEW,525,SELL,LIMIT,1000800,30
1016,157504372432,CANCEL,453,BUY,LIMIT,998900,25
1017,157946360676,NEW,526,BUY,LIMIT,999900,23
1018,158109257917,CANCEL,480,BUY,LIMIT,999300,25
1019,158294406256,CANCEL,496,BUY,LIMIT,998900,33
1020,158542388323,NEW,527,BUY,LIMIT,999600,5
1021,158937623082,NEW,528,BUY,LIMIT,999600,25
1022,158970638285,NEW,529,SELL,LIMIT,1000900,32
1023,159075763707,CANCEL,523,BUY,LIMIT,999400,49
1024,159265788490,CANCEL,509,SELL,LIMIT,1000700,32
1025,159283653493,NEW,530,SELL,LIMIT,1000800,26
1026,159365078001,CANCEL,519,SELL,LIMIT,1000900,28
1027,159501721653,NEW,531,SELL,LIMIT,1001400,40
1028,159624309070,NEW,532,BUY,LIMIT,999200,100
1029,159811128386,CANCEL,531,SELL,LIMIT,1001400,40
1030,160152713622,CANCEL,532,BUY,LIMIT,999200,100
1031,160254233434,CANCEL,525,SELL,LIMIT,1000800,30
1032,160661963426,NEW,533,BUY,LIMIT,999100,30
1033,160695412214,CANCEL,524,BUY,LIMIT,999400,30
1034,160923423000,NEW,534,SELL,LIMIT,1000500,27
1035,161270458843,NEW,535,BUY,LIMIT,999700,26
1036,161272973189,CANCEL,495,BUY,LIMIT,998700,27
1037,161296809133,NEW,536,BUY,LIMIT,999300,40
1038,161396294593,NEW,537,SELL,LIMIT,1000900,23
1039,161626144739,CANCEL,520,SELL,LIMIT,1000600,23
1040,161758074645,CANCEL,526,BUY,LIMIT,999900,23
1041,161839009795,NEW,538,SELL,LIMIT,1000900,30
1042,161966669141,NEW,539,BUY,LIMIT,998900,35
1043,163443187628,CANCEL,504,SELL,LIMIT,1001100,38
1044,163544747583,NEW,540,BUY,LIMIT,998900,20
1045,163629367361,NEW,541,BUY,LIMIT,1000100,35
1046,163631541077,NEW,542,SELL,LIMIT,1000800,30
1047,163774545018,CANCEL,521,SELL,LIMIT,1000800,32
1048,163909554452,NEW,543,SELL,MARKET,,100
1049,163909554452,CANCEL,541,BUY,LIMIT,1000100,35
1050,163909554452,CANCEL,499,BUY,LIMIT,999900,25
1051,163909554452,CANCEL,468,BUY,LIMIT,999700,10
1052,163909554452,CANCEL,535,BUY,LIMIT,999700,26
1053,163909554452,REDUCE,400,BUY,LIMIT,999600,22
1054,164382753759,NEW,544,BUY,LIMIT,999400,27
1055,164389456470,NEW,545,BUY,LIMIT,999600,28
1056,164424563864,CANCEL,533,BUY,LIMIT,999100,30
1057,164753995679,NEW,546,SELL,LIMIT,999900,28
1058,164951028829,CANCEL,516,SELL,LIMIT,1000600,30
1059,165037657006,CANCEL,432,BUY,LIMIT,999200,25
1060,165382070209,CANCEL,400,BUY,LIMIT,999600,22
1061,165672540078,NEW,547,SELL,LIMIT,1000600,26
1062,165691927082,NEW,548,BUY,LIMIT,999000,27
1063,166123226468,CANCEL,545,BUY,LIMIT,999600,28
1064,166400077926,CANCEL,522,BUY,LIMIT,999600,16
1065,166411069339,CANCEL,493,SELL,LIMIT,1000900,24
1066,166678207186,NEW,549,SELL,LIMIT,1000400,27
1067,166817941788,CANCEL,534,SELL,LIMIT,1000500,27
1068,167123314711,CANCEL,510,BUY,LIMIT,999200,28
1069,167241334670,CANCEL,518,BUY,LIMIT,999600,24
1070,167283189171,CANCEL,506,SELL,LIMIT,1000900,23
1071,167476046350,NEW,550,SELL,LIMIT,1001100,23
1072,167846927502,NEW,551,SELL,LIMIT,1000500,29
1073,167856223854,NEW,552,SELL,LIMIT,1001100,44
1074,168166867820,NEW,553,BUY,LIMIT,999100,28
1075,168304655530,CANCEL,536,BUY,LIMIT,999300,40
1076,168598964521,CANCEL,503,SELL,LIMIT,1000700,30
1077,168950227808,NEW,554,SELL,LIMIT,1000400,25
1078,169096038615,CANCEL,505,SELL,LIMIT,1000500,32
1079,169183355043,NEW,555,BUY,LIMIT,999100,29
1080,169354981996,CANCEL,528,BUY,LIMIT,999600,25
1081,169456310822,NEW,556,BUY,LIMIT,998900,20
1082,169537873305,NEW,557,SELL,LIMIT,1000500,24
1083,169677975167,NEW,558,BUY,LIMIT,999100,45
1084,169719786722,NEW,559,BUY,LIMIT,999200,28
1085,169960052132,CANCEL,478,SELL,LIMIT,1000500,25
1086,170004867036,CANCEL,379,BUY,LIMIT,999400,25
1087,170198057469,CANCEL,552,SELL,LIMIT,1001100,44
1088,170419640863,NEW,560,BUY,LIMIT,999100,27
1089,170526865686,NEW,561,SELL,LIMIT,1000400,30
1090,170620581472,CANCEL,542,SELL,LIMIT,1000800,30
1091,170746509629,CANCEL,517,SELL,LIMIT,1000700,11
1092,170986191789,NEW,562,BUY,LIMIT,999100,34
1093,171344990284,CANCEL,548,BUY,LIMIT,999000,27
1094,171533173965,NEW,563,BUY,LIMIT,999100,28
1095,171683279590,CANCEL,538,SELL,LIMIT,1000900,30
1096,171949890411,NEW,564,BUY,LIMIT,999500,28
1097,172101285278,NEW,565,BUY,LIMIT,999600,25
1098,172118264939,NEW,566,BUY,LIMIT,998400,100
1099,172272427662,NEW,567,SELL,LIMIT,1000400,29
1100,172315965386,CANCEL,553,BUY,LIMIT,999100,28
1101,172348927604,NEW,568,BUY,LIMIT,998700,25
1102,172622839373,CANCEL,568,BUY,LIMIT,998700,25
1103,172631168351,CANCEL,547,SELL,LIMIT,1000600,26
1104,172974692248,CANCEL,356,SELL,LIMIT,1000400,5
1105,173040551393,CANCEL,564,BUY,LIMIT,999500,28
1106,173328181425,NEW,569,SELL,LIMIT,1000500,30
1107,173438778828,NEW,570,BUY,LIMIT,999200,30
1108,173663528202,CANCEL,555,BUY,LIMIT,999100,29
1109,173817993468,CANCEL,561,SELL,LIMIT,1000400,30
1110,174190096276,CANCEL,530,SELL,LIMIT,1000800,26
1111,174355628388,NEW,571,BUY,LIMIT,998400,27
1112,174439663278,NEW,572,SELL,LIMIT,1000500,29
1113,174506779307,NEW,573,BUY,LIMIT,998900,43
1114,174880062479,NEW,574,BUY,LIMIT,999200,30
1115,174911652064,CANCEL,508,SELL,LIMIT,1000700,34
1116,174959941911,NEW,575,SELL,LIMIT,1000100,40
1117,175097945467,CANCEL,563,BUY,LIMIT,999100,28
1118,175220262072,CANCEL,570,BUY,LIMIT,999200,30
1119,175337569302,NEW,576,SELL,LIMIT,1000300,47
1120,175629728332,CANCEL,546,SELL,LIMIT,999900,28
1121,175755669971,CANCEL,567,SELL,LIMIT,1000400,29
1122,176060299768,CANCEL,515,SELL,LIMIT,1001000,49
1123,176218468012,NEW,577,BUY,LIMIT,999200,26
1124,176301638819,NEW,578,BUY,LIMIT,998600,31
1125,176339951200,CANCEL,562,BUY,LIMIT,999100,34
1126,176383002320,NEW,579,SELL,LIMIT,1000300,29
1127,176464092603,NEW,580,SELL,LIMIT,1000500,27
1128,176473147030,CANCEL,439,SELL,LIMIT,1000700,25
1129,176727013428,NEW,581,SELL,LIMIT,1000400,32
1130,176803084373,CANCEL,544,BUY,LIMIT,999400,27
1131,176885433594,NEW,582,BUY,LIMIT,999000,29
1132,176996710044,NEW,583,SELL,LIMIT,1000400,33
1133,177145717261,CANCEL,583,SELL,LIMIT,1000400,33
1134,177203474142,CANCEL,576,SELL,LIMIT,1000300,47
1135,177252146245,CANCEL,551,SELL,LIMIT,1000500,29
1136,177310108137,CANCEL,581,SELL,LIMIT,1000400,32
1137,177445742602,NEW,584,BUY,LIMIT,999600,27
1138,177606534451,NEW,585,SELL,LIMIT,1000100,38
1139,177804639114,NEW,586,BUY,LIMIT,999100,30
1140,177816319831,CANCEL,554,SELL,LIMIT,1000400,25
1141,177859747948,CANCEL,573,BUY,LIMIT,998900,43
1142,177942372581,NEW,587,BUY,LIMIT,999800,26
1143,177992254023,NEW,588,BUY,LIMIT,999200,40
1144,178018748728,CANCEL,537,SELL,LIMIT,1000900,23
1145,178091624475,CANCEL,575,SELL,LIMIT,1000100,40
1146,178292066208,NEW,589,BUY,LIMIT,999800,100
1147,178571855773,CANCEL,560,BUY,LIMIT,999100,27
1148,178616783049,NEW,590,SELL,LIMIT,1001300,45
1149,178737815622,CANCEL,529,SELL,LIMIT,1000900,32
1150,178825261008,CANCEL,501,BUY,LIMIT,999600,28
1151,178984411240,NEW,591,BUY,LIMIT,998600,28
1152,179106636109,NEW,592,SELL,LIMIT,1001300,33
1153,179187701865,CANCEL,590,SELL,LIMIT,1001300,45
1154,179342931376,NEW,593,SELL,LIMIT,1001300,27
1155,179759460990,CANCEL,578,BUY,LIMIT,998600,31
1156,179788791687,NEW,594,SELL,LIMIT,1000800,30
1157,179802243941,NEW,595,BUY,LIMIT,998800,26
1158,180719347256,NEW,596,BUY,LIMIT,998900,20
1159,180810672465,NEW,597,SELL,LIMIT,1000600,16
1160,181023107079,NEW,598,BUY,LIMIT,999100,24
1161,181025830664,CANCEL,550,SELL,LIMIT,1001100,23
1162,181062757468,NEW,599,BUY,LIMIT,999200,49
1163,181113562624,CANCEL,556,BUY,LIMIT,998900,20
1164,181154052612,CANCEL,558,BUY,LIMIT,999100,45
1165,181173871375,CANCEL,527,BUY,LIMIT,999600,5
1166,181310857342,CANCEL,594,SELL,LIMIT,1000800,30
1167,181478911346,CANCEL,586,BUY,LIMIT,999100,30
1168,181518544346,NEW,600,BUY,LIMIT,999500,25
1169,181597564824,CANCEL,589,BUY,LIMIT,999800,100
1170,182037530725,CANCEL,584,BUY,LIMIT,999600,27
1171,182415053537,NEW,601,BUY,LIMIT,999400,8
1172,182468317433,NEW,602,SELL,LIMIT,1000300,31
1173,182499169477,NEW,603,SELL,LIMIT,1000900,28
1174,182706961639,NEW,604,BUY,LIMIT,999300,30
1175,182865471167,NEW,605,BUY,LIMIT,999400,29
1176,182983293214,NEW,606,SELL,LIMIT,1000800,34
1177,182989471514,NEW,607,BUY,LIMIT,998600,26
1178,183186258168,NEW,608,SELL,LIMIT,1000500,30
1179,183236021559,NEW,609,SELL,LIMIT,1000800,27
1180,183296368504,NEW,610,SELL,LIMIT,1000400,32
1181,183638366752,NEW,611,BUY,LIMIT,999600,30
1182,183691307734,NEW,612,BUY,LIMIT,999200,21
1183,183870637302,CANCEL,574,BUY,LIMIT,999200,30
1184,183876158303,CANCEL,605,BUY,LIMIT,999400,29
1185,183883619447,NEW,613,BUY,LIMIT,999300,35
1186,184095454750,NEW,614,BUY,LIMIT,999100,29
1187,184224689583,CANCEL,606,SELL,LIMIT,1000800,34
1188,184227583657,CANCEL,595,BUY,LIMIT,998800,26
1189,184619290744,NEW,615,SELL,LIMIT,1001300,25
1190,184660895499,NEW,616,SELL,LIMIT,1001300,27
1191,184742430949,CANCEL,613,BUY,LIMIT,999300,35
1192,184806415609,NEW,617,SELL,LIMIT,1000100,27
1193,184982896391,NEW,618,BUY,LIMIT,999100,23
1194,185448397916,NEW,619,SELL,LIMIT,1000600,100
1195,185480779993,CANCEL,609,SELL,LIMIT,1000800,27
1196,185734513377,NEW,620,BUY,LIMIT,998600,32
1197,185900752630,CANCEL,599,BUY,LIMIT,999200,49
1198,185967341293,CANCEL,585,SELL,LIMIT,1000100,38
1199,186187738957,CANCEL,582,BUY,LIMIT,999000,29
1200,186313713430,NEW,621,SELL,LIMIT,1000700,27
1201,186366728332,CANCEL,616,SELL,LIMIT,1001300,27
1202,186436196648,NEW,622,BUY,LIMIT,999100,38
1203,186531413658,NEW,623,BUY,LIMIT,999400,10
1204,186537848135,CANCEL,566,BUY,LIMIT,998400,100
1205,187248832708,CANCEL,598,BUY,LIMIT,999100,24
1206,187560633580,NEW,624,BUY,LIMIT,999600,27
1207,187751523739,NEW,625,SELL,LIMIT,1001300,31
1208,187768347071,CANCEL,604,BUY,LIMIT,999300,30
1209,187943557657,NEW,626,BUY,LIMIT,999300,28
1210,188016073476,CANCEL,592,SELL,LIMIT,1001300,33
1211,188187894081,CANCEL,603,SELL,LIMIT,1000900,28
1212,188203641403,CANCEL,549,SELL,LIMIT,1000400,27
1213,188403098166,NEW,627,BUY,LIMIT,998600,40
1214,188549172805,CANCEL,593,SELL,LIMIT,1001300,27
1215,188661410842,NEW,628,BUY,LIMIT,998900,17
1216,188707469236,CANCEL,611,BUY,LIMIT,999600,30
1217,188900672248,CANCEL,539,BUY,LIMIT,998900,35
1218,188904157923,NEW,629,SELL,LIMIT,1000700,28
1219,189295058705,CANCEL,615,SELL,LIMIT,1001300,25
1220,189326692938,NEW,630,SELL,LIMIT,1000700,26
1221,189377786997,NEW,631,BUY,LIMIT,999000,29
1222,189390723427,NEW,632,BUY,LIMIT,999400,26
1223,189401894626,NEW,633,SELL,LIMIT,1001300,23
1224,189462290953,CANCEL,627,BUY,LIMIT,998600,40
1225,189486178407,CANCEL,565,BUY,LIMIT,999600,25
1226,189494462031,CANCEL,624,BUY,LIMIT,999600,27
1227,189617540311,CANCEL,631,BUY,LIMIT,999000,29
1228,189652789874,CANCEL,600,BUY,LIMIT,999500,25
1229,189708201018,CANCEL,596,BUY,LIMIT,998900,20
1230,189730715757,NEW,634,BUY,LIMIT,999200,31
1231,189963253983,NEW,635,SELL,LIMIT,1000800,45
1232,190068969282,NEW,636,SELL,LIMIT,1000900,27
1233,190255309291,CANCEL,591,BUY,LIMIT,998600,28
1234,190290975321,NEW,637,SELL,LIMIT,1000600,28
1235,190463678473,CANCEL,635,SELL,LIMIT,1000800,45
1236,190499306954,CANCEL,617,SELL,LIMIT,1000100,27
1237,190626685968,NEW,638,BUY,LIMIT,999600,28
1238,190980989202,NEW,639,SELL,LIMIT,1000500,30
1239,190982069508,NEW,640,SELL,LIMIT,1001000,30
1240,191013824424,CANCEL,619,SELL,LIMIT,1000600,100
1241,191305519088,NEW,641,BUY,LIMIT,999900,25
1242,191323856125,NEW,642,SELL,LIMIT,1001000,27
1243,191745136749,CANCEL,602,SELL,LIMIT,1000300,31
1244,192036122294,NEW,643,BUY,LIMIT,999800,32
1245,192208260444,NEW,644,BUY,LIMIT,999400,18
1246,192499362875,NEW,645,SELL,LIMIT,1001100,25
1247,192598841920,NEW,646,BUY,LIMIT,998800,28
1248,192710745622,NEW,647,SELL,LIMIT,1000700,34
1249,192719547243,NEW,648,BUY,LIMIT,999800,27
1250,192816619828,CANCEL,557,SELL,LIMIT,1000500,24
1251,192859745164,CANCEL,625,SELL,LIMIT,1001300,31
1252,192915147995,CANCEL,638,BUY,LIMIT,999600,28
1253,193020085784,NEW,649,SELL,LIMIT,1000900,20
1254,193028878177,CANCEL,641,BUY,LIMIT,999900,25
1255,193171027747,CANCEL,642,SELL,LIMIT,1001000,27
1256,193201521147,CANCEL,640,SELL,LIMIT,1001000,30
1257,193262197125,CANCEL,579,SELL,LIMIT,1000300,29
1258,193467666255,CANCEL,639,SELL,LIMIT,1000500,30
1259,193492803975,NEW,650,BUY,LIMIT,999900,45
1260,193731583808,NEW,651,BUY,LIMIT,998900,48
1261,193810863382,CANCEL,651,BUY,LIMIT,998900,48
1262,193830782194,CANCEL,649,SELL,LIMIT,1000900,20
1263,193914956524,CANCEL,622,BUY,LIMIT,999100,38
1264,194072688557,NEW,652,SELL,LIMIT,1000900,27
1265,194156378480,CANCEL,610,SELL,LIMIT,1000400,32
1266,194158045516,CANCEL,634,BUY,LIMIT,999200,31
1267,194244815748,NEW,653,SELL,LIMIT,1001400,30
1268,194259396789,CANCEL,577,BUY,LIMIT,999200,26
1269,194363489555,CANCEL,633,SELL,LIMIT,1001300,23
1270,194523396643,NEW,654,BUY,LIMIT,999600,24
1271,194578309969,NEW,655,SELL,LIMIT,1001400,28
1272,194580537348,CANCEL,472,BUY,LIMIT,999200,4
1273,194759412315,CANCEL,647,SELL,LIMIT,1000700,34
1274,194917819656,CANCEL,650,BUY,LIMIT,999900,45
1275,195113401252,NEW,656,SELL,LIMIT,1000300,29
1276,195120490659,CANCEL,645,SELL,LIMIT,1001100,25
1277,195142225929,NEW,657,SELL,LIMIT,1000900,17
1278,195192482022,NEW,658,BUY,LIMIT,999500,30
1279,195308441589,CANCEL,571,BUY,LIMIT,998400,27
1280,195697043162,NEW,659,SELL,LIMIT,1000900,100
1281,195701108809,CANCEL,621,SELL,LIMIT,1000700,27
1282,195706360527,NEW,660,SELL,LIMIT,1000800,23
1283,195759480005,CANCEL,648,BUY,LIMIT,999800,27
1284,195767912448,CANCEL,643,BUY,LIMIT,999800,32
1285,195793702360,NEW,661,BUY,LIMIT,999500,29
1286,195967602293,NEW,662,BUY,LIMIT,999600,28
1287,196260277964,NEW,663,BUY,LIMIT,998800,30
1288,196325372987,CANCEL,658,BUY,LIMIT,999500,30
1289,196602836718,NEW,664,BUY,LIMIT,999300,47
1290,196631275161,CANCEL,636,SELL,LIMIT,1000900,27
1291,196763058335,CANCEL,662,BUY,LIMIT,999600,28
1292,197190787492,CANCEL,657,SELL,LIMIT,1000900,17
1293,197214965604,NEW,665,SELL,LIMIT,1000600,23
1294,197224720008,NEW,666,SELL,LIMIT,1000600,100
1295,197300710406,NEW,667,BUY,LIMIT,999300,5
1296,197410596146,CANCEL,569,SELL,LIMIT,1000500,30
1297,197573445813,NEW,668,BUY,LIMIT,999300,26
1298,197866660288,CANCEL,659,SELL,LIMIT,1000900,100
1299,197986247539,CANCEL,587,BUY,LIMIT,999800,26
1300,198397010725,CANCEL,668,BUY,LIMIT,999300,26
1301,198475985973,NEW,669,SELL,LIMIT,1000300,25
1302,198597379930,CANCEL,620,BUY,LIMIT,998600,32
1303,198622793536,NEW,670,BUY,LIMIT,999900,27
1304,198701974353,CANCEL,664,BUY,LIMIT,999300,47
1305,198905346250,NEW,671,BUY,LIMIT,999300,31
1306,199271166446,CANCEL,663,BUY,LIMIT,998800,30
1307,199378064996,CANCEL,580,SELL,LIMIT,1000500,27
1308,199530634701,NEW,672,BUY,LIMIT,998900,25
1309,199832999048,CANCEL,656,SELL,LIMIT,1000300,29
1310,199924438210,CANCEL,661,BUY,LIMIT,999500,29
1311,199972051774,NEW,673,BUY,LIMIT,999300,100
1312,199974623655,NEW,674,SELL,LIMIT,1000900,26
1313,200055931226,NEW,675,BUY,LIMIT,1000000,26
1314,200203090871,CANCEL,632,BUY,LIMIT,999400,26
1315,200241293114,NEW,676,BUY,LIMIT,998800,34
1316,200453912719,NEW,677,BUY,LIMIT,999200,24
1317,200508533043,NEW,678,SELL,LIMIT,1000900,29
1318,200537903822,NEW,679,BUY,LIMIT,999500,27
1319,200610733903,NEW,680,BUY,LIMIT,999500,23
1320,200988333619,CANCEL,673,BUY,LIMIT,999300,100
1321,201003403431,CANCEL,666,SELL,LIMIT,1000600,100
1322,201088991422,CANCEL,672,BUY,LIMIT,998900,25
1323,201094192491,NEW,681,BUY,LIMIT,999600,28
1324,201155603065,NEW,682,SELL,MARKET,,13
1325,201155603065,REDUCE,675,BUY,LIMIT,1000000,13
1326,201206646116,NEW,683,BUY,LIMIT,999800,100
1327,201287320222,CANCEL,670,BUY,LIMIT,999900,27
1328,201307945398,NEW,684,SELL,LIMIT,1001100,29
1329,201627228258,NEW,685,SELL,LIMIT,1001000,30
1330,201759796914,CANCEL,612,BUY,LIMIT,999200,21
1331,201866681988,NEW,686,SELL,LIMIT,1000900,24
1332,202087895619,NEW,687,BUY,LIMIT,999500,32
1333,202134068171,CANCEL,683,BUY,LIMIT,999800,100
1334,202277429588,CANCEL,646,BUY,LIMIT,998800,28
1335,202396617132,NEW,688,SELL,LIMIT,1000500,30
1336,202531310881,NEW,689,BUY,LIMIT,999100,25
1337,202573471436,NEW,690,BUY,LIMIT,999400,24
1338,202582143275,CANCEL,679,BUY,LIMIT,999500,27
1339,202644039581,CANCEL,681,BUY,LIMIT,999600,28
1340,203006980750,CANCEL,644,BUY,LIMIT,999400,18
1341,203031052322,NEW,691,SELL,LIMIT,1001100,24
1342,203421346248,CANCEL,626,BUY,LIMIT,999300,28
1343,203508726560,NEW,692,BUY,LIMIT,999700,100
1344,203686269767,NEW,693,SELL,LIMIT,1000600,23
1345,203728167841,CANCEL,597,SELL,LIMIT,1000600,16
1346,204013329047,CANCEL,572,SELL,LIMIT,1000500,29
1347,204493633923,CANCEL,652,SELL,LIMIT,1000900,27
1348,204533840682,NEW,694,BUY,LIMIT,999500,5
1349,204598485129,NEW,695,SELL,LIMIT,1001300,29
1350,204800720472,CANCEL,675,BUY,LIMIT,1000000,13
1351,205005484900,CANCEL,653,SELL,LIMIT,1001400,30
1352,205036140201,NEW,696,BUY,LIMIT,999700,35
1353,205068046453,NEW,697,SELL,LIMIT,1000600,29
1354,205103822573,CANCEL,655,SELL,LIMIT,1001400,28
1355,205144472127,CANCEL,692,BUY,LIMIT,999700,100
1356,205153621573,NEW,698,BUY,LIMIT,999000,31
1357,205185658041,CANCEL,678,SELL,LIMIT,1000900,29
1358,205352718218,CANCEL,676,BUY,LIMIT,998800,34
1359,205450009258,NEW,699,BUY,LIMIT,999400,30
1360,205616528254,CANCEL,693,SELL,LIMIT,1000600,23
1361,205776238675,CANCEL,688,SELL,LIMIT,1000500,30
1362,205796632403,NEW,700,BUY,LIMIT,999400,24
1363,205978710713,CANCEL,629,SELL,LIMIT,1000700,28
1364,206050393961,NEW,701,BUY,LIMIT,999500,25
1365,206472082856,NEW,702,BUY,LIMIT,998900,28
1366,206492854916,NEW,703,SELL,LIMIT,1000700,30
1367,206607078831,NEW,704,BUY,LIMIT,1000000,31
1368,206607423539,NEW,705,SELL,LIMIT,1000800,26
1369,206726347521,NEW,706,BUY,LIMIT,999400,38
1370,206828779309,NEW,707,BUY,LIMIT,999300,33
1371,206911091233,NEW,708,SELL,LIMIT,1001500,45
1372,206965467555,CANCEL,684,SELL,LIMIT,1001100,29
1373,207075491194,CANCEL,706,BUY,LIMIT,999400,38
1374,207086329305,CANCEL,674,SELL,LIMIT,1000900,26
1375,207090541463,CANCEL,687,BUY,LIMIT,999500,32
1376,207139627460,CANCEL,618,BUY,LIMIT,999100,23
1377,207169815579,CANCEL,665,SELL,LIMIT,1000600,23
1378,207258142169,CANCEL,614,BUY,LIMIT,999100,29
1379,207273920452,CANCEL,691,SELL,LIMIT,1001100,24
1380,207511871357,NEW,709,SELL,LIMIT,1001200,40
1381,207517414086,CANCEL,699,BUY,LIMIT,999400,30
1382,207567489511,NEW,710,SELL,LIMIT,1001400,32
1383,207604611642,NEW,711,BUY,LIMIT,999000,32
1384,207605790014,CANCEL,703,SELL,LIMIT,1000700,30
1385,207834381203,NEW,712,SELL,LIMIT,1001100,28
1386,208111179351,NEW,713,SELL,LIMIT,1001000,27
1387,208283168462,NEW,714,BUY,LIMIT,999000,31
1388,208521116768,NEW,715,BUY,LIMIT,998800,33
1389,208592560869,CANCEL,702,BUY,LIMIT,998900,28
1390,209081104052,NEW,716,SELL,LIMIT,1001500,25
1391,209141923042,NEW,717,SELL,LIMIT,1000300,29
1392,209541071028,NEW,718,SELL,LIMIT,1000900,25
1393,209802805226,NEW,719,SELL,LIMIT,1000600,26
1394,210123345201,NEW,720,SELL,LIMIT,1001100,27
1395,210180631881,CANCEL,690,BUY,LIMIT,999400,24
1396,210252289217,CANCEL,716,SELL,LIMIT,1001500,25
1397,210368956040,CANCEL,701,BUY,LIMIT,999500,25
1398,210538405089,NEW,721,SELL,LIMIT,1001100,28
1399,210722519165,CANCEL,718,SELL,LIMIT,1000900,25
1400,210807472530,NEW,722,BUY,MARKET,,100
1401,210807472530,CANCEL,669,SELL,LIMIT,1000300,25
1402,210807472530,CANCEL,717,SELL,LIMIT,1000300,29
1403,210807472530,CANCEL,608,SELL,LIMIT,1000500,30
1404,210807472530,REDUCE,637,SELL,LIMIT,1000600,12
1405,210846719659,NEW,723,BUY,LIMIT,999700,28
1406,211053059844,NEW,724,BUY,LIMIT,999600,30
1407,211243224815,NEW,725,SELL,LIMIT,1000700,23
1408,211342888726,CANCEL,698,BUY,LIMIT,999000,31
1409,211379500805,NEW,726,BUY,LIMIT,999100,10
1410,211897699760,CANCEL,696,BUY,LIMIT,999700,35
1411,211988191348,NEW,727,SELL,LIMIT,1001500,27
1412,212173849727,CANCEL,724,BUY,LIMIT,999600,30
1413,212287656630,NEW,728,BUY,LIMIT,999100,31
1414,212301786812,CANCEL,715,BUY,LIMIT,998800,33
1415,212335232946,CANCEL,680,BUY,LIMIT,999500,23
1416,212836548266,CANCEL,708,SELL,LIMIT,1001500,45
1417,212836796108,NEW,729,BUY,LIMIT,999200,23
1418,212874840255,CANCEL,607,BUY,LIMIT,998600,26
1419,212911801010,NEW,730,SELL,LIMIT,1000500,33
1420,213002198015,CANCEL,559,BUY,LIMIT,999200,28
1421,213204788953,CANCEL,704,BUY,LIMIT,1000000,31
1422,213631264922,CANCEL,725,SELL,LIMIT,1000700,23
1423,214233954971,CANCEL,711,BUY,LIMIT,999000,32
1424,214726516416,NEW,731,SELL,LIMIT,1000600,45
1425,214782316933,CANCEL,540,BUY,LIMIT,998900,20
1426,214901331220,CANCEL,723,BUY,LIMIT,999700,28
1427,214983841873,NEW,732,BUY,LIMIT,999400,30
1428,215165860409,CANCEL,677,BUY,LIMIT,999200,24
1429,215325024869,NEW,733,SELL,LIMIT,1000700,29
1430,215525941618,NEW,734,SELL,LIMIT,1000600,26
1431,215776631128,CANCEL,734,SELL,LIMIT,1000600,26
1432,215906342213,CANCEL,588,BUY,LIMIT,999200,40
1433,215938869030,NEW,735,BUY,LIMIT,999300,28
1434,216002161399,NEW,736,BUY,LIMIT,999600,32
1435,216092814223,NEW,737,SELL,LIMIT,1001100,24
1436,216130076460,CANCEL,713,SELL,LIMIT,1001000,27
1437,216237688550,NEW,738,SELL,LIMIT,1001100,31
1438,216489798120,CANCEL,685,SELL,LIMIT,1001000,30
1439,216517398145,NEW,739,SELL,LIMIT,1000200,32
1440,216544410882,NEW,740,SELL,LIMIT,1000400,25
1441,216593688273,NEW,741,BUY,LIMIT,999100,27
1442,216823681777,CANCEL,709,SELL,LIMIT,1001200,40
1443,216934112797,CANCEL,700,BUY,LIMIT,999400,24
1444,216987587116,CANCEL,707,BUY,LIMIT,999300,33
1445,216991147448,NEW,742,SELL,LIMIT,1000000,26
1446,217084401387,NEW,743,BUY,LIMIT,999000,28
1447,217132206025,CANCEL,660,SELL,LIMIT,1000800,23
1448,217134377952,NEW,744,SELL,MARKET,,260
1449,217134377952,CANCEL,654,BUY,LIMIT,999600,24
1450,217134377952,CANCEL,736,BUY,LIMIT,999600,32
1451,217134377952,CANCEL,694,BUY,LIMIT,999500,5
1452,217134377952,CANCEL,343,BUY,LIMIT,999400,1
1453,217134377952,CANCEL,601,BUY,LIMIT,999400,8
1454,217134377952,CANCEL,623,BUY,LIMIT,999400,10
1455,217134377952,CANCEL,732,BUY,LIMIT,999400,30
1456,217134377952,CANCEL,667,BUY,LIMIT,999300,5
1457,217134377952,CANCEL,671,BUY,LIMIT,999300,31
1458,217134377952,CANCEL,735,BUY,LIMIT,999300,28
1459,217134377952,CANCEL,729,BUY,LIMIT,999200,23
1460,217134377952,CANCEL,689,BUY,LIMIT,999100,25
1461,217134377952,CANCEL,726,BUY,LIMIT,999100,10
1462,217134377952,REDUCE,728,BUY,LIMIT,999100,3
1463,217202726095,CANCEL,727,SELL,LIMIT,1001500,27
1464,217307856542,NEW,745,SELL,LIMIT,1000600,26
1465,217366252482,NEW,746,SELL,LIMIT,1000300,25
1466,217500775278,NEW,747,SELL,LIMIT,1000600,18
1467,217571086243,CANCEL,628,BUY,LIMIT,998900,17
1468,218362766469,NEW,748,BUY,LIMIT,999400,24
1469,218426572485,NEW,749,SELL,LIMIT,1000400,30
1470,219096144695,CANCEL,741,BUY,LIMIT,999100,27
1471,219378521215,NEW,750,BUY,LIMIT,999200,40
1472,219687775201,CANCEL,630,SELL,LIMIT,1000700,26
1473,220063850545,NEW,751,SELL,LIMIT,1000100,30
1474,220256435045,NEW,752,BUY,LIMIT,998800,30
1475,220506526886,NEW,753,SELL,LIMIT,1000300,26
1476,220919523310,CANCEL,705,SELL,LIMIT,1000800,26
1477,220975463878,CANCEL,731,SELL,LIMIT,1000600,45
1478,220992286726,NEW,754,BUY,LIMIT,998500,30
1479,221100120539,CANCEL,714,BUY,LIMIT,999000,31
1480,221133976725,NEW,755,SELL,LIMIT,1000900,25
1481,221351679339,NEW,756,SELL,LIMIT,1000300,40
1482,221512841592,NEW,757,SELL,LIMIT,1000500,25
1483,221615835313,CANCEL,738,SELL,LIMIT,1001100,31
1484,221887556223,NEW,758,SELL,LIMIT,1000600,100
1485,221912459239,CANCEL,748,BUY,LIMIT,999400,24
1486,221939848341,NEW,759,BUY,LIMIT,999100,44
1487,222003517280,CANCEL,754,BUY,LIMIT,998500,30
1488,222040543988,CANCEL,733,SELL,LIMIT,1000700,29
1489,222177113607,NEW,760,SELL,LIMIT,1000300,17
1490,222233750712,CANCEL,746,SELL,LIMIT,1000300,25
1491,222460244084,NEW,761,SELL,LIMIT,999900,28
1492,222485290592,CANCEL,637,SELL,LIMIT,1000600,12
1493,222492327735,CANCEL,747,SELL,LIMIT,1000600,18
1494,222552508765,CANCEL,756,SELL,LIMIT,1000300,40
1495,222746314990,CANCEL,719,SELL,LIMIT,1000600,26
1496,222795602943,NEW,762,SELL,LIMIT,1000700,30
1497,222810496810,CANCEL,737,SELL,LIMIT,1001100,24
1498,222845005998,CANCEL,758,SELL,LIMIT,1000600,100
1499,223080799185,CANCEL,753,SELL,LIMIT,1000300,26
1500,223161733098,CANCEL,761,SELL,LIMIT,999900,28
1501,223167611899,CANCEL,750,BUY,LIMIT,999200,40
1502,223254579853,NEW,763,BUY,LIMIT,999700,26
1503,223279104362,NEW,764,SELL,LIMIT,1000600,26
1504,223376598314,CANCEL,751,SELL,LIMIT,1000100,30
1505,223491413777,CANCEL,755,SELL,LIMIT,1000900,25
1506,223496636882,NEW,765,BUY,LIMIT,999200,26
1507,223520531589,CANCEL,764,SELL,LIMIT,1000600,26
1508,223805089697,NEW,766,BUY,LIMIT,999400,25
1509,223830860167,CANCEL,720,SELL,LIMIT,1001100,27
1510,224054789375,NEW,767,SELL,LIMIT,1000700,4
1511,224486773331,NEW,768,BUY,LIMIT,999000,28
1512,225024329783,NEW,769,BUY,LIMIT,999000,26
1513,225099358494,NEW,770,SELL,LIMIT,1000600,35
1514,225149580248,NEW,771,BUY,LIMIT,999300,31
1515,225240445792,CANCEL,770,SELL,LIMIT,1000600,35
1516,225279741811,NEW,772,BUY,LIMIT,998900,31
1517,225734361987,CANCEL,728,BUY,LIMIT,999100,3
1518,226198150905,CANCEL,730,SELL,LIMIT,1000500,33
1519,226458131840,NEW,773,BUY,LIMIT,998900,33
1520,226510258597,CANCEL,745,SELL,LIMIT,1000600,26
1521,226634344996,NEW,774,BUY,LIMIT,999300,31
1522,226870883435,CANCEL,768,BUY,LIMIT,999000,28
1523,227235061267,NEW,775,SELL,LIMIT,1000000,34
1524,227284972372,CANCEL,774,BUY,LIMIT,999300,31
1525,227420869615,NEW,776,BUY,LIMIT,999300,23
1526,227573279879,CANCEL,766,BUY,LIMIT,999400,25
1527,227745901352,CANCEL,757,SELL,LIMIT,1000500,25
1528,228340550891,NEW,777,BUY,LIMIT,998700,25
1529,228434663691,NEW,778,BUY,LIMIT,999300,31
1530,228866044916,CANCEL,752,BUY,LIMIT,998800,30
1531,229162103885,NEW,779,SELL,LIMIT,1000500,28
1532,229176933985,NEW,780,SELL,LIMIT,1000600,100
1533,229594298139,NEW,781,BUY,LIMIT,999200,45
1534,229724922384,NEW,782,SELL,LIMIT,1001200,12
1535,229848721323,CANCEL,759,BUY,LIMIT,999100,44
1536,230123240606,CANCEL,771,BUY,LIMIT,999300,31
1537,230640298685,NEW,783,SELL,LIMIT,1000700,25
1538,230940573162,NEW,784,BUY,LIMIT,999000,24
1539,231444463487,CANCEL,739,SELL,LIMIT,1000200,32
1540,231456930001,NEW,785,BUY,LIMIT,999200,28
1541,232018532167,CANCEL,782,SELL,LIMIT,1001200,12
1542,232139038946,CANCEL,762,SELL,LIMIT,1000700,30
1543,232435360479,CANCEL,765,BUY,LIMIT,999200,26
1544,232906089834,NEW,786,BUY,LIMIT,999000,26
1545,232957626432,NEW,787,SELL,LIMIT,1001200,32
1546,233046450259,NEW,788,BUY,LIMIT,998900,40
1547,233357397012,CANCEL,785,BUY,LIMIT,999200,28
1548,233381689163,NEW,789,BUY,LIMIT,999200,35
1549,233566953337,NEW,790,SELL,LIMIT,1000600,100
1550,233634730705,NEW,791,BUY,LIMIT,998900,34
1551,233852882004,NEW,792,BUY,LIMIT,998800,30
1552,234196879886,CANCEL,772,BUY,LIMIT,998900,31
1553,234578389614,CANCEL,792,BUY,LIMIT,998800,30
1554,234614196116,CANCEL,721,SELL,LIMIT,1001100,28
1555,235047803928,NEW,793,SELL,LIMIT,1000600,26
1556,235112796593,CANCEL,686,SELL,LIMIT,1000900,24
1557,235195281477,NEW,794,BUY,LIMIT,999200,35
1558,235233927954,CANCEL,789,BUY,LIMIT,999200,35
1559,235287040572,CANCEL,790,SELL,LIMIT,1000600,100
1560,235422675872,CANCEL,786,BUY,LIMIT,999000,26
1561,235489618268,CANCEL,712,SELL,LIMIT,1001100,28
1562,235511728138,NEW,795,BUY,LIMIT,999100,25
1563,235961968096,CANCEL,784,BUY,LIMIT,999000,24
1564,237209184017,CANCEL,780,SELL,LIMIT,1000600,100
1565,237455185788,NEW,796,SELL,LIMIT,1001200,27
1566,237487729102,NEW,797,BUY,LIMIT,999500,28
1567,237868098507,NEW,798,SELL,LIMIT,1000400,28
1568,237994909780,NEW,799,BUY,LIMIT,998800,100
1569,238104742097,CANCEL,799,BUY,LIMIT,998800,100
1570,238164906151,CANCEL,781,BUY,LIMIT,999200,45
1571,238536765344,NEW,800,SELL,LIMIT,1000600,100
1572,238628216131,CANCEL,769,BUY,LIMIT,999000,26
1573,238730232851,NEW,801,SELL,LIMIT,1000900,45
1574,238879482295,NEW,802,SELL,LIMIT,1000500,23
1575,239471011749,CANCEL,801,SELL,LIMIT,1000900,45
1576,239674621642,NEW,803,SELL,LIMIT,1000700,31
1577,240842753309,CANCEL,798,SELL,LIMIT,1000400,28
1578,241446420352,NEW,804,BUY,LIMIT,999400,24
1579,241787584350,NEW,805,SELL,LIMIT,1000400,27
1580,241902619757,NEW,806,BUY,LIMIT,999200,31
1581,241940116819,CANCEL,775,SELL,LIMIT,1000000,34
1582,242258148315,CANCEL,797,BUY,LIMIT,999500,28
1583,242635780904,CANCEL,740,SELL,LIMIT,1000400,25
1584,242653671376,CANCEL,749,SELL,LIMIT,1000400,30
1585,242792240699,NEW,807,BUY,LIMIT,998900,35
1586,243188824938,NEW,808,BUY,LIMIT,999700,30
1587,243227052547,CANCEL,808,BUY,LIMIT,999700,30
1588,243294786398,CANCEL,794,BUY,LIMIT,999200,35
1589,243454325468,CANCEL,779,SELL,LIMIT,1000500,28
1590,243654722572,NEW,809,SELL,LIMIT,1000700,24
1591,244363753519,CANCEL,800,SELL,LIMIT,1000600,100
1592,245067358779,CANCEL,788,BUY,LIMIT,998900,40
1593,245243497192,CANCEL,776,BUY,LIMIT,999300,23
1594,245416885686,NEW,810,SELL,LIMIT,1000600,40
1595,245512218961,CANCEL,695,SELL,LIMIT,1001300,29
1596,246062631992,CANCEL,773,BUY,LIMIT,998900,33
1597,246091309810,NEW,811,SELL,LIMIT,1000200,11
1598,246185612130,NEW,812,SELL,LIMIT,1000500,28
1599,246365180664,NEW,813,SELL,LIMIT,1001200,28
1600,246424797803,CANCEL,804,BUY,LIMIT,999400,24
1601,246683107869,NEW,814,BUY,LIMIT,998500,25
1602,246937137961,NEW,815,SELL,LIMIT,1000200,34
1603,247009302697,CANCEL,811,SELL,LIMIT,1000200,11
1604,247031642003,NEW,816,BUY,LIMIT,999100,25
1605,247042281423,NEW,817,SELL,LIMIT,1000700,100
1606,247123659704,NEW,818,SELL,LIMIT,1000600,25
1607,247289423006,CANCEL,813,SELL,LIMIT,1001200,28
1608,247441692305,CANCEL,803,SELL,LIMIT,1000700,31
1609,247612705413,CANCEL,807,BUY,LIMIT,998900,35
1610,247902171827,NEW,819,BUY,LIMIT,999200,33
1611,247916306975,NEW,820,SELL,LIMIT,1000600,40
1612,247975674790,NEW,821,BUY,LIMIT,999100,27
1613,248293844828,NEW,822,BUY,LIMIT,998500,100
1614,248604332389,CANCEL,818,SELL,LIMIT,1000600,25
1615,248693337442,CANCEL,812,SELL,LIMIT,1000500,28
1616,248733078011,NEW,823,BUY,LIMIT,998900,23
1617,248742629530,NEW,824,SELL,LIMIT,1000500,32
1618,248762676070,NEW,825,BUY,LIMIT,998800,29
1619,248783346256,NEW,826,BUY,LIMIT,998800,21
1620,248937056917,NEW,827,BUY,LIMIT,998900,4
1621,249004089677,CANCEL,822,BUY,LIMIT,998500,100
1622,249024038715,NEW,828,BUY,LIMIT,999100,31
1623,249137224911,CANCEL,760,SELL,LIMIT,1000300,17
1624,249181896577,CANCEL,791,BUY,LIMIT,998900,34
1625,249321548337,NEW,829,SELL,LIMIT,1000400,25
1626,249370262844,NEW,830,BUY,LIMIT,999100,28
1627,249418066297,CANCEL,802,SELL,LIMIT,1000500,23
1628,249510395575,CANCEL,795,BUY,LIMIT,999100,25
1629,249515257380,NEW,831,SELL,LIMIT,1000600,31
1630,249695126050,NEW,832,SELL,LIMIT,1000500,29
1631,250019484948,CANCEL,710,SELL,LIMIT,1001400,32
1632,250134702859,CANCEL,697,SELL,LIMIT,1000600,29
1633,250184494633,NEW,833,SELL,LIMIT,1000300,34
1634,250287056638,NEW,834,SELL,LIMIT,1000600,18
1635,250372879049,NEW,835,BUY,LIMIT,998500,100
1636,250413130953,CANCEL,829,SELL,LIMIT,1000400,25
1637,250636682855,CANCEL,820,SELL,LIMIT,1000600,40
1638,251048746115,CANCEL,817,SELL,LIMIT,1000700,100
1639,251263790354,CANCEL,835,BUY,LIMIT,998500,100
1640,251419678925,CANCEL,805,SELL,LIMIT,1000400,27
1641,251508798062,NEW,836,BUY,LIMIT,999400,31
1642,251750398584,CANCEL,787,SELL,LIMIT,1001200,32
1643,251973949605,CANCEL,830,BUY,LIMIT,999100,28
1644,252153433592,NEW,837,SELL,LIMIT,1000600,25
1645,252248235187,CANCEL,833,SELL,LIMIT,1000300,34
1646,252294119086,CANCEL,823,BUY,LIMIT,998900,23
1647,252322385707,CANCEL,837,SELL,LIMIT,1000600,25
1648,252348173277,NEW,838,SELL,LIMIT,1000400,100
1649,252584868525,CANCEL,815,SELL,LIMIT,1000200,34
1650,252757983282,NEW,839,BUY,LIMIT,999200,28
1651,252959019871,NEW,840,BUY,LIMIT,998900,28
1652,253081183101,NEW,841,BUY,LIMIT,999000,32
1653,253457430344,NEW,842,SELL,LIMIT,1000400,34
1654,253743607993,CANCEL,841,BUY,LIMIT,999000,32
1655,254034859539,CANCEL,828,BUY,LIMIT,999100,31
1656,254279413379,CANCEL,824,SELL,LIMIT,1000500,32
1657,254650076979,CANCEL,814,BUY,LIMIT,998500,25
1658,255074657923,NEW,843,SELL,LIMIT,1000500,40
1659,255088333973,NEW,844,BUY,LIMIT,998600,28
1660,255269231930,NEW,845,BUY,LIMIT,998500,40
1661,255550881482,CANCEL,743,BUY,LIMIT,999000,28
1662,255679055728,NEW,846,BUY,LIMIT,999100,25
1663,255962543964,CANCEL,806,BUY,LIMIT,999200,31
1664,256504303936,CANCEL,810,SELL,LIMIT,1000600,40
1665,256902626951,NEW,847,BUY,LIMIT,999200,30
1666,257040234175,NEW,848,BUY,LIMIT,999100,20
1667,257204465657,NEW,849,SELL,LIMIT,1000000,26
1668,257248116330,NEW,850,BUY,LIMIT,998500,32
1669,257288947021,NEW,851,BUY,LIMIT,999000,27
1670,257506047493,NEW,852,BUY,LIMIT,999700,28
1671,257610247344,CANCEL,849,SELL,LIMIT,1000000,26
1672,257956522456,CANCEL,838,SELL,LIMIT,1000400,100
1673,257997412395,NEW,853,SELL,LIMIT,1000400,36
1674,258040820366,NEW,854,BUY,LIMIT,999100,30
1675,258298574568,NEW,855,BUY,LIMIT,999800,32
1676,258387558839,NEW,856,SELL,LIMIT,1000900,27
1677,258459663364,CANCEL,825,BUY,LIMIT,998800,29
1678,258600575774,NEW,857,SELL,LIMIT,1001300,30
1679,258626437653,CANCEL,854,BUY,LIMIT,999100,30
1680,258628544581,NEW,858,SELL,LIMIT,1000500,30
1681,258656560602,CANCEL,793,SELL,LIMIT,1000600,26
1682,258753380348,CANCEL,777,BUY,LIMIT,998700,25
1683,258789425655,CANCEL,852,BUY,LIMIT,999700,28
1684,259250902342,NEW,859,BUY,LIMIT,999300,31
1685,259402383466,NEW,860,SELL,LIMIT,1000600,30
1686,259543915086,CANCEL,836,BUY,LIMIT,999400,31
1687,259964686851,CANCEL,834,SELL,LIMIT,1000600,18
1688,260188432378,NEW,861,BUY,LIMIT,999100,32
1689,260208595691,CANCEL,816,BUY,LIMIT,999100,25
1690,260432784432,NEW,862,BUY,LIMIT,999000,23
1691,260759639260,CANCEL,778,BUY,LIMIT,999300,31
1692,260772389287,CANCEL,848,BUY,LIMIT,999100,20
1693,260977370684,NEW,863,BUY,LIMIT,999500,28
1694,261084374133,CANCEL,819,BUY,LIMIT,999200,33
1695,261314008327,NEW,864,SELL,LIMIT,1000700,25
1696,261325176175,CANCEL,742,SELL,LIMIT,1000000,26
1697,261364580386,CANCEL,847,BUY,LIMIT,999200,30
1698,261713435178,CANCEL,809,SELL,LIMIT,1000700,24
1699,262201874568,CANCEL,831,SELL,LIMIT,1000600,31
1700,262219771224,NEW,865,SELL,LIMIT,1001300,25
1701,262791993035,CANCEL,845,BUY,LIMIT,998500,40
1702,263385999141,NEW,866,SELL,LIMIT,1001300,12
1703,263426792211,CANCEL,866,SELL,LIMIT,1001300,12
1704,263480040543,NEW,867,BUY,LIMIT,998900,24
1705,263495666902,NEW,868,SELL,LIMIT,1000600,30
1706,263620451330,NEW,869,BUY,LIMIT,999100,100
1707,263678024627,NEW,870,BUY,LIMIT,998900,25
1708,263788117750,NEW,871,BUY,LIMIT,999500,33
1709,263848704461,NEW,872,BUY,LIMIT,999100,23
1710,263850555547,CANCEL,864,SELL,LIMIT,1000700,25
1711,263980931265,CANCEL,843,SELL,LIMIT,1000500,40
1712,263986988715,CANCEL,839,BUY,LIMIT,999200,28
1713,264076986817,CANCEL,850,BUY,LIMIT,998500,32
1714,264079587470,CANCEL,871,BUY,LIMIT,999500,33
1715,264092845727,NEW,873,SELL,LIMIT,1000900,34
1716,264122909965,CANCEL,857,SELL,LIMIT,1001300,30
1717,264180016530,NEW,874,BUY,LIMIT,999700,23
1718,264221773344,NEW,875,BUY,LIMIT,999200,29
1719,264481617738,NEW,876,SELL,LIMIT,1000700,33
1720,264886678222,NEW,877,BUY,LIMIT,999400,40
1721,264925194854,NEW,878,BUY,LIMIT,999500,49
1722,265026187437,NEW,879,BUY,LIMIT,998900,35
1723,265490324899,NEW,880,BUY,LIMIT,999600,30
1724,265554794998,NEW,881,SELL,LIMIT,1000600,24
1725,265689739608,NEW,882,SELL,LIMIT,1000500,30
1726,266072767902,CANCEL,882,SELL,LIMIT,1000500,30
1727,266105941352,NEW,883,BUY,LIMIT,999800,100
1728,266150445955,NEW,884,BUY,LIMIT,999400,10
1729,266310574034,CANCEL,861,BUY,LIMIT,999100,32
1730,266461494468,NEW,885,SELL,LIMIT,1000600,30
1731,266497453720,NEW,886,SELL,LIMIT,1000700,30
1732,266574537153,NEW,887,SELL,LIMIT,1001300,28
1733,267076479850,NEW,888,BUY,LIMIT,998900,35
1734,267179294463,NEW,889,SELL,LIMIT,1000400,48
1735,267325354230,NEW,890,BUY,LIMIT,999400,21
1736,267406907867,CANCEL,880,BUY,LIMIT,999600,30
1737,267543429112,CANCEL,860,SELL,LIMIT,1000600,30
1738,267675062080,CANCEL,889,SELL,LIMIT,1000400,48
1739,268027149340,CANCEL,873,SELL,LIMIT,1000900,34
1740,268477071109,NEW,891,SELL,LIMIT,1000700,23
1741,268534487678,NEW,892,SELL,LIMIT,1000700,32
1742,268948918509,CANCEL,888,BUY,LIMIT,998900,35
1743,269003770249,NEW,893,BUY,LIMIT,998900,31
1744,269073173297,NEW,894,SELL,LIMIT,1000400,34
1745,269204145777,CANCEL,859,BUY,LIMIT,999300,31
1746,269431097616,NEW,895,BUY,LIMIT,999600,26
1747,269514599229,NEW,896,SELL,LIMIT,1000600,34
1748,269648900312,NEW,897,SELL,LIMIT,1000400,32
1749,269714992491,CANCEL,869,BUY,LIMIT,999100,100
1750,269720268310,CANCEL,876,SELL,LIMIT,1000700,33
1751,269776989968,NEW,898,SELL,LIMIT,1001100,38
1752,269802078240,NEW,899,BUY,LIMIT,999100,32
1753,269927297995,CANCEL,885,SELL,LIMIT,1000600,30
1754,270390536645,CANCEL,856,SELL,LIMIT,1000900,27
1755,270441285817,NEW,900,SELL,LIMIT,1001000,23
1756,270476813863,NEW,901,BUY,LIMIT,998900,32
1757,270600988036,CANCEL,821,BUY,LIMIT,999100,27
1758,271053807684,CANCEL,872,BUY,LIMIT,999100,23
1759,271141986920,CANCEL,846,BUY,LIMIT,999100,25
1760,271390927875,CANCEL,886,SELL,LIMIT,1000700,30
1761,271392388312,CANCEL,883,BUY,LIMIT,999800,100
1762,271493855538,CANCEL,851,BUY,LIMIT,999000,27
1763,271616106897,CANCEL,796,SELL,LIMIT,1001200,27
1764,271733995046,CANCEL,877,BUY,LIMIT,999400,40
1765,271804232452,NEW,902,BUY,LIMIT,999600,40
1766,271829297064,NEW,903,BUY,LIMIT,999100,26
1767,272366215584,CANCEL,870,BUY,LIMIT,998900,25
1768,272471860881,NEW,904,SELL,LIMIT,1000700,28
1769,272498917253,CANCEL,894,SELL,LIMIT,1000400,34
1770,272639303908,CANCEL,867,BUY,LIMIT,998900,24
1771,272974289106,CANCEL,865,SELL,LIMIT,1001300,25
1772,273724162585,NEW,905,BUY,LIMIT,999200,40
1773,273912570633,CANCEL,878,BUY,LIMIT,999500,49
1774,273980923515,CANCEL,891,SELL,LIMIT,1000700,23
1775,273989136465,NEW,906,BUY,LIMIT,999300,27
1776,274109373490,NEW,907,BUY,LIMIT,999200,28
1777,274252283460,NEW,908,BUY,LIMIT,999400,2
1778,274300455391,CANCEL,840,BUY,LIMIT,998900,28
1779,274386044911,CANCEL,842,SELL,LIMIT,1000400,34
1780,274647728729,NEW,909,SELL,LIMIT,1001300,24
1781,274738665720,CANCEL,826,BUY,LIMIT,998800,21
1782,274970104856,NEW,910,BUY,LIMIT,999000,35
1783,275081808495,NEW,911,SELL,LIMIT,1001300,32
1784,275146070633,NEW,912,SELL,LIMIT,1000400,26
1785,275837886507,NEW,913,SELL,LIMIT,1000600,30
1786,275963800943,CANCEL,896,SELL,LIMIT,1000600,34
1787,276038581009,CANCEL,862,BUY,LIMIT,999000,23
1788,276245237369,NEW,914,BUY,LIMIT,999300,32
1789,276351432118,CANCEL,844,BUY,LIMIT,998600,28
1790,276783186160,NEW,915,SELL,LIMIT,1001300,26
1791,276958712227,NEW,916,SELL,LIMIT,1001300,30
1792,277095053675,NEW,917,BUY,LIMIT,999900,25
1793,277392569229,CANCEL,902,BUY,LIMIT,999600,40
1794,277493916105,CANCEL,905,BUY,LIMIT,999200,40
1795,277828196468,NEW,918,SELL,LIMIT,1000700,32
1796,278084076668,CANCEL,868,SELL,LIMIT,1000600,30
1797,278119436672,NEW,919,SELL,LIMIT,1000600,34
1798,278315243041,CANCEL,909,SELL,LIMIT,1001300,24
1799,278343863575,NEW,920,SELL,LIMIT,1000600,100
1800,278346312241,CANCEL,912,SELL,LIMIT,1000400,26
1801,278908814557,CANCEL,914,BUY,LIMIT,999300,32
1802,278989790301,CANCEL,920,SELL,LIMIT,1000600,100
1803,279042971476,NEW,921,SELL,LIMIT,1001000,45
1804,279296214560,NEW,922,BUY,LIMIT,999400,25
1805,279752704506,NEW,923,BUY,LIMIT,999600,30
1806,279956304553,NEW,924,SELL,LIMIT,1000700,23
1807,280161194815,CANCEL,922,BUY,LIMIT,999400,25
1808,280206008719,NEW,925,SELL,LIMIT,1000800,27
1809,280287832571,CANCEL,892,SELL,LIMIT,1000700,32
1810,280339576689,NEW,926,SELL,LIMIT,1000100,32
1811,280374275951,CANCEL,863,BUY,LIMIT,999500,28
1812,280391373228,NEW,927,SELL,LIMIT,1000900,30
1813,280725478160,CANCEL,900,SELL,LIMIT,1001000,23
1814,280767680787,CANCEL,875,BUY,LIMIT,999200,29
1815,281281690188,CANCEL,767,SELL,LIMIT,1000700,4
1816,281362154832,NEW,928,SELL,LIMIT,1000200,28
1817,281377473898,NEW,929,BUY,LIMIT,998600,25
1818,281415513849,CANCEL,895,BUY,LIMIT,999600,26
1819,281448878587,NEW,930,BUY,LIMIT,999400,45
1820,281568158582,NEW,931,BUY,LIMIT,999100,17
1821,281661153266,CANCEL,921,SELL,LIMIT,1001000,45
1822,281720013685,NEW,932,BUY,LIMIT,998800,28
1823,281893565041,CANCEL,913,SELL,LIMIT,1000600,30
1824,282009186856,NEW,933,BUY,LIMIT,999100,23
1825,282057987575,CANCEL,927,SELL,LIMIT,1000900,30
1826,282061843544,NEW,934,BUY,LIMIT,998600,27
1827,282149674286,NEW,935,SELL,LIMIT,1000800,24
1828,282257401694,CANCEL,897,SELL,LIMIT,1000400,32
1829,282283211365,NEW,936,BUY,LIMIT,999100,36
1830,282544083831,CANCEL,923,BUY,LIMIT,999600,30
1831,282746184342,NEW,937,SELL,LIMIT,1001400,40
1832,282833451577,NEW,938,SELL,LIMIT,1000800,100
1833,282869636266,NEW,939,SELL,LIMIT,1000200,24
1834,283035136635,NEW,940,BUY,LIMIT,999100,27
1835,283352535643,CANCEL,906,BUY,LIMIT,999300,27
1836,283365269305,CANCEL,932,BUY,LIMIT,998800,28
1837,283379187754,CANCEL,853,SELL,LIMIT,1000400,36
1838,283383400385,NEW,941,BUY,LIMIT,998900,34
1839,283445145242,NEW,942,SELL,LIMIT,1001000,100
1840,283657417978,CANCEL,919,SELL,LIMIT,1000600,34
1841,283898142980,CANCEL,941,BUY,LIMIT,998900,34
1842,283922292827,NEW,943,BUY,LIMIT,998800,26
1843,283941279385,CANCEL,934,BUY,LIMIT,998600,27
1844,283966925116,CANCEL,910,BUY,LIMIT,999000,35
1845,284261168664,NEW,944,SELL,LIMIT,1001400,32
1846,284327706835,CANCEL,855,BUY,LIMIT,999800,32
1847,284831898049,CANCEL,925,SELL,LIMIT,1000800,27
1848,284872375392,CANCEL,832,SELL,LIMIT,1000500,29
1849,284961744195,CANCEL,918,SELL,LIMIT,1000700,32
1850,285041886251,CANCEL,936,BUY,LIMIT,999100,36
1851,285077404404,CANCEL,937,SELL,LIMIT,1001400,40
1852,285425199677,CANCEL,942,SELL,LIMIT,1001000,100
1853,285623493868,NEW,945,BUY,LIMIT,998600,31
1854,285667014411,NEW,946,BUY,LIMIT,998600,25
1855,285877660108,CANCEL,911,SELL,LIMIT,1001300,32
1856,286129096630,NEW,947,BUY,LIMIT,999400,27
1857,286149815318,CANCEL,947,BUY,LIMIT,999400,27
1858,286379613652,NEW,948,BUY,LIMIT,999400,27
1859,286483530399,NEW,949,SELL,LIMIT,1000300,34
1860,286730566009,CANCEL,907,BUY,LIMIT,999200,28
1861,286740016660,CANCEL,901,BUY,LIMIT,998900,32
1862,286895507440,NEW,950,SELL,LIMIT,1000900,24
1863,287051395316,NEW,951,SELL,LIMIT,1000600,2
1864,287196938995,CANCEL,924,SELL,LIMIT,1000700,23
1865,287374412925,CANCEL,903,BUY,LIMIT,999100,26
1866,287516499248,NEW,952,SELL,LIMIT,1001000,32
1867,287596136132,NEW,953,SELL,LIMIT,1000800,32
1868,287723429673,CANCEL,879,BUY,LIMIT,998900,35
1869,287840631919,NEW,954,SELL,LIMIT,1001400,40
1870,287963789759,NEW,955,SELL,LIMIT,1000600,25
1871,288226505879,CANCEL,763,BUY,LIMIT,999700,26
1872,288283713728,NEW,956,SELL,LIMIT,1000800,29
1873,288392039300,CANCEL,898,SELL,LIMIT,1001100,38
1874,288591876349,CANCEL,887,SELL,LIMIT,1001300,28
1875,288647912745,CANCEL,926,SELL,LIMIT,1000100,32
1876,288668660721,CANCEL,956,SELL,LIMIT,1000800,29
1877,288849894616,CANCEL,916,SELL,LIMIT,1001300,30
1878,288998393654,CANCEL,893,BUY,LIMIT,998900,31
1879,289100590291,NEW,957,BUY,LIMIT,999300,23
1880,289199474100,NEW,958,BUY,LIMIT,1000000,100
1881,289234736412,CANCEL,955,SELL,LIMIT,1000600,25
1882,289344994976,NEW,959,BUY,LIMIT,999500,34
1883,289346133195,NEW,960,BUY,LIMIT,999800,23
1884,289781615736,CANCEL,904,SELL,LIMIT,1000700,28
1885,289867827044,CANCEL,950,SELL,LIMIT,1000900,24
1886,289910928253,NEW,961,SELL,LIMIT,1001200,20
1887,289968180944,NEW,962,BUY,LIMIT,999300,30
1888,290014826906,NEW,963,BUY,LIMIT,999300,28
1889,290201295189,NEW,964,SELL,LIMIT,1001100,27
1890,290665151487,CANCEL,939,SELL,LIMIT,1000200,24
1891,290675191650,CANCEL,943,BUY,LIMIT,998800,26
1892,291192472009,NEW,965,SELL,LIMIT,1000800,28
1893,291251455665,NEW,966,BUY,LIMIT,999400,38
1894,291281932064,CANCEL,931,BUY,LIMIT,999100,17
1895,291288695053,CANCEL,928,SELL,LIMIT,1000200,28
1896,291824958684,CANCEL,957,BUY,LIMIT,999300,23
1897,291900396726,CANCEL,961,SELL,LIMIT,1001200,20
1898,292303906382,CANCEL,965,SELL,LIMIT,1000800,28
1899,292421483360,CANCEL,938,SELL,LIMIT,1000800,100
1900,292552867074,NEW,967,BUY,LIMIT,998800,24
1901,292591502048,CANCEL,915,SELL,LIMIT,1001300,26
1902,292630978541,NEW,968,BUY,LIMIT,999900,38
1903,292644209007,NEW,969,SELL,LIMIT,1000900,27
1904,293357338794,CANCEL,945,BUY,LIMIT,998600,31
1905,293693814662,CANCEL,952,SELL,LIMIT,1001000,32
1906,294481211394,NEW,970,SELL,LIMIT,1000800,48
1907,294528392113,CANCEL,954,SELL,LIMIT,1001400,40
1908,294628160524,CANCEL,881,SELL,LIMIT,1000600,24
1909,294719095858,NEW,971,SELL,LIMIT,1001000,25
1910,294719181517,NEW,972,BUY,LIMIT,999400,30
1911,294982357572,CANCEL,967,BUY,LIMIT,998800,24
1912,295081080838,NEW,973,BUY,LIMIT,999400,24
1913,295155741587,NEW,974,SELL,LIMIT,1001000,26
1914,295165959919,NEW,975,SELL,LIMIT,1000700,23
1915,295181623993,CANCEL,966,BUY,LIMIT,999400,38
1916,295281890858,NEW,976,SELL,LIMIT,1000800,27
1917,295357675337,NEW,977,BUY,LIMIT,998800,26
1918,295803666766,NEW,978,SELL,LIMIT,1000800,100
1919,295812735469,NEW,979,SELL,LIMIT,1001500,33
1920,295948634233,CANCEL,935,SELL,LIMIT,1000800,24
1921,295952007246,NEW,980,SELL,LIMIT,1001500,29
1922,296820091726,NEW,981,BUY,LIMIT,999400,33
1923,297232033314,NEW,982,SELL,LIMIT,1000700,33
1924,297296210244,NEW,983,SELL,LIMIT,1000900,29
1925,297339751436,NEW,984,BUY,LIMIT,998800,29
1926,297443066966,NEW,985,SELL,LIMIT,1000900,100
1927,297575239784,CANCEL,980,SELL,LIMIT,1001500,29
1928,297736547814,CANCEL,970,SELL,LIMIT,1000800,48
1929,298135449738,CANCEL,971,SELL,LIMIT,1001000,25
1930,298140901333,CANCEL,977,BUY,LIMIT,998800,26
1931,298536276922,CANCEL,974,SELL,LIMIT,1001000,26
1932,298580019688,CANCEL,963,BUY,LIMIT,999300,28
1933,298602430598,NEW,986,SELL,LIMIT,1001000,28
1934,298877191807,CANCEL,978,SELL,LIMIT,1000800,100
1935,299215483472,CANCEL,933,BUY,LIMIT,999100,23
1936,299337061970,CANCEL,953,SELL,LIMIT,1000800,32
1937,299392523977,NEW,987,SELL,LIMIT,1001200,25
1938,299500597086,NEW,988,SELL,LIMIT,1000900,30
1939,299673805103,CANCEL,969,SELL,LIMIT,1000900,27
1940,300096463825,CANCEL,962,BUY,LIMIT,999300,30
1941,300134960290,NEW,989,BUY,LIMIT,999500,25
1942,300151668684,NEW,990,BUY,LIMIT,999300,23
1943,300203682008,CANCEL,975,SELL,LIMIT,1000700,23
1944,300266804895,NEW,991,BUY,LIMIT,999400,100
1945,300330344510,CANCEL,959,BUY,LIMIT,999500,34
1946,300575907343,NEW,992,BUY,LIMIT,999000,20
1947,300584953237,CANCEL,991,BUY,LIMIT,999400,100
1948,300602465455,NEW,993,BUY,LIMIT,999300,27
1949,300795138766,NEW,994,SELL,LIMIT,1001100,32
1950,300859139121,NEW,995,SELL,LIMIT,1001300,33
1951,301014190229,NEW,996,SELL,LIMIT,1001500,22
1952,301021428966,NEW,997,SELL,LIMIT,1000900,24
1953,301317246600,CANCEL,994,SELL,LIMIT,1001100,32
1954,301384325202,CANCEL,783,SELL,LIMIT,1000700,25
1955,301407184425,NEW,998,BUY,LIMIT,998800,25
1956,301557669873,NEW,999,SELL,LIMIT,1000800,27
1957,301812717918,CANCEL,976,SELL,LIMIT,1000800,27
1958,301828937181,CANCEL,940,BUY,LIMIT,999100,27
1959,301934581415,CANCEL,985,SELL,LIMIT,1000900,100
1960,301948988940,NEW,1000,BUY,LIMIT,999700,6
1961,302047550011,CANCEL,998,BUY,LIMIT,998800,25
1962,302068714149,NEW,1001,BUY,LIMIT,999300,31
1963,302128685279,NEW,1002,SELL,LIMIT,1001100,25
1964,302142472193,NEW,1003,BUY,LIMIT,999500,30
1965,302219288941,NEW,1004,SELL,LIMIT,1001000,28
1966,302344344911,CANCEL,1000,BUY,LIMIT,999700,6
1967,302477831898,CANCEL,973,BUY,LIMIT,999400,24
1968,302636292530,NEW,1005,BUY,LIMIT,999500,23
1969,302662707585,CANCEL,960,BUY,LIMIT,999800,23
1970,302923701017,CANCEL,944,SELL,LIMIT,1001400,32
1971,303081160110,CANCEL,986,SELL,LIMIT,1001000,28
1972,303256691838,NEW,1006,BUY,LIMIT,999700,29
1973,303362490394,CANCEL,858,SELL,LIMIT,1000500,30
1974,303390138357,NEW,1007,SELL,LIMIT,1000200,34
1975,303455690159,CANCEL,990,BUY,LIMIT,999300,23
1976,303520103685,NEW,1008,BUY,LIMIT,999400,25
1977,303568619088,NEW,1009,BUY,LIMIT,999000,22
1978,303634780046,NEW,1010,SELL,LIMIT,1000600,25
1979,303761679400,NEW,1011,BUY,LIMIT,999000,35
1980,304252907072,NEW,1012,BUY,LIMIT,999900,27
1981,304721831716,CANCEL,993,BUY,LIMIT,999300,27
1982,305169411119,NEW,1013,BUY,LIMIT,999400,32
1983,305423834358,NEW,1014,SELL,LIMIT,1000800,30
1984,305431769878,CANCEL,988,SELL,LIMIT,1000900,30
1985,305496816111,NEW,1015,SELL,LIMIT,1000900,23
1986,305528948686,NEW,1016,SELL,LIMIT,1001500,26
1987,305730938084,CANCEL,899,BUY,LIMIT,999100,32
1988,306022195991,NEW,1017,SELL,LIMIT,1001000,32
1989,306156142394,CANCEL,890,BUY,LIMIT,999400,21
1990,306161559542,NEW,1018,BUY,LIMIT,999700,27
1991,306276206433,NEW,1019,BUY,LIMIT,999400,30
1992,306357605413,NEW,1020,SELL,LIMIT,1000800,24
1993,306706327476,CANCEL,948,BUY,LIMIT,999400,27
1994,307134037936,NEW,1021,BUY,LIMIT,999500,29
1995,307659333095,CANCEL,1001,BUY,LIMIT,999300,31
1996,307889146132,NEW,1022,SELL,LIMIT,1000900,25
1997,307995007655,CANCEL,930,BUY,LIMIT,999400,45
1998,308017471725,CANCEL,964,SELL,LIMIT,1001100,27
1999,308244656934,NEW,1023,SELL,LIMIT,1000600,28
2000,308528319403,NEW,1024,BUY,LIMIT,999300,26
2001,308638777514,CANCEL,958,BUY,LIMIT,1000000,100
2002,309364916672,NEW,1025,SELL,LIMIT,1001100,40
2003,309401789353,CANCEL,1011,BUY,LIMIT,999000,35
2004,309710371085,CANCEL,979,SELL,LIMIT,1001500,33
2005,309869299811,CANCEL,1021,BUY,LIMIT,999500,29
2006,309878759178,CANCEL,1014,SELL,LIMIT,1000800,30
2007,310192024874,CANCEL,995,SELL,LIMIT,1001300,33
2008,310276220018,CANCEL,996,SELL,LIMIT,1001500,22
2009,310523548463,CANCEL,1008,BUY,LIMIT,999400,25
2010,310653963306,CANCEL,972,BUY,LIMIT,999400,30
2011,310901749419,NEW,1026,BUY,LIMIT,999200,30
2012,310940735075,NEW,1027,BUY,LIMIT,999100,31
2013,310954485717,CANCEL,1026,BUY,LIMIT,999200,30
2014,311163996837,NEW,1028,BUY,LIMIT,998700,32
2015,311311913125,CANCEL,983,SELL,LIMIT,1000900,29
2016,311369337768,NEW,1029,SELL,LIMIT,1000800,29
2017,311494417700,CANCEL,929,BUY,LIMIT,998600,25
2018,311499210837,CANCEL,1025,SELL,LIMIT,1001100,40
2019,311518085835,CANCEL,1028,BUY,LIMIT,998700,32
2020,311730342849,NEW,1030,SELL,LIMIT,1000600,30
2021,312447128969,NEW,1031,SELL,LIMIT,1000500,28
2022,312581080240,NEW,1032,BUY,LIMIT,999900,27
2023,312599611540,CANCEL,874,BUY,LIMIT,999700,23
2024,312606725009,NEW,1033,SELL,LIMIT,1001400,30
2025,312645637035,NEW,1034,BUY,LIMIT,999200,26
2026,312762821343,CANCEL,1034,BUY,LIMIT,999200,26
2027,312896226350,NEW,1035,SELL,LIMIT,1001200,30
2028,313153881792,NEW,1036,BUY,LIMIT,999500,33
2029,313622786946,CANCEL,1017,SELL,LIMIT,1001000,32
2030,314258779013,CANCEL,987,SELL,LIMIT,1001200,25
2031,314284573497,NEW,1037,BUY,LIMIT,999400,23
2032,314304611619,NEW,1038,BUY,LIMIT,999200,44
2033,314507572876,NEW,1039,BUY,LIMIT,999100,31
2034,314621220630,NEW,1040,BUY,LIMIT,998900,28
2035,314763094937,CANCEL,1039,BUY,LIMIT,999100,31
2036,314763300285,CANCEL,1032,BUY,LIMIT,999900,27
2037,314924663563,NEW,1041,SELL,LIMIT,1000900,35
2038,314964302962,NEW,1042,BUY,LIMIT,999300,23
2039,314977755717,CANCEL,1040,BUY,LIMIT,998900,28
2040,315034619154,NEW,1043,BUY,LIMIT,999500,40
2041,315068056632,CANCEL,1003,BUY,LIMIT,999500,30
2042,315222424821,NEW,1044,SELL,LIMIT,1001000,31
2043,315248054218,NEW,1045,SELL,LIMIT,1001400,40
2044,315451161665,CANCEL,1038,BUY,LIMIT,999200,44
2045,315455070173,CANCEL,1024,BUY,LIMIT,999300,26
2046,315624181384,CANCEL,1013,BUY,LIMIT,999400,32
2047,315760760617,CANCEL,1019,BUY,LIMIT,999400,30
2048,315825382607,CANCEL,1007,SELL,LIMIT,1000200,34
2049,316061901300,NEW,1046,SELL,LIMIT,1001400,29
2050,316308723326,CANCEL,1004,SELL,LIMIT,1001000,28
2051,316484161723,NEW,1047,BUY,LIMIT,999400,47
2052,316675901937,NEW,1048,SELL,LIMIT,1000900,27
2053,316778394630,CANCEL,1029,SELL,LIMIT,1000800,29
2054,316929062968,CANCEL,989,BUY,LIMIT,999500,25
2055,317057061287,CANCEL,982,SELL,LIMIT,1000700,33
2056,317275027244,NEW,1049,BUY,LIMIT,1000100,30
2057,317289551776,NEW,1050,SELL,MARKET,,11
2058,317289551776,REDUCE,1049,BUY,LIMIT,1000100,19
2059,317411879444,CANCEL,1041,SELL,LIMIT,1000900,35
2060,317602699501,CANCEL,946,BUY,LIMIT,998600,25
2061,317703784966,CANCEL,1030,SELL,LIMIT,1000600,30
2062,317865475768,CANCEL,1037,BUY,LIMIT,999400,23
2063,317878952312,NEW,1051,SELL,LIMIT,1001300,5
2064,318130968913,CANCEL,1006,BUY,LIMIT,999700,29
2065,318233480842,CANCEL,1020,SELL,LIMIT,1000800,24
2066,318404742904,CANCEL,1009,BUY,LIMIT,999000,22
2067,318714563257,CANCEL,1005,BUY,LIMIT,999500,23
2068,318832008671,CANCEL,1023,SELL,LIMIT,1000600,28
2069,318919938415,CANCEL,1015,SELL,LIMIT,1000900,23
2070,319428473739,NEW,1052,BUY,LIMIT,999400,26
2071,319502432619,CANCEL,917,BUY,LIMIT,999900,25
2072,319526017478,CANCEL,968,BUY,LIMIT,999900,38
2073,319839196895,CANCEL,1043,BUY,LIMIT,999500,40
2074,320214205208,CANCEL,984,BUY,LIMIT,998800,29
2075,320355334074,NEW,1053,SELL,LIMIT,1000500,30
2076,320578623407,CANCEL,1053,SELL,LIMIT,1000500,30
2077,320853290485,CANCEL,1045,SELL,LIMIT,1001400,40
2078,320943249463,CANCEL,992,BUY,LIMIT,999000,20
2079,321216580983,NEW,1054,SELL,LIMIT,1000900,100
2080,321321115863,CANCEL,1027,BUY,LIMIT,999100,31
2081,321367182140,CANCEL,1047,BUY,LIMIT,999400,47
2082,321502641139,CANCEL,1052,BUY,LIMIT,999400,26
2083,321722056848,NEW,1055,SELL,LIMIT,1001600,34
2084,322063881825,NEW,1056,BUY,LIMIT,999100,30
2085,322325589332,CANCEL,1048,SELL,LIMIT,1000900,27
2086,322331297955,NEW,1057,BUY,LIMIT,999300,28
2087,322356432344,NEW,1058,BUY,LIMIT,999700,30
2088,322670512042,NEW,1059,BUY,LIMIT,999100,31
2089,322692042963,NEW,1060,BUY,LIMIT,999500,28
2090,322712947131,NEW,1061,BUY,LIMIT,999400,100
2091,322993759901,NEW,1062,BUY,LIMIT,999400,30
2092,323210598749,CANCEL,1058,BUY,LIMIT,999700,30
2093,323296537112,NEW,1063,SELL,LIMIT,1001300,400
2094,323409253983,CANCEL,1016,SELL,LIMIT,1001500,26
2095,323426839977,NEW,1064,SELL,MARKET,,38
2096,323426839977,CANCEL,1049,BUY,LIMIT,1000100,19
2097,323426839977,REDUCE,1012,BUY,LIMIT,999900,8
2098,323450296278,CANCEL,1060,BUY,LIMIT,999500,28
2099,323493094318,CANCEL,1046,SELL,LIMIT,1001400,29
2100,323792914131,NEW,1065,BUY,LIMIT,999200,29
2101,324191082979,CANCEL,1054,SELL,LIMIT,1000900,100
2102,324256358393,NEW,1066,SELL,LIMIT,1001400,27
2103,324257229460,CANCEL,1061,BUY,LIMIT,999400,100
2104,324418724038,NEW,1067,SELL,LIMIT,1000800,27
2105,324474590466,NEW,1068,BUY,LIMIT,999400,32
2106,324495998682,CANCEL,1033,SELL,LIMIT,1001400,30
2107,324617388544,CANCEL,1066,SELL,LIMIT,1001400,27
2108,324658055820,CANCEL,1031,SELL,LIMIT,1000500,28
2109,324734575469,NEW,1069,BUY,LIMIT,998800,100
2110,324742134958,CANCEL,949,SELL,LIMIT,1000300,34
2111,325069035602,CANCEL,1002,SELL,LIMIT,1001100,25
2112,325390757631,CANCEL,1010,SELL,LIMIT,1000600,25
2113,325618315732,CANCEL,1063,SELL,LIMIT,1001300,400
2114,325735913281,NEW,1070,BUY,LIMIT,999100,28
2115,326125610142,NEW,1071,BUY,LIMIT,999800,27
2116,326141831616,NEW,1072,SELL,LIMIT,1001400,34
2117,326278480936,CANCEL,981,BUY,LIMIT,999400,33
2118,326693308554,CANCEL,1072,SELL,LIMIT,1001400,34
2119,326952184521,CANCEL,997,SELL,LIMIT,1000900,24
2120,327670470588,NEW,1073,SELL,LIMIT,1000400,28
2121,327843465585,CANCEL,999,SELL,LIMIT,1000800,27
2122,328108293678,NEW,1074,SELL,LIMIT,1000200,32
2123,328340898734,NEW,1075,SELL,MARKET,,22
2124,328340898734,CANCEL,1012,BUY,LIMIT,999900,8
2125,328340898734,REDUCE,1071,BUY,LIMIT,999800,13
2126,328366032620,NEW,1076,SELL,MARKET,,99
2127,328366032620,CANCEL,1071,BUY,LIMIT,999800,13
2128,328366032620,CANCEL,1018,BUY,LIMIT,999700,27
2129,328366032620,CANCEL,1036,BUY,LIMIT,999500,33
2130,328366032620,CANCEL,884,BUY,LIMIT,999400,10
2131,328366032620,CANCEL,908,BUY,LIMIT,999400,2
2132,328366032620,REDUCE,1062,BUY,LIMIT,999400,16
2133,328419002872,NEW,1077,SELL,LIMIT,1000100,25
2134,328444647820,NEW,1078,BUY,LIMIT,999300,32
2135,328477108327,NEW,1079,BUY,LIMIT,999800,25
2136,328543974709,CANCEL,1068,BUY,LIMIT,999400,32
2137,328602872861,CANCEL,1044,SELL,LIMIT,1001000,31
2138,328714648625,CANCEL,1073,SELL,LIMIT,1000400,28
2139,329007217209,NEW,1080,BUY,LIMIT,999100,30
2140,329027865850,NEW,1081,BUY,LIMIT,999000,23
2141,329109346443,CANCEL,1069,BUY,LIMIT,998800,100
2142,329281156726,NEW,1082,BUY,LIMIT,999200,27
2143,329401839937,NEW,1083,BUY,LIMIT,998900,27
2144,329498610942,CANCEL,1056,BUY,LIMIT,999100,30
2145,329562955322,NEW,1084,SELL,LIMIT,1000600,29
2146,329675277726,NEW,1085,BUY,LIMIT,999000,2
2147,329955315718,NEW,1086,SELL,LIMIT,1000100,29
2148,330039555921,NEW,1087,BUY,LIMIT,999700,24
2149,330141818474,NEW,1088,BUY,LIMIT,999400,26
2150,330506151968,NEW,1089,BUY,LIMIT,999300,32
2151,330578686188,NEW,1090,SELL,LIMIT,1000400,29
2152,330671063288,CANCEL,1035,SELL,LIMIT,1001200,30
2153,330780313459,NEW,1091,BUY,LIMIT,999200,25
2154,330788137081,NEW,1092,BUY,LIMIT,998600,31
2155,331024816778,CANCEL,1091,BUY,LIMIT,999200,25
2156,331211331155,CANCEL,1086,SELL,LIMIT,1000100,29
2157,331569814235,CANCEL,1055,SELL,LIMIT,1001600,34
2158,331611833662,CANCEL,1067,SELL,LIMIT,1000800,27
2159,331867702525,NEW,1093,BUY,LIMIT,999100,23
2160,331926755154,NEW,1094,BUY,LIMIT,999500,28
2161,332260173789,CANCEL,1088,BUY,LIMIT,999400,26
2162,332781637684,NEW,1095,SELL,LIMIT,1001300,28
2163,332881005545,CANCEL,1092,BUY,LIMIT,998600,31
2164,333123997400,NEW,1096,SELL,LIMIT,1000500,48
2165,333134266599,CANCEL,1042,BUY,LIMIT,999300,23
2166,333536832908,NEW,1097,BUY,LIMIT,998800,35
2167,333682405024,CANCEL,1096,SELL,LIMIT,1000500,48
2168,333747782632,NEW,1098,SELL,LIMIT,1000600,40
2169,333858592994,CANCEL,1098,SELL,LIMIT,1000600,40
2170,333889097979,CANCEL,1070,BUY,LIMIT,999100,28
2171,333921948220,CANCEL,1081,BUY,LIMIT,999000,23
2172,334068804845,CANCEL,1065,BUY,LIMIT,999200,29
2173,334151996730,NEW,1099,SELL,LIMIT,1000600,33
2174,334184012311,CANCEL,1080,BUY,LIMIT,999100,30
2175,334265575747,NEW,1100,BUY,LIMIT,999500,100
2176,334369995400,NEW,1101,BUY,LIMIT,999400,26
2177,334432790245,NEW,1102,BUY,LIMIT,999800,96
2178,334509286106,CANCEL,1097,BUY,LIMIT,998800,35
2179,334778410946,NEW,1103,BUY,LIMIT,999100,28
2180,334864581481,NEW,1104,SELL,LIMIT,1000400,30
2181,334961386705,NEW,1105,SELL,LIMIT,1000700,43
2182,335123273503,CANCEL,1078,BUY,LIMIT,999300,32
2183,335161362115,CANCEL,1101,BUY,LIMIT,999400,26
2184,335225989829,CANCEL,1104,SELL,LIMIT,1000400,30
2185,335367798444,NEW,1106,BUY,LIMIT,999200,25
2186,335392087699,CANCEL,1100,BUY,LIMIT,999500,100
2187,335505840959,NEW,1107,SELL,LIMIT,1000900,29
2188,335581773906,NEW,1108,SELL,LIMIT,1001300,29
2189,335945313226,NEW,1109,SELL,LIMIT,1000800,25
2190,336123210222,NEW,1110,BUY,LIMIT,999300,2
2191,336189602071,CANCEL,1093,BUY,LIMIT,999100,23
2192,336538095399,CANCEL,1109,SELL,LIMIT,1000800,25
2193,336897111361,NEW,1111,SELL,LIMIT,1000600,34
2194,336974052026,NEW,1112,BUY,LIMIT,998600,23
2195,337021932357,CANCEL,1074,SELL,LIMIT,1000200,32
2196,337219581269,CANCEL,1102,BUY,LIMIT,999800,96
2197,337373751184,NEW,1113,BUY,LIMIT,998600,25
2198,337383504767,CANCEL,1099,SELL,LIMIT,1000600,33
2199,337728359728,NEW,1114,SELL,LIMIT,1000600,29
2200,338127752777,NEW,1115,SELL,LIMIT,1001300,29
2201,338256622865,CANCEL,1106,BUY,LIMIT,999200,25
2202,338616210757,NEW,1116,SELL,LIMIT,1001000,100
2203,338636595322,NEW,1117,BUY,LIMIT,999000,6
2204,339023301121,NEW,1118,BUY,LIMIT,999900,30
2205,339129769179,NEW,1119,SELL,LIMIT,1000700,27
2206,339386988870,NEW,1120,BUY,LIMIT,999300,25
2207,339781515787,NEW,1121,SELL,LIMIT,1001400,27
2208,339810777920,NEW,1122,BUY,LIMIT,999100,23
2209,339852565209,NEW,1123,SELL,LIMIT,1001200,30
2210,339891462201,CANCEL,1057,BUY,LIMIT,999300,28
2211,339964673936,NEW,1124,BUY,LIMIT,999300,38
2212,339970366293,NEW,1125,BUY,LIMIT,999200,28
2213,340174528835,NEW,1126,SELL,LIMIT,1001000,31
2214,340190322409,NEW,1127,SELL,LIMIT,1000800,32
2215,340555736280,CANCEL,1117,BUY,LIMIT,999000,6
2216,340616704623,NEW,1128,SELL,LIMIT,1000400,30
2217,340658989169,NEW,1129,SELL,LIMIT,1001400,25
2218,340724407455,CANCEL,1121,SELL,LIMIT,1001400,27
2219,340749171607,CANCEL,1112,BUY,LIMIT,998600,23
2220,340983249681,NEW,1130,SELL,LIMIT,1000900,25
2221,340994872432,NEW,1131,SELL,LIMIT,1000600,27
2222,341048753429,CANCEL,1094,BUY,LIMIT,999500,28
2223,341261985815,CANCEL,1126,SELL,LIMIT,1001000,31
2224,341339141722,CANCEL,1107,SELL,LIMIT,1000900,29
2225,341348988367,CANCEL,1095,SELL,LIMIT,1001300,28
2226,341433413611,CANCEL,1130,SELL,LIMIT,1000900,25
2227,341788309038,NEW,1132,SELL,LIMIT,1000700,32
2228,341857019940,CANCEL,1111,SELL,LIMIT,1000600,34
2229,341982229588,NEW,1133,SELL,LIMIT,1001000,28
2230,342023920626,CANCEL,1082,BUY,LIMIT,999200,27
2231,342035194551,NEW,1134,SELL,LIMIT,1001400,25
2232,342136102108,CANCEL,1116,SELL,LIMIT,1001000,100
2233,342313295509,NEW,1135,BUY,LIMIT,998600,30
2234,342364238897,CANCEL,1123,SELL,LIMIT,1001200,30
2235,342408714213,NEW,1136,SELL,LIMIT,1000700,26
2236,342569815007,NEW,1137,BUY,LIMIT,999200,100
2237,342883429337,NEW,1138,BUY,LIMIT,999000,30
2238,343044168101,CANCEL,1137,BUY,LIMIT,999200,100
2239,343131268736,NEW,1139,SELL,LIMIT,1000700,23
2240,343145675250,CANCEL,1127,SELL,LIMIT,1000800,32
2241,343377650357,CANCEL,1090,SELL,LIMIT,1000400,29
2242,343475700672,CANCEL,1129,SELL,LIMIT,1001400,25
2243,343607363981,NEW,1140,BUY,LIMIT,998900,33
2244,344011874708,CANCEL,1140,BUY,LIMIT,998900,33
2245,344057319825,NEW,1141,SELL,LIMIT,1000600,30
2246,344076853385,NEW,1142,SELL,LIMIT,1001400,33
2247,344279495841,NEW,1143,SELL,LIMIT,1000800,40
2248,344456409815,CANCEL,1108,SELL,LIMIT,1001300,29
2249,344537410826,NEW,1144,BUY,LIMIT,999200,24
2250,345048202592,CANCEL,1138,BUY,LIMIT,999000,30
2251,345094116961,NEW,1145,BUY,LIMIT,999200,26
2252,345351170369,NEW,1146,SELL,LIMIT,1000500,24
2253,345528986381,CANCEL,1128,SELL,LIMIT,1000400,30
2254,345553384060,NEW,1147,SELL,LIMIT,1001400,40
2255,345622693124,NEW,1148,SELL,LIMIT,1000700,26
2256,345685344841,NEW,1149,BUY,LIMIT,999400,24
2257,346032090064,CANCEL,1124,BUY,LIMIT,999300,38
2258,346222687406,CANCEL,1113,BUY,LIMIT,998600,25
2259,346239395780,CANCEL,1122,BUY,LIMIT,999100,23
2260,346613588235,CANCEL,1120,BUY,LIMIT,999300,25
2261,346672298499,NEW,1150,BUY,LIMIT,999100,20
2262,346833620434,CANCEL,1147,SELL,LIMIT,1001400,40
2263,346854790028,NEW,1151,BUY,LIMIT,999400,30
2264,347115965436,CANCEL,1079,BUY,LIMIT,999800,25
2265,347480004845,CANCEL,1135,BUY,LIMIT,998600,30
2266,347796496012,CANCEL,1131,SELL,LIMIT,1000600,27
2267,347893514114,NEW,1152,SELL,LIMIT,1000600,28
2268,347912903779,CANCEL,1087,BUY,LIMIT,999700,24
2269,347948286089,NEW,1153,SELL,LIMIT,1000800,31
2270,348216193226,NEW,1154,SELL,LIMIT,1000500,25
2271,348415557299,NEW,1155,BUY,LIMIT,998600,26
2272,348534161238,NEW,1156,SELL,LIMIT,1000700,35
2273,348555428231,NEW,1157,BUY,LIMIT,999000,29
2274,348576701243,CANCEL,1059,BUY,LIMIT,999100,31
2275,348638489085,CANCEL,1148,SELL,LIMIT,1000700,26
2276,348678939605,CANCEL,1144,BUY,LIMIT,999200,24
2277,348926779069,CANCEL,1115,SELL,LIMIT,1001300,29
2278,348939342799,NEW,1158,BUY,LIMIT,999500,24
2279,349123993821,CANCEL,1062,BUY,LIMIT,999400,16
2280,349281105561,CANCEL,1133,SELL,LIMIT,1001000,28
2281,349394529887,CANCEL,1145,BUY,LIMIT,999200,26
2282,349603543984,CANCEL,1143,SELL,LIMIT,1000800,40
2283,350024509527,NEW,1159,SELL,LIMIT,1001400,28
2284,350039375363,CANCEL,1154,SELL,LIMIT,1000500,25
2285,350088005389,CANCEL,1146,SELL,LIMIT,1000500,24
2286,350122646411,CANCEL,1156,SELL,LIMIT,1000700,35
2287,350186456441,NEW,1160,BUY,LIMIT,999800,23
2288,350215482779,NEW,1161,BUY,LIMIT,998600,29
2289,350330319608,CANCEL,1083,BUY,LIMIT,998900,27
2290,350554191969,NEW,1162,BUY,LIMIT,999300,26
2291,350729821416,CANCEL,1022,SELL,LIMIT,1000900,25
2292,351082864768,CANCEL,1114,SELL,LIMIT,1000600,29
2293,351143671728,CANCEL,1141,SELL,LIMIT,1000600,30
2294,351805521419,CANCEL,1142,SELL,LIMIT,1001400,33
2295,351992708683,CANCEL,1159,SELL,LIMIT,1001400,28
2296,352191561468,NEW,1163,SELL,LIMIT,1000800,25
2297,352341548261,CANCEL,1136,SELL,LIMIT,1000700,26
2298,352375138370,CANCEL,1077,SELL,LIMIT,1000100,25
2299,352422817572,CANCEL,1149,BUY,LIMIT,999400,24
2300,352565757888,NEW,1164,BUY,LIMIT,999100,25
2301,352569482919,NEW,1165,SELL,LIMIT,1000600,45
2302,352827600429,CANCEL,1119,SELL,LIMIT,1000700,27
2303,352900794818,NEW,1166,SELL,LIMIT,1000900,25
2304,352965567813,NEW,1167,SELL,LIMIT,1000900,30
2305,353225097926,CANCEL,1164,BUY,LIMIT,999100,25
2306,353270241888,NEW,1168,SELL,LIMIT,1000600,23
2307,353484124163,CANCEL,1165,SELL,LIMIT,1000600,45
2308,353734279697,CANCEL,1089,BUY,LIMIT,999300,32
2309,353791735295,NEW,1169,SELL,LIMIT,1000800,30
2310,354098593857,CANCEL,1103,BUY,LIMIT,999100,28
2311,354323500042,NEW,1170,SELL,LIMIT,1000800,25
2312,354341914809,CANCEL,1105,SELL,LIMIT,1000700,43
2313,354349196292,CANCEL,1153,SELL,LIMIT,1000800,31
2314,355408800840,NEW,1171,SELL,LIMIT,1000900,29
2315,355810913953,CANCEL,1167,SELL,LIMIT,1000900,30
2316,355835179276,NEW,1172,BUY,LIMIT,1000200,30
2317,355974994901,NEW,1173,BUY,LIMIT,999900,36
2318,356665780272,CANCEL,1171,SELL,LIMIT,1000900,29
2319,356681764902,NEW,1174,BUY,LIMIT,999800,25
2320,356741425254,NEW,1175,SELL,LIMIT,1001700,30
2321,356989309135,CANCEL,1151,BUY,LIMIT,999400,30
2322,357254691677,NEW,1176,BUY,LIMIT,999700,47
2323,357393610538,NEW,1177,BUY,LIMIT,999800,12
2324,357442256096,NEW,1178,SELL,LIMIT,1000400,32
2325,357589455426,CANCEL,1118,BUY,LIMIT,999900,30
2326,357615904874,NEW,1179,SELL,LIMIT,1001100,35
2327,357658060545,CANCEL,1134,SELL,LIMIT,1001400,25
2328,357659280805,CANCEL,1170,SELL,LIMIT,1000800,25
2329,357715352950,NEW,1180,SELL,LIMIT,1001100,26
2330,358172985934,NEW,1181,BUY,MARKET,,68
2331,358172985934,CANCEL,1178,SELL,LIMIT,1000400,32
2332,358172985934,CANCEL,951,SELL,LIMIT,1000600,2
2333,358172985934,CANCEL,1084,SELL,LIMIT,1000600,29
2334,358172985934,REDUCE,1152,SELL,LIMIT,1000600,23
2335,358830679934,CANCEL,1125,BUY,LIMIT,999200,28
2336,358964437458,CANCEL,1175,SELL,LIMIT,1001700,30
2337,359438320981,CANCEL,1169,SELL,LIMIT,1000800,30
2338,359931241443,NEW,1182,SELL,LIMIT,1001200,26
2339,359997510949,NEW,1183,BUY,LIMIT,999500,21
2340,360256551924,CANCEL,1160,BUY,LIMIT,999800,23
2341,360288854617,NEW,1184,SELL,LIMIT,1001200,25
2342,360351761374,CANCEL,827,BUY,LIMIT,998900,4
2343,360526118113,CANCEL,1158,BUY,LIMIT,999500,24
2344,360544966128,CANCEL,1132,SELL,LIMIT,1000700,32
2345,360725217001,CANCEL,1177,BUY,LIMIT,999800,12
2346,360866750740,NEW,1185,SELL,LIMIT,1001200,32
2347,360967136382,NEW,1186,BUY,LIMIT,1000000,28
2348,361030985122,CANCEL,1163,SELL,LIMIT,1000800,25
2349,361179163032,CANCEL,1139,SELL,LIMIT,1000700,23
2350,361239898434,CANCEL,1186,BUY,LIMIT,1000000,28
2351,361262874907,NEW,1187,BUY,LIMIT,999600,28
2352,361882659501,CANCEL,1185,SELL,LIMIT,1001200,32
2353,362071739083,NEW,1188,SELL,LIMIT,1001000,34
2354,362227480183,NEW,1189,SELL,LIMIT,1001200,26
2355,363095032342,NEW,1190,BUY,LIMIT,999100,25
2356,363374611132,NEW,1191,BUY,LIMIT,1000300,20
2357,363395632669,CANCEL,1172,BUY,LIMIT,1000200,30
2358,363977448660,NEW,1192,SELL,LIMIT,1001800,26
2359,364003106265,CANCEL,1161,BUY,LIMIT,998600,29
2360,364254929047,CANCEL,1173,BUY,LIMIT,999900,36
2361,364291516636,NEW,1193,BUY,LIMIT,999800,100
2362,364366535932,CANCEL,1180,SELL,LIMIT,1001100,26
2363,364519737720,NEW,1194,SELL,LIMIT,1001400,100
2364,364740420187,CANCEL,1194,SELL,LIMIT,1001400,100
2365,365759003757,NEW,1195,BUY,LIMIT,999100,32
2366,366072345724,NEW,1196,SELL,LIMIT,1001300,38
2367,366135129143,CANCEL,1183,BUY,LIMIT,999500,21
2368,366339527883,NEW,1197,BUY,LIMIT,999600,23
2369,366414495194,NEW,1198,SELL,LIMIT,1001200,25
2370,366423046426,NEW,1199,BUY,LIMIT,999800,27
2371,366731941198,CANCEL,1196,SELL,LIMIT,1001300,38
2372,366797578322,NEW,1200,SELL,LIMIT,1000600,33
2373,366954741869,NEW,1201,SELL,LIMIT,1001300,29
2374,367028944869,NEW,1202,SELL,LIMIT,1001000,26
2375,367821534464,NEW,1203,SELL,LIMIT,1001800,29
2376,368018896464,CANCEL,1155,BUY,LIMIT,998600,26
2377,368192151807,NEW,1204,SELL,LIMIT,1000700,25
2378,368687073261,CANCEL,1193,BUY,LIMIT,999800,100
2379,368751332699,CANCEL,1188,SELL,LIMIT,1001000,34
2380,368996915221,CANCEL,1162,BUY,LIMIT,999300,26
2381,369132601674,CANCEL,1199,BUY,LIMIT,999800,27
2382,369758567621,NEW,1205,SELL,LIMIT,1001000,26
2383,370062006865,NEW,1206,BUY,LIMIT,999800,32
2384,370203248774,NEW,1207,SELL,LIMIT,1001200,30
2385,370276436005,CANCEL,1184,SELL,LIMIT,1001200,25
2386,370669599969,CANCEL,1198,SELL,LIMIT,1001200,25
2387,370754033459,NEW,1208,SELL,LIMIT,1000600,25
2388,370769936544,NEW,1209,BUY,LIMIT,999100,28
2389,370911680927,CANCEL,1195,BUY,LIMIT,999100,32
2390,370958909950,NEW,1210,BUY,LIMIT,999700,31
2391,371062015741,NEW,1211,SELL,LIMIT,1000900,20
2392,371545234004,NEW,1212,BUY,LIMIT,999700,33
2393,371693990116,NEW,1213,SELL,LIMIT,1001100,23
2394,371718871153,CANCEL,1182,SELL,LIMIT,1001200,26
2395,371771825429,NEW,1214,BUY,LIMIT,999900,25
2396,371893633521,NEW,1215,BUY,LIMIT,999400,25
2397,372089058933,CANCEL,1190,BUY,LIMIT,999100,25
2398,372349477846,NEW,1216,SELL,LIMIT,1001800,19
2399,372705206048,CANCEL,1213,SELL,LIMIT,1001100,23
2400,372931360302,NEW,1217,BUY,LIMIT,999800,47
2401,373010073270,CANCEL,1206,BUY,LIMIT,999800,32
2402,373149171570,CANCEL,1157,BUY,LIMIT,999000,29
2403,373304314559,NEW,1218,SELL,LIMIT,1001200,25
2404,373342654039,NEW,1219,SELL,LIMIT,1001400,20
2405,373774841550,CANCEL,1202,SELL,LIMIT,1001000,26
2406,374351049906,NEW,1220,SELL,LIMIT,1001600,35
2407,374394995375,NEW,1221,BUY,LIMIT,999800,32
2408,374436214840,NEW,1222,SELL,LIMIT,1001300,23
2409,374473966568,CANCEL,1220,SELL,LIMIT,1001600,35
2410,374657691382,NEW,1223,BUY,LIMIT,999700,25
2411,374916546114,CANCEL,1204,SELL,LIMIT,1000700,25
2412,374957604746,CANCEL,1197,BUY,LIMIT,999600,23
2413,374991332087,CANCEL,1217,BUY,LIMIT,999800,47
2414,375167710473,CANCEL,1222,SELL,LIMIT,1001300,23
2415,375246407634,NEW,1224,BUY,LIMIT,999100,45
2416,375258981717,NEW,1225,SELL,LIMIT,1001300,45
2417,375687991107,CANCEL,1214,BUY,LIMIT,999900,25
2418,375712706676,CANCEL,1212,BUY,LIMIT,999700,33
2419,375827806170,NEW,1226,SELL,LIMIT,1001200,30
2420,376066996073,CANCEL,1187,BUY,LIMIT,999600,28
2421,376068684399,NEW,1227,SELL,LIMIT,1000900,27
2422,376084948593,CANCEL,1211,SELL,LIMIT,1000900,20
2423,376132732090,CANCEL,1192,SELL,LIMIT,1001800,26
2424,376240245741,NEW,1228,SELL,LIMIT,1001300,35
2425,376376493897,CANCEL,1200,SELL,LIMIT,1000600,33
2426,376439519089,CANCEL,1210,BUY,LIMIT,999700,31
2427,376484746906,CANCEL,1228,SELL,LIMIT,1001300,35
2428,376560903355,NEW,1229,SELL,LIMIT,1001500,100
2429,376685207368,CANCEL,1209,BUY,LIMIT,999100,28
2430,377029090541,NEW,1230,BUY,LIMIT,999100,32
2431,377302265665,CANCEL,1201,SELL,LIMIT,1001300,29
2432,377874820568,NEW,1231,SELL,LIMIT,1001800,45
2433,377929542921,NEW,1232,SELL,LIMIT,1001200,32
2434,377980339242,CANCEL,1227,SELL,LIMIT,1000900,27
2435,378071789977,CANCEL,1176,BUY,LIMIT,999700,47
2436,378148744799,NEW,1233,SELL,LIMIT,1001400,30
2437,378173399300,NEW,1234,SELL,MARKET,,5
2438,378173399300,REDUCE,1191,BUY,LIMIT,1000300,15
2439,378258146090,CANCEL,1174,BUY,LIMIT,999800,25
2440,378871700350,CANCEL,1226,SELL,LIMIT,1001200,30
2441,378949193648,CANCEL,1230,BUY,LIMIT,999100,32
2442,378959489597,NEW,1235,SELL,LIMIT,1001500,31
2443,379383318344,NEW,1236,SELL,LIMIT,1001800,34
2444,379410226087,CANCEL,1231,SELL,LIMIT,1001800,45
2445,379715105950,CANCEL,1224,BUY,LIMIT,999100,45
2446,379775231513,CANCEL,1232,SELL,LIMIT,1001200,32
2447,379847583584,NEW,1237,SELL,LIMIT,1001100,45
2448,379956730043,CANCEL,1216,SELL,LIMIT,1001800,19
2449,380146113349,NEW,1238,SELL,LIMIT,1001200,33
2450,380246592718,CANCEL,1237,SELL,LIMIT,1001100,45
2451,380501188371,NEW,1239,SELL,LIMIT,1001600,29
2452,381142866516,NEW,1240,BUY,LIMIT,999800,30
2453,381306764307,NEW,1241,SELL,LIMIT,1001200,54
2454,381536678540,CANCEL,1152,SELL,LIMIT,1000600,23
2455,381617308062,NEW,1242,SELL,LIMIT,1001000,30
2456,381886454343,NEW,1243,BUY,LIMIT,999600,28
2457,381947538599,NEW,1244,BUY,LIMIT,999200,24
2458,381968293384,CANCEL,1221,BUY,LIMIT,999800,32
2459,382065621519,CANCEL,1218,SELL,LIMIT,1001200,25
2460,382270700684,CANCEL,1229,SELL,LIMIT,1001500,100
2461,382309690743,NEW,1245,BUY,LIMIT,999900,25
2462,382682306052,NEW,1246,BUY,LIMIT,999500,23
2463,382975098526,NEW,1247,SELL,LIMIT,1001000,100
2464,383138721862,NEW,1248,BUY,LIMIT,999700,27
2465,383324365499,CANCEL,1247,SELL,LIMIT,1001000,100
2466,383634920956,CANCEL,1238,SELL,LIMIT,1001200,33
2467,384000143151,NEW,1249,BUY,LIMIT,999900,28
2468,384277973978,CANCEL,1219,SELL,LIMIT,1001400,20
2469,384332227995,CANCEL,1244,BUY,LIMIT,999200,24
2470,384456109399,NEW,1250,SELL,LIMIT,1001200,35
2471,384461826523,CANCEL,1239,SELL,LIMIT,1001600,29
2472,384616675413,NEW,1251,SELL,LIMIT,1001200,100
2473,384643786502,CANCEL,1241,SELL,LIMIT,1001200,54
2474,385063635850,CANCEL,1251,SELL,LIMIT,1001200,100
2475,385100646063,NEW,1252,SELL,LIMIT,1001300,28
2476,385138921959,NEW,1253,SELL,LIMIT,1001000,28
2477,385268295487,NEW,1254,SELL,LIMIT,1000700,24
2478,385290841523,CANCEL,1248,BUY,LIMIT,999700,27
2479,385429575471,NEW,1255,SELL,LIMIT,1001100,26
2480,385709773895,NEW,1256,SELL,LIMIT,1001400,30
2481,385790099690,CANCEL,1166,SELL,LIMIT,1000900,25
2482,386135072737,CANCEL,1255,SELL,LIMIT,1001100,26
2483,386380452437,NEW,1257,SELL,LIMIT,1001300,40
2484,386381246103,NEW,1258,BUY,LIMIT,999100,30
2485,386464621010,NEW,1259,SELL,LIMIT,1001200,25
2486,386539392142,NEW,1260,SELL,LIMIT,1001800,23
2487,386597587178,CANCEL,1243,BUY,LIMIT,999600,28
2488,386700372866,NEW,1261,BUY,LIMIT,999600,28
2489,386860928899,NEW,1262,BUY,LIMIT,999700,21
2490,386928385080,NEW,1263,BUY,LIMIT,999100,23
2491,386988008113,NEW,1264,SELL,LIMIT,1001800,28
2492,387171502396,CANCEL,1249,BUY,LIMIT,999900,28
2493,387240598979,NEW,1265,BUY,LIMIT,999500,25
2494,387271144743,NEW,1266,BUY,LIMIT,1000000,24
2495,387286246723,NEW,1267,BUY,LIMIT,1000000,25
2496,387304723297,CANCEL,1250,SELL,LIMIT,1001200,35
2497,387340344259,NEW,1268,SELL,LIMIT,1001400,34
2498,387345906192,NEW,1269,BUY,LIMIT,1000000,26
2499,387989238661,CANCEL,1215,BUY,LIMIT,999400,25
2500,388381271532,NEW,1270,SELL,LIMIT,1001800,28
2501,389296389279,CANCEL,1208,SELL,LIMIT,1000600,25
2502,389319734614,NEW,1271,SELL,LIMIT,1001000,20
2503,389424693050,CANCEL,1179,SELL,LIMIT,1001100,35
2504,389630052608,NEW,1272,BUY,LIMIT,999600,32
2505,389775267063,CANCEL,1252,SELL,LIMIT,1001300,28
2506,389983706594,CANCEL,1051,SELL,LIMIT,1001300,5
2507,390312781901,NEW,1273,BUY,LIMIT,999500,29
2508,390476058426,CANCEL,1269,BUY,LIMIT,1000000,26
2509,390704744544,NEW,1274,BUY,LIMIT,999900,28
2510,390854860436,NEW,1275,SELL,LIMIT,1001800,25
2511,391482475747,NEW,1276,SELL,LIMIT,1001800,26
2512,391498127137,CANCEL,1240,BUY,LIMIT,999800,30
2513,391870610390,NEW,1277,BUY,LIMIT,999400,30
2514,391915927985,CANCEL,1277,BUY,LIMIT,999400,30
2515,392233058378,NEW,1278,SELL,LIMIT,1000700,30
2516,392580468591,NEW,1279,SELL,LIMIT,1001400,40
2517,392738081118,CANCEL,1242,SELL,LIMIT,1001000,30
2518,392961024791,NEW,1280,BUY,LIMIT,999500,30
2519,393084073668,CANCEL,1256,SELL,LIMIT,1001400,30
2520,393230386173,CANCEL,1274,BUY,LIMIT,999900,28
2521,393235954532,CANCEL,1276,SELL,LIMIT,1001800,26
2522,393371727432,NEW,1281,SELL,LIMIT,1000600,45
2523,393417886191,NEW,1282,BUY,LIMIT,999100,30
2524,393455073703,CANCEL,1253,SELL,LIMIT,1001000,28
2525,393505916137,NEW,1283,BUY,LIMIT,999500,1
2526,393666802370,CANCEL,1257,SELL,LIMIT,1001300,40
2527,393819934859,CANCEL,1233,SELL,LIMIT,1001400,30
2528,393905436306,NEW,1284,SELL,LIMIT,1001100,28
2529,394079119521,CANCEL,1284,SELL,LIMIT,1001100,28
2530,394175513271,NEW,1285,BUY,LIMIT,999600,30
2531,394215947788,CANCEL,1281,SELL,LIMIT,1000600,45
2532,394553890855,CANCEL,1264,SELL,LIMIT,1001800,28
2533,394843965414,NEW,1286,SELL,LIMIT,1001100,28
2534,395093610336,NEW,1287,BUY,LIMIT,1000400,26
2535,395231672114,NEW,1288,BUY,LIMIT,999800,30
2536,395415972609,CANCEL,1207,SELL,LIMIT,1001200,30
2537,395733351380,CANCEL,1235,SELL,LIMIT,1001500,31
2538,395939552846,NEW,1289,SELL,LIMIT,1001200,34
2539,395952487053,NEW,1290,SELL,LIMIT,1001200,20
2540,396069826787,NEW,1291,SELL,LIMIT,1001100,100
2541,396091876627,CANCEL,1289,SELL,LIMIT,1001200,34
2542,396196063443,NEW,1292,BUY,LIMIT,999500,35
2543,396220118932,CANCEL,1236,SELL,LIMIT,1001800,34
2544,396383867053,CANCEL,1272,BUY,LIMIT,999600,32
2545,396413939695,CANCEL,1223,BUY,LIMIT,999700,25
2546,396684321395,CANCEL,1246,BUY,LIMIT,999500,23
2547,396691543147,NEW,1293,BUY,LIMIT,999300,32
2548,396740946256,CANCEL,1273,BUY,LIMIT,999500,29
2549,396989221491,NEW,1294,SELL,LIMIT,1001100,32
2550,397228106571,CANCEL,1291,SELL,LIMIT,1001100,100
2551,397413191584,CANCEL,1203,SELL,LIMIT,1001800,29
2552,397421485935,NEW,1295,BUY,LIMIT,999600,32
2553,397693442039,CANCEL,1286,SELL,LIMIT,1001100,28
2554,397862056151,CANCEL,1295,BUY,LIMIT,999600,32
2555,398018012143,CANCEL,1292,BUY,LIMIT,999500,35
2556,398142017817,NEW,1296,SELL,LIMIT,1001300,31
2557,398415852760,CANCEL,1205,SELL,LIMIT,1001000,26
2558,398450604356,NEW,1297,BUY,LIMIT,1000400,40
2559,398653323984,NEW,1298,BUY,LIMIT,1000200,32
2560,398825791833,NEW,1299,BUY,LIMIT,999800,23
2561,399046814949,NEW,1300,BUY,LIMIT,999800,29
2562,399311612985,CANCEL,1297,BUY,LIMIT,1000400,40
2563,399421477163,CANCEL,1280,BUY,LIMIT,999500,30
2564,399581958638,CANCEL,1261,BUY,LIMIT,999600,28
2565,399962708584,CANCEL,1293,BUY,LIMIT,999300,32
2566,400234642752,CANCEL,1294,SELL,LIMIT,1001100,32
2567,400314815358,CANCEL,1265,BUY,LIMIT,999500,25
2568,400422602167,NEW,1301,BUY,LIMIT,999500,100
2569,400450987770,CANCEL,1287,BUY,LIMIT,1000400,26
2570,400490986510,CANCEL,1270,SELL,LIMIT,1001800,28
2571,400707377352,NEW,1302,SELL,LIMIT,1001400,27
2572,400733348113,NEW,1303,BUY,LIMIT,999900,6
2573,401309450813,NEW,1304,SELL,LIMIT,1001300,32
2574,401682693480,CANCEL,1254,SELL,LIMIT,1000700,24
2575,401842904055,CANCEL,1285,BUY,LIMIT,999600,30
2576,401864175830,NEW,1305,BUY,LIMIT,999700,26
2577,401907328458,NEW,1306,BUY,LIMIT,999100,29
2578,402241483030,NEW,1307,SELL,LIMIT,1001100,33
2579,402326071097,CANCEL,1307,SELL,LIMIT,1001100,33
2580,402486991277,NEW,1308,SELL,LIMIT,1001200,25
2581,402504401874,CANCEL,1301,BUY,LIMIT,999500,100
2582,402517477151,NEW,1309,BUY,LIMIT,1000400,30
2583,402633367938,NEW,1310,SELL,LIMIT,1001900,24
2584,402693080745,CANCEL,1302,SELL,LIMIT,1001400,27
2585,402702528527,NEW,1311,BUY,LIMIT,1000400,31
2586,402707966999,CANCEL,1309,BUY,LIMIT,1000400,30
2587,402733891923,NEW,1312,BUY,LIMIT,999100,27
2588,402830138794,NEW,1313,SELL,LIMIT,1000700,45
2589,403206792204,NEW,1314,SELL,LIMIT,1001400,30
2590,403401663601,CANCEL,1189,SELL,LIMIT,1001200,26
2591,403866277613,CANCEL,1313,SELL,LIMIT,1000700,45
2592,403896282259,CANCEL,1168,SELL,LIMIT,1000600,23
2593,403932274000,CANCEL,1288,BUY,LIMIT,999800,30
2594,404001884041,NEW,1315,BUY,LIMIT,1000000,40
2595,404711636029,NEW,1316,SELL,LIMIT,1001300,30
2596,404758644843,CANCEL,1300,BUY,LIMIT,999800,29
2597,404957805662,CANCEL,1298,BUY,LIMIT,1000200,32
2598,404975220698,CANCEL,1275,SELL,LIMIT,1001800,25
2599,405012846059,NEW,1317,SELL,LIMIT,1001300,30
2600,405101568918,NEW,1318,BUY,LIMIT,999700,27
2601,405203181216,NEW,1319,SELL,LIMIT,1001400,29
2602,405406478468,NEW,1320,BUY,LIMIT,999700,30
2603,405481979102,CANCEL,1296,SELL,LIMIT,1001300,31
2604,405552217731,CANCEL,1260,SELL,LIMIT,1001800,23
2605,405792980061,NEW,1321,SELL,LIMIT,1000800,28
2606,405968155523,NEW,1322,BUY,LIMIT,999700,30
2607,406047975711,CANCEL,1319,SELL,LIMIT,1001400,29
2608,406200925344,NEW,1323,BUY,LIMIT,1000400,20
2609,406394964119,NEW,1324,BUY,LIMIT,999800,27
2610,406421053344,CANCEL,1324,BUY,LIMIT,999800,27
2611,406616324463,CANCEL,1318,BUY,LIMIT,999700,27
2612,406634624705,CANCEL,1304,SELL,LIMIT,1001300,32
2613,406761180318,NEW,1325,BUY,LIMIT,999600,30
2614,406900777481,CANCEL,1258,BUY,LIMIT,999100,30
2615,406989440058,CANCEL,1325,BUY,LIMIT,999600,30
2616,407277211962,CANCEL,1317,SELL,LIMIT,1001300,30
2617,407378728231,NEW,1326,SELL,LIMIT,1001200,40
2618,407468633841,CANCEL,1262,BUY,LIMIT,999700,21
2619,407946308008,CANCEL,1308,SELL,LIMIT,1001200,25
2620,408621229781,NEW,1327,SELL,LIMIT,1001400,33
2621,408910928575,CANCEL,1312,BUY,LIMIT,999100,27
2622,408964885045,CANCEL,1314,SELL,LIMIT,1001400,30
2623,409345372796,NEW,1328,BUY,LIMIT,999600,300
2624,409360249901,NEW,1329,BUY,LIMIT,999800,43
2625,409636654162,CANCEL,1245,BUY,LIMIT,999900,25
2626,409703898735,NEW,1330,SELL,LIMIT,1001500,28
2627,409750094548,NEW,1331,SELL,LIMIT,1001900,49
2628,409817321369,CANCEL,1266,BUY,LIMIT,1000000,24
2629,409872340439,CANCEL,1328,BUY,LIMIT,999600,300
2630,409877087079,NEW,1332,BUY,LIMIT,1000400,30
2631,410243272585,NEW,1333,BUY,LIMIT,999700,45
2632,410437563597,CANCEL,1330,SELL,LIMIT,1001500,28
2633,410473750130,CANCEL,1191,BUY,LIMIT,1000300,15
2634,410612029241,CANCEL,1267,BUY,LIMIT,1000000,25
2635,410865362299,NEW,1334,SELL,LIMIT,1001000,17
2636,410940325275,CANCEL,1225,SELL,LIMIT,1001300,45
2637,411053253127,CANCEL,1331,SELL,LIMIT,1001900,49
2638,411074402807,CANCEL,1271,SELL,LIMIT,1001000,20
2639,411175119757,NEW,1335,SELL,LIMIT,1001100,47
2640,411305149676,CANCEL,1263,BUY,LIMIT,999100,23
2641,411620064637,CANCEL,1316,SELL,LIMIT,1001300,30
2642,411678511646,CANCEL,1329,BUY,LIMIT,999800,43
2643,411816086444,NEW,1336,SELL,LIMIT,1001400,35
2644,411990434933,NEW,1337,BUY,LIMIT,999900,27
2645,412416768177,NEW,1338,BUY,LIMIT,999300,30
2646,412521156256,CANCEL,1299,BUY,LIMIT,999800,23
2647,412538382152,NEW,1339,SELL,LIMIT,1001100,25
2648,412571705686,NEW,1340,BUY,LIMIT,999800,29
2649,412638371552,CANCEL,1326,SELL,LIMIT,1001200,40
2650,412794106338,CANCEL,1333,BUY,LIMIT,999700,45
2651,413060387284,NEW,1341,SELL,LIMIT,1001700,3
2652,413162116545,CANCEL,1310,SELL,LIMIT,1001900,24
2653,413702090679,CANCEL,1336,SELL,LIMIT,1001400,35
2654,413854227679,CANCEL,1327,SELL,LIMIT,1001400,33
2655,413918724095,NEW,1342,SELL,LIMIT,1001300,23
2656,414061450153,CANCEL,1279,SELL,LIMIT,1001400,40
2657,414069121283,NEW,1343,BUY,LIMIT,999200,24
2658,415137322312,CANCEL,1311,BUY,LIMIT,1000400,31
2659,415238993852,CANCEL,1268,SELL,LIMIT,1001400,34
2660,415280799809,CANCEL,1315,BUY,LIMIT,1000000,40
2661,415436425080,CANCEL,1335,SELL,LIMIT,1001100,47
2662,415622257969,NEW,1344,BUY,LIMIT,999500,20
2663,415818042132,NEW,1345,SELL,LIMIT,1000700,29
2664,415842767191,NEW,1346,BUY,LIMIT,999700,100
2665,416295566940,NEW,1347,SELL,LIMIT,1001500,23
2666,416369411057,CANCEL,1332,BUY,LIMIT,1000400,30
2667,416656581205,NEW,1348,BUY,LIMIT,999500,23
2668,416685739735,NEW,1349,BUY,LIMIT,999500,14
2669,416991249379,CANCEL,1348,BUY,LIMIT,999500,23
2670,417201805558,NEW,1350,SELL,LIMIT,1001700,24
2671,417396711443,CANCEL,1278,SELL,LIMIT,1000700,30
2672,417559213563,CANCEL,1346,BUY,LIMIT,999700,100
2673,417736998108,CANCEL,1321,SELL,LIMIT,1000800,28
2674,417812071868,NEW,1351,SELL,LIMIT,1001200,30
2675,417907718671,NEW,1352,SELL,LIMIT,1001600,31
2676,418335058999,NEW,1353,SELL,LIMIT,1001400,25
2677,418387158739,NEW,1354,SELL,LIMIT,1001100,40
2678,418641693490,NEW,1355,BUY,LIMIT,999700,30
2679,418977255422,CANCEL,1342,SELL,LIMIT,1001300,23
2680,419161964536,NEW,1356,BUY,LIMIT,1000000,38
2681,419469611132,NEW,1357,BUY,MARKET,,2
2682,419469611132,REDUCE,1345,SELL,LIMIT,1000700,27
2683,419783203566,NEW,1358,SELL,LIMIT,1001900,24
2684,420275870276,CANCEL,1345,SELL,LIMIT,1000700,27
2685,420318564074,NEW,1359,BUY,LIMIT,999500,29
2686,420874703982,NEW,1360,SELL,LIMIT,1001600,28
2687,420877540055,NEW,1361,SELL,LIMIT,1000900,29
2688,420969343880,CANCEL,1334,SELL,LIMIT,1001000,17
2689,420981560349,NEW,1362,SELL,LIMIT,1000700,30
2690,421035401851,CANCEL,1320,BUY,LIMIT,999700,30
2691,421104460947,CANCEL,1352,SELL,LIMIT,1001600,31
2692,421157345388,NEW,1363,BUY,LIMIT,999800,31
2693,421521817538,CANCEL,1305,BUY,LIMIT,999700,26
2694,421922990149,NEW,1364,SELL,LIMIT,1001100,29
2695,422150394512,NEW,1365,BUY,LIMIT,999600,30
2696,422162661435,CANCEL,1363,BUY,LIMIT,999800,31
2697,422506829240,CANCEL,1340,BUY,LIMIT,999800,29
2698,422885479481,CANCEL,1306,BUY,LIMIT,999100,29
2699,423312067126,NEW,1366,BUY,LIMIT,999200,31
2700,423437471618,CANCEL,1322,BUY,LIMIT,999700,30
2701,423519933669,NEW,1367,SELL,LIMIT,1001200,30
2702,423955448032,NEW,1368,BUY,LIMIT,999900,26
2703,424402353811,NEW,1369,SELL,LIMIT,1001100,44
2704,424584561167,CANCEL,1347,SELL,LIMIT,1001500,23
2705,424678063906,NEW,1370,BUY,LIMIT,999200,14
2706,424721825899,NEW,1371,SELL,LIMIT,1001900,24
2707,425283848407,CANCEL,1354,SELL,LIMIT,1001100,40
2708,425388480501,CANCEL,1364,SELL,LIMIT,1001100,29
2709,425577225223,NEW,1372,SELL,LIMIT,1001200,28
2710,425653363671,CANCEL,1356,BUY,LIMIT,1000000,38
2711,425780877997,NEW,1373,SELL,LIMIT,1001200,33
2712,425924615176,NEW,1374,SELL,LIMIT,1001400,31
2713,425932995562,CANCEL,1373,SELL,LIMIT,1001200,33
2714,426068110211,NEW,1375,SELL,LIMIT,1000900,32
2715,426160572390,NEW,1376,BUY,LIMIT,999900,26
2716,426252433159,NEW,1377,BUY,LIMIT,1000400,100
2717,426288172304,NEW,1378,SELL,LIMIT,1001200,48
2718,426722152626,NEW,1379,BUY,LIMIT,999200,21
2719,426995256371,CANCEL,1358,SELL,LIMIT,1001900,24
2720,427374405131,NEW,1380,SELL,LIMIT,1001900,40
2721,427509828658,NEW,1381,BUY,LIMIT,999800,45
2722,427519440372,CANCEL,1369,SELL,LIMIT,1001100,44
2723,427564528043,CANCEL,1378,SELL,LIMIT,1001200,48
2724,428100029081,CANCEL,1377,BUY,LIMIT,1000400,100
2725,428103957152,NEW,1382,SELL,LIMIT,1000900,38
2726,428250577840,CANCEL,1379,BUY,LIMIT,999200,21
2727,428596540806,CANCEL,1371,SELL,LIMIT,1001900,24
2728,428598552322,CANCEL,1350,SELL,LIMIT,1001700,24
2729,428873087179,CANCEL,1382,SELL,LIMIT,1000900,38
2730,429180459686,CANCEL,1361,SELL,LIMIT,1000900,29
2731,429410124438,CANCEL,1365,BUY,LIMIT,999600,30
2732,429478700541,NEW,1383,SELL,LIMIT,1001400,27
2733,429483995340,NEW,1384,SELL,LIMIT,1001700,1
2734,429574795509,NEW,1385,SELL,LIMIT,1001200,30
2735,429612741208,CANCEL,1381,BUY,LIMIT,999800,45
2736,430037655974,NEW,1386,BUY,LIMIT,1000300,29
2737,430276038634,NEW,1387,BUY,LIMIT,999700,32
2738,430277912074,NEW,1388,BUY,LIMIT,999500,33
2739,430313687588,CANCEL,1366,BUY,LIMIT,999200,31
2740,430373933825,CANCEL,1338,BUY,LIMIT,999300,30
2741,430464144038,CANCEL,1387,BUY,LIMIT,999700,32
2742,430603277856,CANCEL,1344,BUY,LIMIT,999500,20
2743,430646044208,NEW,1389,SELL,LIMIT,1001900,32
2744,430703923441,NEW,1390,SELL,LIMIT,1001500,35
2745,430951952305,NEW,1391,BUY,LIMIT,1000100,23
2746,430999819874,CANCEL,1370,BUY,LIMIT,999200,14
2747,431003645105,NEW,1392,BUY,LIMIT,999200,25
2748,431099353672,NEW,1393,SELL,LIMIT,1001400,32
2749,431099510181,CANCEL,1351,SELL,LIMIT,1001200,30
2750,431429047544,CANCEL,1150,BUY,LIMIT,999100,20
2751,431571691796,CANCEL,1390,SELL,LIMIT,1001500,35
2752,431619538662,CANCEL,1362,SELL,LIMIT,1000700,30
2753,431670041846,CANCEL,1374,SELL,LIMIT,1001400,31
2754,432178236378,CANCEL,1392,BUY,LIMIT,999200,25
2755,432203193171,NEW,1394,BUY,LIMIT,1000000,23
2756,432478531236,NEW,1395,SELL,LIMIT,1001200,29
2757,432537257662,NEW,1396,SELL,LIMIT,1001200,28
2758,432554928589,NEW,1397,BUY,LIMIT,1000500,100
2759,432715993204,NEW,1398,SELL,MARKET,,63
2760,432715993204,REDUCE,1397,BUY,LIMIT,1000500,37
2761,432886212993,NEW,1399,SELL,LIMIT,1001600,32
2762,432893750167,NEW,1400,BUY,LIMIT,999400,27
2763,433000390538,NEW,1401,BUY,LIMIT,1000400,30
2764,433101813630,NEW,1402,SELL,LIMIT,1001400,45
2765,433145707011,NEW,1403,SELL,LIMIT,1001400,17
2766,433183501730,NEW,1404,SELL,LIMIT,1001300,23
2767,433256241043,NEW,1405,BUY,LIMIT,1000600,26
2768,433306131578,CANCEL,1359,BUY,LIMIT,999500,29
2769,433436599399,CANCEL,1386,BUY,LIMIT,1000300,29
2770,433556558185,NEW,1406,BUY,LIMIT,1000300,27
2771,434377917089,NEW,1407,SELL,LIMIT,1001600,29
2772,434407598562,CANCEL,1391,BUY,LIMIT,1000100,23
2773,434713229317,NEW,1408,SELL,LIMIT,1001400,28
2774,434738715329,CANCEL,1395,SELL,LIMIT,1001200,29
2775,434882420745,CANCEL,1339,SELL,LIMIT,1001100,25
2776,434927831252,CANCEL,1385,SELL,LIMIT,1001200,30
2777,434932407578,NEW,1409,BUY,LIMIT,999900,30
2778,435235055465,NEW,1410,SELL,LIMIT,1001500,27
2779,435287372877,NEW,1411,SELL,LIMIT,1001600,25
2780,435697512431,NEW,1412,SELL,MARKET,,47
2781,435697512431,CANCEL,1405,BUY,LIMIT,1000600,26
2782,435697512431,REDUCE,1397,BUY,LIMIT,1000500,16
2783,436021166786,NEW,1413,SELL,LIMIT,1001100,26
2784,436083225514,CANCEL,1355,BUY,LIMIT,999700,30
2785,436150776379,NEW,1414,BUY,LIMIT,1000000,26
2786,436247706076,NEW,1415,BUY,LIMIT,1000500,37
2787,436277762694,NEW,1416,BUY,LIMIT,999400,28
2788,436344042608,NEW,1417,BUY,LIMIT,1000200,23
2789,436475015897,NEW,1418,BUY,LIMIT,1000000,100
2790,436763531801,NEW,1419,SELL,LIMIT,1001600,23
2791,436914189680,NEW,1420,SELL,LIMIT,1001600,34
2792,436988944719,CANCEL,1383,SELL,LIMIT,1001400,27
2793,437005564300,CANCEL,1337,BUY,LIMIT,999900,27
2794,437078207512,CANCEL,1367,SELL,LIMIT,1001200,30
2795,437233000068,CANCEL,1388,BUY,LIMIT,999500,33
2796,437425979929,CANCEL,1375,SELL,LIMIT,1000900,32
2797,437548260668,NEW,1421,BUY,LIMIT,1000300,27
2798,438084741604,CANCEL,1380,SELL,LIMIT,1001900,40
2799,438096299897,CANCEL,1410,SELL,LIMIT,1001500,27
2800,438098514562,NEW,1422,SELL,LIMIT,1001500,45
2801,438124304129,CANCEL,1418,BUY,LIMIT,1000000,100
2802,438364574320,CANCEL,1422,SELL,LIMIT,1001500,45
2803,438373795672,CANCEL,1402,SELL,LIMIT,1001400,45
2804,438563842095,CANCEL,1393,SELL,LIMIT,1001400,32
2805,438795723640,NEW,1423,BUY,LIMIT,1000400,47
2806,438819538133,NEW,1424,BUY,LIMIT,1000300,19
2807,439014290555,NEW,1425,BUY,LIMIT,1000400,100
2808,439345984026,CANCEL,1290,SELL,LIMIT,1001200,20
2809,439738302677,NEW,1426,SELL,LIMIT,1001400,27
2810,440254095204,NEW,1427,SELL,LIMIT,1002000,27
2811,440707608067,CANCEL,1416,BUY,LIMIT,999400,28
2812,440769088770,CANCEL,1372,SELL,LIMIT,1001200,28
2813,440896915906,CANCEL,1401,BUY,LIMIT,1000400,30
2814,441119728901,NEW,1428,BUY,LIMIT,1000200,29
2815,441202507550,CANCEL,1403,SELL,LIMIT,1001400,17
2816,441281774188,NEW,1429,SELL,LIMIT,1002000,31
2817,441387253208,CANCEL,1360,SELL,LIMIT,1001600,28
2818,441397970410,NEW,1430,SELL,LIMIT,1001300,35
2819,441469651823,CANCEL,1409,BUY,LIMIT,999900,30
2820,441492674738,CANCEL,1425,BUY,LIMIT,1000400,100
2821,441663894088,CANCEL,1426,SELL,LIMIT,1001400,27
2822,441767808591,NEW,1431,SELL,LIMIT,1001800,34
2823,442052069636,CANCEL,1353,SELL,LIMIT,1001400,25
2824,442057793654,CANCEL,1431,SELL,LIMIT,1001800,34
2825,442063111052,NEW,1432,BUY,LIMIT,999600,26
2826,442122328664,NEW,1433,BUY,LIMIT,1000300,54
2827,442144121015,CANCEL,1420,SELL,LIMIT,1001600,34
2828,442363343294,CANCEL,1415,BUY,LIMIT,1000500,37
2829,442627050989,CANCEL,1424,BUY,LIMIT,1000300,19
2830,442732898308,CANCEL,1399,SELL,LIMIT,1001600,32
2831,442974389434,CANCEL,1423,BUY,LIMIT,1000400,47
2832,443421173930,CANCEL,1400,BUY,LIMIT,999400,27
2833,443618083967,CANCEL,1408,SELL,LIMIT,1001400,28
2834,443704980951,CANCEL,1404,SELL,LIMIT,1001300,23
2835,443777651130,NEW,1434,SELL,LIMIT,1001500,100
2836,443798882193,CANCEL,1407,SELL,LIMIT,1001600,29
2837,444005298735,NEW,1435,SELL,LIMIT,1002000,28
2838,444534209091,CANCEL,1433,BUY,LIMIT,1000300,54
2839,444921608984,NEW,1436,BUY,LIMIT,1000000,28
2840,445292821478,CANCEL,1428,BUY,LIMIT,1000200,29
2841,445312473822,CANCEL,1413,SELL,LIMIT,1001100,26
2842,445343322152,CANCEL,1343,BUY,LIMIT,999200,24
2843,445362152130,NEW,1437,SELL,LIMIT,1001700,23
2844,445673514475,NEW,1438,SELL,LIMIT,1001300,29
2845,445707983229,NEW,1439,SELL,LIMIT,1002000,36
2846,445914778781,CANCEL,1437,SELL,LIMIT,1001700,23
2847,446402655725,CANCEL,1429,SELL,LIMIT,1002000,31
2848,446459589341,CANCEL,1438,SELL,LIMIT,1001300,29
2849,446492349409,NEW,1440,BUY,LIMIT,1000400,45
2850,446539370845,CANCEL,1421,BUY,LIMIT,1000300,27
2851,446698768971,CANCEL,1396,SELL,LIMIT,1001200,28
2852,447026922855,NEW,1441,BUY,LIMIT,1000900,25
2853,447089400011,NEW,1442,BUY,LIMIT,999700,30
2854,447152945004,NEW,1443,BUY,LIMIT,1000500,6
2855,447431813531,NEW,1444,SELL,LIMIT,1001900,100
2856,447655347634,CANCEL,1323,BUY,LIMIT,1000400,20
2857,447768162015,CANCEL,1444,SELL,LIMIT,1001900,100
2858,447850329765,NEW,1445,SELL,LIMIT,1002400,23
2859,447999541870,CANCEL,1414,BUY,LIMIT,1000000,26
2860,448071899959,NEW,1446,SELL,LIMIT,1001600,35
2861,448161661411,NEW,1447,BUY,LIMIT,1000900,23
2862,448281496930,NEW,1448,SELL,LIMIT,1001600,32
2863,448341843892,NEW,1449,SELL,LIMIT,1001500,23
2864,448572064751,NEW,1450,SELL,LIMIT,1001600,29
2865,448572289606,CANCEL,1434,SELL,LIMIT,1001500,100
2866,448638001564,NEW,1451,SELL,LIMIT,1001500,25
2867,448683407055,NEW,1452,SELL,LIMIT,1001800,29
2868,448770708424,NEW,1453,BUY,LIMIT,999700,28
2869,448815131713,CANCEL,1442,BUY,LIMIT,999700,30
2870,448905172426,NEW,1454,BUY,LIMIT,1000600,25
2871,448905826182,NEW,1455,SELL,LIMIT,1001800,28
2872,449002921505,NEW,1456,BUY,LIMIT,1000500,29
2873,449172918228,NEW,1457,BUY,LIMIT,1000200,27
2874,449480112221,CANCEL,1440,BUY,LIMIT,1000400,45
2875,449623912281,NEW,1458,BUY,LIMIT,1000300,29
2876,449763557422,NEW,1459,SELL,LIMIT,1002100,28
2877,450020567056,CANCEL,1451,SELL,LIMIT,1001500,25
2878,450615733166,CANCEL,1439,SELL,LIMIT,1002000,36
2879,450770101351,NEW,1460,BUY,LIMIT,1000200,23
2880,451517292364,NEW,1461,BUY,LIMIT,1000100,23
2881,451788975644,CANCEL,1376,BUY,LIMIT,999900,26
2882,451837642890,CANCEL,1458,BUY,LIMIT,1000300,29
2883,451948599262,NEW,1462,BUY,LIMIT,1000200,32
2884,452007155185,NEW,1463,BUY,LIMIT,999700,28
2885,452059553291,CANCEL,1457,BUY,LIMIT,1000200,27
2886,452118504263,CANCEL,1368,BUY,LIMIT,999900,26
2887,452322079983,CANCEL,1419,SELL,LIMIT,1001600,23
2888,452344366343,CANCEL,1452,SELL,LIMIT,1001800,29
2889,452443052803,NEW,1464,SELL,LIMIT,1002400,45
2890,452512674103,NEW,1465,BUY,LIMIT,1000000,29
2891,452627855329,NEW,1466,BUY,LIMIT,1000300,33
2892,453004826783,NEW,1467,SELL,LIMIT,1001800,23
2893,453378467739,CANCEL,1427,SELL,LIMIT,1002000,27
2894,453381651002,CANCEL,1417,BUY,LIMIT,1000200,23
2895,453448384429,CANCEL,1450,SELL,LIMIT,1001600,29
2896,453457263494,NEW,1468,SELL,LIMIT,1001800,26
2897,453475583958,CANCEL,1441,BUY,LIMIT,1000900,25
2898,453488182075,NEW,1469,SELL,LIMIT,1002400,24
2899,453602629044,CANCEL,1459,SELL,LIMIT,1002100,28
2900,453638908692,NEW,1470,BUY,LIMIT,1000300,30
2901,453873377622,NEW,1471,SELL,LIMIT,1001400,26
2902,453989382066,NEW,1472,SELL,LIMIT,1001200,35
2903,454163690881,NEW,1473,SELL,LIMIT,1002400,32
2904,454655569346,CANCEL,1436,BUY,LIMIT,1000000,28
2905,454673717168,NEW,1474,SELL,LIMIT,1001900,32
2906,454679936166,NEW,1475,SELL,LIMIT,1002400,25
2907,454890388206,NEW,1476,SELL,LIMIT,1002200,29
2908,454916378967,CANCEL,1282,BUY,LIMIT,999100,30
2909,454929741953,NEW,1477,SELL,LIMIT,1001600,27
2910,454995437301,NEW,1478,BUY,LIMIT,1000200,28
2911,455012089622,CANCEL,1472,SELL,LIMIT,1001200,35
2912,455202891950,NEW,1479,BUY,LIMIT,1000500,29
2913,455267196070,CANCEL,1478,BUY,LIMIT,1000200,28
2914,455290364503,NEW,1480,SELL,LIMIT,1001900,31
2915,455349032729,NEW,1481,BUY,LIMIT,1000100,24
2916,455465733767,NEW,1482,BUY,LIMIT,1000200,25
2917,455507021361,NEW,1483,SELL,LIMIT,1001500,17
2918,455742552191,NEW,1484,BUY,LIMIT,1000400,25
2919,455794780940,NEW,1485,BUY,LIMIT,1000200,23
2920,455896905646,NEW,1486,SELL,LIMIT,1001900,25
2921,456038917500,CANCEL,1480,SELL,LIMIT,1001900,31
2922,456058837679,CANCEL,1471,SELL,LIMIT,1001400,26
2923,456355822498,CANCEL,1473,SELL,LIMIT,1002400,32
2924,456385329365,CANCEL,1430,SELL,LIMIT,1001300,35
2925,456880486581,CANCEL,1476,SELL,LIMIT,1002200,29
2926,456903506414,NEW,1487,SELL,LIMIT,1001800,28
2927,456999155383,NEW,1488,BUY,LIMIT,1000400,25
2928,457062233732,CANCEL,1488,BUY,LIMIT,1000400,25
2929,457166534658,CANCEL,1479,BUY,LIMIT,1000500,29
2930,457403441234,CANCEL,1482,BUY,LIMIT,1000200,25
2931,457490633263,CANCEL,1463,BUY,LIMIT,999700,28
2932,457971027978,CANCEL,1448,SELL,LIMIT,1001600,32
2933,457997774061,CANCEL,1487,SELL,LIMIT,1001800,28
2934,458046701458,NEW,1489,SELL,LIMIT,1001900,40
2935,458110252176,NEW,1490,BUY,LIMIT,1000500,23
2936,458238228751,CANCEL,1470,BUY,LIMIT,1000300,30
2937,458268353052,CANCEL,1474,SELL,LIMIT,1001900,32
2938,458695849130,NEW,1491,BUY,LIMIT,1000000,20
2939,459530128479,CANCEL,1432,BUY,LIMIT,999600,26
2940,459548723656,NEW,1492,BUY,LIMIT,999700,100
2941,459651161192,NEW,1493,BUY,LIMIT,1000300,28
2942,459707305278,CANCEL,1449,SELL,LIMIT,1001500,23
2943,459896773511,NEW,1494,BUY,LIMIT,1000000,27
2944,459934343781,CANCEL,1490,BUY,LIMIT,1000500,23
2945,459993704321,CANCEL,1465,BUY,LIMIT,1000000,29
2946,459998426347,NEW,1495,BUY,LIMIT,1000300,25
2947,460165809125,NEW,1496,SELL,LIMIT,1001700,33
2948,460258033186,NEW,1497,BUY,MARKET,,141
2949,460258033186,CANCEL,1259,SELL,LIMIT,1001200,25
2950,460258033186,CANCEL,1483,SELL,LIMIT,1001500,17
2951,460258033186,CANCEL,1411,SELL,LIMIT,1001600,25
2952,460258033186,CANCEL,1446,SELL,LIMIT,1001600,35
2953,460258033186,CANCEL,1477,SELL,LIMIT,1001600,27
2954,460258033186,CANCEL,1341,SELL,LIMIT,1001700,3
2955,460258033186,CANCEL,1384,SELL,LIMIT,1001700,1
2956,460258033186,REDUCE,1496,SELL,LIMIT,1001700,25
2957,460504848781,CANCEL,1394,BUY,LIMIT,1000000,23
2958,460600482504,CANCEL,1460,BUY,LIMIT,1000200,23
2959,460690886374,NEW,1498,BUY,LIMIT,1000700,26
2960,460728792986,CANCEL,1468,SELL,LIMIT,1001800,26
2961,460958098121,CANCEL,1456,BUY,LIMIT,1000500,29
2962,461024987198,CANCEL,1496,SELL,LIMIT,1001700,25
2963,461405850075,NEW,1499,SELL,MARKET,,1
2964,461405850075,REDUCE,1447,BUY,LIMIT,1000900,22
2965,461446744948,NEW,1500,SELL,LIMIT,1001900,26
2966,461674031781,NEW,1501,SELL,LIMIT,1002000,25
2967,461837350649,NEW,1502,BUY,LIMIT,1000800,23
2968,461899229031,NEW,1503,BUY,LIMIT,1000300,18
2969,462208842355,CANCEL,1492,BUY,LIMIT,999700,100
2970,462332186153,CANCEL,1475,SELL,LIMIT,1002400,25
2971,462519758510,NEW,1504,BUY,LIMIT,1000900,25
2972,463280534117,CANCEL,1484,BUY,LIMIT,1000400,25
2973,463645514670,CANCEL,1485,BUY,LIMIT,1000200,23
2974,463688919105,NEW,1505,BUY,LIMIT,1000900,29
2975,463706063598,NEW,1506,SELL,LIMIT,1002400,30
2976,463706345375,NEW,1507,BUY,LIMIT,1000900,40
2977,463714674555,NEW,1508,BUY,LIMIT,1000400,32
2978,463911410139,CANCEL,1501,SELL,LIMIT,1002000,25
2979,464043090552,NEW,1509,BUY,LIMIT,1000900,29
2980,464047199863,NEW,1510,BUY,LIMIT,1001000,26
2981,464189667189,CANCEL,1454,BUY,LIMIT,1000600,25
2982,464276529730,NEW,1511,BUY,LIMIT,1001000,26
2983,464586578252,CANCEL,1493,BUY,LIMIT,1000300,28
2984,465012589682,CANCEL,1461,BUY,LIMIT,1000100,23
2985,465015140154,NEW,1512,SELL,LIMIT,1002100,40
2986,465049707646,CANCEL,1489,SELL,LIMIT,1001900,40
2987,465226804594,NEW,1513,SELL,LIMIT,1001900,23
2988,465237928991,NEW,1514,BUY,LIMIT,1001000,30
2989,465370366491,NEW,1515,BUY,LIMIT,1000800,23
2990,465412919400,NEW,1516,BUY,LIMIT,1001100,10
2991,465537658285,CANCEL,1435,SELL,LIMIT,1002000,28
2992,465638008469,CANCEL,1467,SELL,LIMIT,1001800,23
2993,466053600179,CANCEL,1505,BUY,LIMIT,1000900,29
2994,466127719490,CANCEL,1445,SELL,LIMIT,1002400,23
2995,466338377682,NEW,1517,SELL,LIMIT,1001900,23
2996,466485051127,NEW,1518,SELL,LIMIT,1002600,24
2997,466655119723,NEW,1519,SELL,LIMIT,1001900,34
2998,466828189898,CANCEL,1486,SELL,LIMIT,1001900,25
2999,467227361648,CANCEL,1506,SELL,LIMIT,1002400,30
3000,467305999783,NEW,1520,BUY,LIMIT,1001200,27
3001,467610412128,CANCEL,1455,SELL,LIMIT,1001800,28
3002,467657231084,NEW,1521,SELL,LIMIT,1002100,28
3003,467727968280,CANCEL,1521,SELL,LIMIT,1002100,28
3004,467787515753,NEW,1522,BUY,LIMIT,1001000,25
3005,467954499769,NEW,1523,BUY,LIMIT,1000900,25
3006,468013951202,NEW,1524,SELL,LIMIT,1002100,28
3007,468090021179,CANCEL,1453,BUY,LIMIT,999700,28
3008,468301560825,NEW,1525,SELL,LIMIT,1002000,31
3009,468748139369,CANCEL,1524,SELL,LIMIT,1002100,28
3010,469143847379,NEW,1526,BUY,LIMIT,1001000,4
3011,469287020013,NEW,1527,BUY,LIMIT,1000400,30
3012,469448911436,CANCEL,1515,BUY,LIMIT,1000800,23
3013,469467827042,NEW,1528,BUY,LIMIT,1000600,30
3014,469617838536,CANCEL,1507,BUY,LIMIT,1000900,40
3015,469668026037,CANCEL,1526,BUY,LIMIT,1001000,4
3016,469723619030,NEW,1529,SELL,LIMIT,1002100,27
3017,469748771703,CANCEL,1512,SELL,LIMIT,1002100,40
3018,469924349391,NEW,1530,SELL,LIMIT,1002300,32
3019,470211793196,NEW,1531,BUY,LIMIT,1001000,23
3020,470287544864,NEW,1532,BUY,LIMIT,1000900,28
3021,470354555989,NEW,1533,BUY,LIMIT,1000800,23
3022,470477362446,NEW,1534,SELL,LIMIT,1002200,40
3023,470544761336,NEW,1535,BUY,LIMIT,1000900,28
3024,470596536657,NEW,1536,BUY,LIMIT,1000400,25
3025,470769039383,CANCEL,1502,BUY,LIMIT,1000800,23
3026,470910222985,CANCEL,1523,BUY,LIMIT,1000900,25
3027,471229380418,NEW,1537,BUY,LIMIT,1000400,34
3028,471241399225,CANCEL,1520,BUY,LIMIT,1001200,27
3029,471866173921,CANCEL,1464,SELL,LIMIT,1002400,45
3030,471871678519,NEW,1538,BUY,LIMIT,1000700,29
3031,471936405357,NEW,1539,BUY,LIMIT,1001300,25
3032,472037612594,NEW,1540,SELL,LIMIT,1002800,23
3033,472146998310,CANCEL,1466,BUY,LIMIT,1000300,33
3034,472330161843,CANCEL,1536,BUY,LIMIT,1000400,25
3035,472374322304,NEW,1541,BUY,LIMIT,1001600,25
3036,472600697336,CANCEL,1527,BUY,LIMIT,1000400,30
3037,472654180544,NEW,1542,BUY,LIMIT,1001100,25
3038,472717026607,CANCEL,1511,BUY,LIMIT,1001000,26
3039,472863598825,CANCEL,1406,BUY,LIMIT,1000300,27
3040,473095257426,CANCEL,1517,SELL,LIMIT,1001900,23
3041,473100702358,NEW,1543,SELL,LIMIT,1002700,45
3042,473114422162,CANCEL,1528,BUY,LIMIT,1000600,30
3043,473141948741,CANCEL,1530,SELL,LIMIT,1002300,32
3044,473357736243,NEW,1544,SELL,LIMIT,1002600,40
3045,473388003719,CANCEL,1481,BUY,LIMIT,1000100,24
3046,473499919422,NEW,1545,BUY,LIMIT,1001500,32
3047,473587341569,CANCEL,1540,SELL,LIMIT,1002800,23
3048,473627956104,CANCEL,1495,BUY,LIMIT,1000300,25
3049,473764744164,NEW,1546,SELL,LIMIT,1002300,100
3050,473809026761,CANCEL,1519,SELL,LIMIT,1001900,34
3051,473822562444,CANCEL,1538,BUY,LIMIT,1000700,29
3052,473904789052,CANCEL,1397,BUY,LIMIT,1000500,16
3053,474491305726,CANCEL,1525,SELL,LIMIT,1002000,31
3054,474568223010,CANCEL,1546,SELL,LIMIT,1002300,100
3055,474575114856,NEW,1547,SELL,LIMIT,1002600,29
3056,474676522724,CANCEL,1539,BUY,LIMIT,1001300,25
3057,474942341061,CANCEL,1389,SELL,LIMIT,1001900,32
3058,476044730019,CANCEL,1522,BUY,LIMIT,1001000,25
3059,476320156115,CANCEL,1462,BUY,LIMIT,1000200,32
3060,476330538042,NEW,1548,SELL,LIMIT,1002600,40
3061,476440809055,NEW,1549,SELL,LIMIT,1002500,28
3062,476443265560,NEW,1550,BUY,LIMIT,1001100,25
3063,476560529383,CANCEL,1531,BUY,LIMIT,1001000,23
3064,476852552703,NEW,1551,BUY,LIMIT,1001500,28
3065,477132056122,CANCEL,1503,BUY,LIMIT,1000300,18
3066,477320153035,NEW,1552,SELL,LIMIT,1002200,29
3067,477352501439,NEW,1553,SELL,LIMIT,1002700,35
3068,477355798174,CANCEL,1537,BUY,LIMIT,1000400,34
3069,477638501767,CANCEL,1469,SELL,LIMIT,1002400,24
3070,477658865363,CANCEL,1529,SELL,LIMIT,1002100,27
3071,477690444147,CANCEL,1545,BUY,LIMIT,1001500,32
3072,477952869873,NEW,1554,BUY,LIMIT,1000900,24
3073,478040146671,NEW,1555,BUY,LIMIT,1001100,28
3074,478168319650,CANCEL,1500,SELL,LIMIT,1001900,26
3075,478183918822,NEW,1556,SELL,LIMIT,1002700,100
3076,478398467454,CANCEL,1556,SELL,LIMIT,1002700,100
3077,478502113681,NEW,1557,BUY,LIMIT,1000900,23
3078,478739557896,NEW,1558,SELL,LIMIT,1002600,25
3079,478933544449,NEW,1559,BUY,LIMIT,1001200,44
3080,478955439022,NEW,1560,SELL,LIMIT,1001900,29
3081,479077316731,CANCEL,1550,BUY,LIMIT,1001100,25
3082,479266992759,NEW,1561,BUY,LIMIT,1000400,96
3083,479367590300,NEW,1562,BUY,LIMIT,1001000,28
3084,479398009307,NEW,1563,SELL,LIMIT,1002700,25
3085,479553199700,CANCEL,1549,SELL,LIMIT,1002500,28
3086,479757610310,NEW,1564,SELL,LIMIT,1002800,30
3087,480178617093,NEW,1565,SELL,LIMIT,1002300,100
3088,480192530264,CANCEL,1547,SELL,LIMIT,1002600,29
3089,480279745205,NEW,1566,BUY,LIMIT,1001100,40
3090,480480310796,NEW,1567,BUY,LIMIT,1001600,40
3091,480713256690,CANCEL,1560,SELL,LIMIT,1001900,29
3092,481085607741,CANCEL,1565,SELL,LIMIT,1002300,100
3093,481192388647,CANCEL,1561,BUY,LIMIT,1000400,96
3094,481561038323,NEW,1568,SELL,LIMIT,1001900,45
3095,481913722385,NEW,1569,BUY,LIMIT,1001100,30
3096,482717981805,CANCEL,1544,SELL,LIMIT,1002600,40
3097,482816959028,CANCEL,1498,BUY,LIMIT,1000700,26
3098,482848231563,CANCEL,1566,BUY,LIMIT,1001100,40
3099,483225247344,CANCEL,1562,BUY,LIMIT,1001000,28
3100,483285564786,CANCEL,1552,SELL,LIMIT,1002200,29
3101,483444610355,CANCEL,1508,BUY,LIMIT,1000400,32
3102,483597488906,NEW,1570,SELL,LIMIT,1003100,27
3103,483610060996,NEW,1571,BUY,LIMIT,1000700,28
3104,483805733972,CANCEL,1569,BUY,LIMIT,1001100,30
3105,484179525888,CANCEL,1557,BUY,LIMIT,1000900,23
3106,484404354284,CANCEL,1513,SELL,LIMIT,1001900,23
3107,484415641583,CANCEL,1559,BUY,LIMIT,1001200,44
3108,484462886712,NEW,1572,SELL,LIMIT,1002400,26
3109,484574559214,NEW,1573,SELL,LIMIT,1002500,28
3110,484578998397,CANCEL,1494,BUY,LIMIT,1000000,27
3111,484788303962,NEW,1574,SELL,LIMIT,1002400,28
3112,484923023281,CANCEL,1543,SELL,LIMIT,1002700,45
3113,485087426257,NEW,1575,SELL,LIMIT,1002200,21
3114,485197356526,NEW,1576,BUY,LIMIT,1000800,32
3115,485229139377,CANCEL,1514,BUY,LIMIT,1001000,30
3116,485254997259,CANCEL,1568,SELL,LIMIT,1001900,45
3117,485411110735,CANCEL,1542,BUY,LIMIT,1001100,25
3118,485740735682,NEW,1577,SELL,LIMIT,1002300,27
3119,485756394392,CANCEL,1571,BUY,LIMIT,1000700,28
3120,485809307411,CANCEL,1558,SELL,LIMIT,1002600,25
3121,485854699152,CANCEL,1563,SELL,LIMIT,1002700,25
3122,486680646617,CANCEL,1504,BUY,LIMIT,1000900,25
3123,487017333265,NEW,1578,BUY,LIMIT,1001500,32
3124,488354326569,CANCEL,1578,BUY,LIMIT,1001500,32
3125,488426175910,CANCEL,1535,BUY,LIMIT,1000900,28
3126,488541604663,NEW,1579,BUY,LIMIT,1000700,24
3127,488874084268,CANCEL,1577,SELL,LIMIT,1002300,27
3128,488916499785,CANCEL,1553,SELL,LIMIT,1002700,35
3129,488933374997,NEW,1580,BUY,LIMIT,1001200,4
3130,489154743931,NEW,1581,BUY,LIMIT,1001100,10
3131,489211341809,NEW,1582,SELL,LIMIT,1001900,16
3132,489556016254,CANCEL,1548,SELL,LIMIT,1002600,40
3133,489685107589,NEW,1583,BUY,LIMIT,1000400,28
3134,489742932184,NEW,1584,SELL,LIMIT,1003100,25
3135,490204096187,NEW,1585,SELL,LIMIT,1002500,40
3136,490303363191,CANCEL,1581,BUY,LIMIT,1001100,10
3137,490619603684,CANCEL,1564,SELL,LIMIT,1002800,30
3138,490644017498,CANCEL,1510,BUY,LIMIT,1001000,26
3139,490738963794,CANCEL,1584,SELL,LIMIT,1003100,25
3140,490752009498,CANCEL,1554,BUY,LIMIT,1000900,24
3141,490970447549,CANCEL,1509,BUY,LIMIT,1000900,29
3142,491064945858,NEW,1586,BUY,LIMIT,1001200,25
3143,491577102699,NEW,1587,BUY,LIMIT,1000700,26
3144,491804847774,NEW,1588,SELL,LIMIT,1002300,200
3145,491903005675,NEW,1589,BUY,LIMIT,1000900,40
3146,491927236298,CANCEL,1541,BUY,LIMIT,1001600,25
3147,491941421157,NEW,1590,SELL,LIMIT,1002900,27
3148,492056367949,NEW,1591,BUY,LIMIT,1001200,17
3149,492119455181,NEW,1592,BUY,LIMIT,1001000,29
3150,492140792169,NEW,1593,SELL,LIMIT,1002300,26
3151,492173063412,CANCEL,1592,BUY,LIMIT,1001000,29
3152,492197400750,NEW,1594,BUY,LIMIT,1001000,26
3153,492524442418,NEW,1595,SELL,LIMIT,1003100,25
3154,492569915749,NEW,1596,BUY,LIMIT,1000800,44
3155,492783847873,CANCEL,1570,SELL,LIMIT,1003100,27
3156,492809142402,NEW,1597,SELL,LIMIT,1001800,24
3157,493200729075,CANCEL,1595,SELL,LIMIT,1003100,25
3158,493213408320,CANCEL,1349,BUY,LIMIT,999500,14
3159,493272350940,NEW,1598,SELL,LIMIT,1002300,13
3160,493657559386,CANCEL,1594,BUY,LIMIT,1001000,26
3161,493957600015,NEW,1599,BUY,LIMIT,1000800,100
3162,493986109251,NEW,1600,SELL,LIMIT,1002900,28
3163,494300536917,CANCEL,1599,BUY,LIMIT,1000800,100
3164,494364404650,NEW,1601,BUY,LIMIT,1000900,47
3165,494387385562,CANCEL,1575,SELL,LIMIT,1002200,21
3166,494781984955,CANCEL,1588,SELL,LIMIT,1002300,200
3167,494859488873,NEW,1602,SELL,LIMIT,1003100,25
3168,495007579283,CANCEL,1590,SELL,LIMIT,1002900,27
3169,495156559820,CANCEL,1534,SELL,LIMIT,1002200,40
3170,495180589600,CANCEL,1600,SELL,LIMIT,1002900,28
3171,495190683241,NEW,1603,BUY,MARKET,,100
3172,495190683241,CANCEL,1597,SELL,LIMIT,1001800,24
3173,495190683241,CANCEL,1582,SELL,LIMIT,1001900,16
3174,495190683241,CANCEL,1593,SELL,LIMIT,1002300,26
3175,495190683241,CANCEL,1598,SELL,LIMIT,1002300,13
3176,495190683241,REDUCE,1572,SELL,LIMIT,1002400,5
3177,495263890480,CANCEL,1576,BUY,LIMIT,1000800,32
3178,495373101938,NEW,1604,BUY,LIMIT,1001000,29
3179,495482045746,NEW,1605,BUY,LIMIT,1001600,38
3180,495619259689,NEW,1606,BUY,LIMIT,1001600,23
3181,495633772179,CANCEL,1574,SELL,LIMIT,1002400,28
3182,495669667659,NEW,1607,BUY,LIMIT,1001700,29
3183,495706162364,NEW,1608,SELL,LIMIT,1002500,20
3184,495864844806,CANCEL,1551,BUY,LIMIT,1001500,28
3185,495870490810,NEW,1609,BUY,LIMIT,1001600,26
3186,496147131156,NEW,1610,SELL,LIMIT,1003200,30
3187,496422280692,CANCEL,1608,SELL,LIMIT,1002500,20
3188,496506945282,NEW,1611,SELL,LIMIT,1002500,23
3189,496640218849,NEW,1612,SELL,LIMIT,1002900,27
3190,496881183523,NEW,1613,SELL,LIMIT,1002800,27
3191,497094921388,CANCEL,1533,BUY,LIMIT,1000800,23
3192,497262885863,CANCEL,1606,BUY,LIMIT,1001600,23
3193,497313316075,CANCEL,1605,BUY,LIMIT,1001600,38
3194,497546230255,NEW,1614,BUY,LIMIT,1001700,25
3195,497572926919,NEW,1615,SELL,LIMIT,1002900,30
3196,497978195965,CANCEL,1611,SELL,LIMIT,1002500,23
3197,497997252915,CANCEL,1555,BUY,LIMIT,1001100,28
3198,498337397194,CANCEL,1585,SELL,LIMIT,1002500,40
3199,498344220986,CANCEL,1567,BUY,LIMIT,1001600,40
3200,498693758439,CANCEL,1303,BUY,LIMIT,999900,6
3201,498906785058,NEW,1616,BUY,LIMIT,1001600,24
3202,499130377566,NEW,1617,SELL,LIMIT,1002800,24
3203,499176237000,CANCEL,1607,BUY,LIMIT,1001700,29
3204,499206102280,NEW,1618,BUY,LIMIT,1000900,47
3205,499305794974,NEW,1619,BUY,LIMIT,1001400,26
3206,499706090175,NEW,1620,BUY,LIMIT,1001500,31
3207,499735849175,NEW,1621,BUY,LIMIT,1000900,24
3208,499753619308,CANCEL,1614,BUY,LIMIT,1001700,25
3209,499778925085,CANCEL,1532,BUY,LIMIT,1000900,28
3210,499880219125,NEW,1622,SELL,LIMIT,1002300,11
3211,499913093974,NEW,1623,BUY,LIMIT,1000800,32
3212,499973082333,NEW,1624,BUY,LIMIT,1001400,31
3213,500035820730,NEW,1625,SELL,LIMIT,1003100,31
3214,500289984419,NEW,1626,SELL,LIMIT,1003100,23
3215,500594753905,CANCEL,1583,BUY,LIMIT,1000400,28
3216,500834718397,NEW,1627,SELL,LIMIT,1002600,25
3217,501138519803,NEW,1628,BUY,LIMIT,1001800,15
3218,501172065404,CANCEL,1447,BUY,LIMIT,1000900,22
3219,501536543361,NEW,1629,BUY,LIMIT,1001700,23
3220,501630873779,NEW,1630,BUY,LIMIT,1001100,29
3221,501975176854,NEW,1631,SELL,LIMIT,1002400,28
3222,501981572967,NEW,1632,BUY,LIMIT,1001600,26
3223,502005958149,CANCEL,1604,BUY,LIMIT,1001000,29
3224,502027350937,NEW,1633,SELL,LIMIT,1002700,30
3225,502116002953,NEW,1634,SELL,LIMIT,1002800,28
3226,502180923333,NEW,1635,BUY,LIMIT,1001500,25
3227,502207561195,CANCEL,1596,BUY,LIMIT,1000800,44
3228,502565022317,CANCEL,1601,BUY,LIMIT,1000900,47
3229,502667534099,NEW,1636,BUY,LIMIT,1001100,25
3230,502715063813,NEW,1637,SELL,LIMIT,1002600,34
3231,502725501272,CANCEL,1629,BUY,LIMIT,1001700,23
3232,502737628421,CANCEL,1623,BUY,LIMIT,1000800,32
3233,502904119852,CANCEL,1637,SELL,LIMIT,1002600,34
3234,503181201527,NEW,1638,SELL,LIMIT,1002300,26
3235,503329890156,CANCEL,1516,BUY,LIMIT,1001100,10
3236,503345483798,CANCEL,1491,BUY,LIMIT,1000000,20
3237,503653587719,CANCEL,1615,SELL,LIMIT,1002900,30
3238,503760972872,CANCEL,1616,BUY,LIMIT,1001600,24
3239,503842527060,CANCEL,1589,BUY,LIMIT,1000900,40
3240,504028712799,CANCEL,1610,SELL,LIMIT,1003200,30
3241,504158469459,CANCEL,1625,SELL,LIMIT,1003100,31
3242,504228946525,NEW,1639,SELL,LIMIT,1002700,27
3243,504419685396,NEW,1640,BUY,LIMIT,1001700,27
3244,504554909033,NEW,1641,BUY,LIMIT,1001200,25
3245,504580160366,NEW,1642,BUY,LIMIT,1000800,29
3246,504600644901,CANCEL,1620,BUY,LIMIT,1001500,31
3247,504789488552,NEW,1643,SELL,LIMIT,1002400,27
3248,504819240353,NEW,1644,BUY,LIMIT,1001300,23
3249,505308239416,NEW,1645,SELL,LIMIT,1003100,33
3250,505407344111,CANCEL,1633,SELL,LIMIT,1002700,30
3251,505584864736,NEW,1646,BUY,LIMIT,1001300,17
3252,506050529799,NEW,1647,SELL,LIMIT,1002700,30
3253,506127389464,NEW,1648,SELL,LIMIT,1002600,40
3254,506243155679,NEW,1649,SELL,LIMIT,1002700,25
3255,506392240896,CANCEL,1634,SELL,LIMIT,1002800,28
3256,506562322088,NEW,1650,SELL,LIMIT,1003300,25
3257,506817041642,CANCEL,1624,BUY,LIMIT,1001400,31
3258,507030181902,CANCEL,1641,BUY,LIMIT,1001200,25
3259,507145761591,NEW,1651,BUY,LIMIT,1001900,34
3260,507680557112,CANCEL,1632,BUY,LIMIT,1001600,26
3261,507773054975,NEW,1652,SELL,LIMIT,1002600,25
3262,508078069751,NEW,1653,SELL,LIMIT,1002500,28
3263,508189592923,CANCEL,1622,SELL,LIMIT,1002300,11
3264,508259952405,CANCEL,1627,SELL,LIMIT,1002600,25
3265,508477613484,CANCEL,1613,SELL,LIMIT,1002800,27
3266,508564922164,NEW,1654,BUY,LIMIT,1001200,33
3267,508658199291,NEW,1655,SELL,LIMIT,1002600,48
3268,508970478840,NEW,1656,BUY,LIMIT,1001600,29
3269,508991346734,NEW,1657,SELL,LIMIT,1002700,31
3270,509040175358,NEW,1658,BUY,LIMIT,1001500,23
3271,509618556948,NEW,1659,BUY,LIMIT,1001400,26
3272,509718786806,CANCEL,1635,BUY,LIMIT,1001500,25
3273,509811069967,NEW,1660,SELL,LIMIT,1003300,27
3274,509874188175,NEW,1661,BUY,LIMIT,1000800,27
3275,510062724330,CANCEL,1653,SELL,LIMIT,1002500,28
3276,510196021587,CANCEL,1648,SELL,LIMIT,1002600,40
3277,510334387374,CANCEL,1650,SELL,LIMIT,1003300,25
3278,510399219039,NEW,1662,BUY,LIMIT,1001300,27
3279,510562199044,NEW,1663,SELL,LIMIT,1002600,23
3280,510934174691,CANCEL,1618,BUY,LIMIT,1000900,47
3281,511617252355,NEW,1664,BUY,LIMIT,1001400,26
3282,511624586987,NEW,1665,BUY,LIMIT,1001700,29
3283,511674834217,NEW,1666,BUY,LIMIT,1001400,30
3284,511702228736,CANCEL,1643,SELL,LIMIT,1002400,27
3285,511776763580,CANCEL,1655,SELL,LIMIT,1002600,48
3286,511908173260,NEW,1667,SELL,LIMIT,1002200,32
3287,511980314410,CANCEL,1587,BUY,LIMIT,1000700,26
3288,512044295556,CANCEL,1609,BUY,LIMIT,1001600,26
3289,512129984847,NEW,1668,BUY,LIMIT,1001300,20
3290,512214264967,CANCEL,1665,BUY,LIMIT,1001700,29
3291,512488446948,CANCEL,1602,SELL,LIMIT,1003100,25
3292,512547774897,CANCEL,1644,BUY,LIMIT,1001300,23
3293,512598840118,CANCEL,1628,BUY,LIMIT,1001800,15
3294,513014890084,NEW,1669,SELL,LIMIT,1003000,25
3295,513158852000,NEW,1670,SELL,LIMIT,1002500,30
3296,513478298269,NEW,1671,SELL,LIMIT,1002700,27
3297,513510406821,NEW,1672,BUY,LIMIT,1000700,32
3298,513536056015,NEW,1673,BUY,LIMIT,1001200,31
3299,513898758472,NEW,1674,SELL,LIMIT,1002700,23
3300,513908209674,NEW,1675,BUY,LIMIT,1001600,31
3301,514294797536,CANCEL,1666,BUY,LIMIT,1001400,30
3302,514371624707,CANCEL,1670,SELL,LIMIT,1002500,30
3303,514618538931,CANCEL,1621,BUY,LIMIT,1000900,24
3304,515010387665,NEW,1676,BUY,LIMIT,1001100,100
3305,515014868717,CANCEL,1674,SELL,LIMIT,1002700,23
3306,515085806359,CANCEL,1619,BUY,LIMIT,1001400,26
3307,515150020401,CANCEL,1642,BUY,LIMIT,1000800,29
3308,515221050756,NEW,1677,BUY,LIMIT,1001300,28
3309,515237063230,NEW,1678,BUY,LIMIT,1001000,28
3310,515352823574,NEW,1679,BUY,LIMIT,1001300,24
3311,515476892985,CANCEL,1626,SELL,LIMIT,1003100,23
3312,515577833271,CANCEL,1586,BUY,LIMIT,1001200,25
3313,515593365045,CANCEL,1679,BUY,LIMIT,1001300,24
3314,515624850517,CANCEL,1667,SELL,LIMIT,1002200,32
3315,515716602421,CANCEL,1661,BUY,LIMIT,1000800,27
3316,515860915974,NEW,1680,SELL,LIMIT,1002300,45
3317,515924436921,CANCEL,1631,SELL,LIMIT,1002400,28
3318,516175981690,CANCEL,1651,BUY,LIMIT,1001900,34
3319,516791768034,NEW,1681,SELL,LIMIT,1002800,32
3320,516856878614,CANCEL,1654,BUY,LIMIT,1001200,33
3321,516931712917,NEW,1682,BUY,LIMIT,1001200,30
3322,516988277353,NEW,1683,SELL,LIMIT,1002600,33
3323,517021556980,CANCEL,1657,SELL,LIMIT,1002700,31
3324,517067477109,CANCEL,1639,SELL,LIMIT,1002700,27
3325,517152672722,NEW,1684,SELL,LIMIT,1002800,27
3326,517293071149,NEW,1685,SELL,LIMIT,1002300,23
3327,517346987037,CANCEL,1685,SELL,LIMIT,1002300,23
3328,517373596856,NEW,1686,SELL,LIMIT,1002500,23
3329,517409968698,CANCEL,1110,BUY,LIMIT,999300,2
3330,517484162577,CANCEL,1573,SELL,LIMIT,1002500,28
3331,517693564204,NEW,1687,BUY,LIMIT,1001800,25
3332,518171381185,CANCEL,1664,BUY,LIMIT,1001400,26
3333,518431522223,CANCEL,1630,BUY,LIMIT,1001100,29
3334,518530979153,CANCEL,1660,SELL,LIMIT,1003300,27
3335,518858148355,NEW,1688,SELL,LIMIT,1002700,23
3336,519013732581,NEW,1689,SELL,LIMIT,1002100,26
3337,519241545485,CANCEL,1669,SELL,LIMIT,1003000,25
3338,519656141657,CANCEL,1680,SELL,LIMIT,1002300,45
3339,519841289323,CANCEL,1673,BUY,LIMIT,1001200,31
3340,519908609646,NEW,1690,BUY,LIMIT,1001200,33
3341,519950036999,CANCEL,1636,BUY,LIMIT,1001100,25
3342,519956229068,NEW,1691,SELL,LIMIT,1002500,30
3343,520352192784,CANCEL,1649,SELL,LIMIT,1002700,25
3344,520384796276,NEW,1692,SELL,LIMIT,1003100,40
3345,520727619350,NEW,1693,BUY,LIMIT,1001300,24
3346,520868031178,CANCEL,1672,BUY,LIMIT,1000700,32
3347,520952881766,CANCEL,1676,BUY,LIMIT,1001100,100
3348,521256170392,NEW,1694,BUY,LIMIT,1001600,25
3349,521438298892,CANCEL,1690,BUY,LIMIT,1001200,33
3350,521510542445,CANCEL,1693,BUY,LIMIT,1001300,24
3351,521560920763,NEW,1695,BUY,LIMIT,1001400,3
3352,521622452293,CANCEL,1686,SELL,LIMIT,1002500,23
3353,521765433868,NEW,1696,SELL,LIMIT,1002700,28
3354,521923102693,CANCEL,1681,SELL,LIMIT,1002800,32
3355,521996176128,CANCEL,1652,SELL,LIMIT,1002600,25
3356,522159595420,CANCEL,1518,SELL,LIMIT,1002600,24
3357,522361103063,NEW,1697,SELL,LIMIT,1003300,30
3358,522482039119,NEW,1698,SELL,LIMIT,1002600,23
3359,522739440992,NEW,1699,SELL,LIMIT,1002900,31
3360,522814963953,NEW,1700,BUY,LIMIT,1001000,25
3361,523014043609,CANCEL,1678,BUY,LIMIT,1001000,28
3362,523402377511,NEW,1701,SELL,LIMIT,1003300,40
3363,523514984886,NEW,1702,SELL,LIMIT,1002900,31
3364,523717356141,NEW,1703,BUY,LIMIT,1000700,600
3365,524001442281,CANCEL,1703,BUY,LIMIT,1000700,600
3366,524008219748,CANCEL,1668,BUY,LIMIT,1001300,20
3367,524041149916,CANCEL,1692,SELL,LIMIT,1003100,40
3368,524243708638,CANCEL,1694,BUY,LIMIT,1001600,25
3369,524305364903,CANCEL,1675,BUY,LIMIT,1001600,31
3370,524457042835,NEW,1704,BUY,LIMIT,1001300,25
3371,524626109424,NEW,1705,SELL,LIMIT,1002600,32
3372,524651536042,NEW,1706,BUY,LIMIT,1001100,24
3373,524838948464,CANCEL,1682,BUY,LIMIT,1001200,30
3374,525069676310,CANCEL,1677,BUY,LIMIT,1001300,28
3375,525141515960,NEW,1707,BUY,LIMIT,1000600,28
3376,525413957953,NEW,1708,BUY,LIMIT,1000900,28
3377,525422736791,CANCEL,1612,SELL,LIMIT,1002900,27
3378,525523137307,CANCEL,1708,BUY,LIMIT,1000900,28
3379,525562041301,NEW,1709,SELL,LIMIT,1002700,23
3380,525821913448,NEW,1710,BUY,LIMIT,1001200,100
3381,525943000263,CANCEL,1699,SELL,LIMIT,1002900,31
3382,525977996583,CANCEL,1663,SELL,LIMIT,1002600,23
3383,526040582601,NEW,1711,BUY,LIMIT,1001700,26
3384,526043278422,NEW,1712,SELL,LIMIT,1002500,34
3385,526118221424,NEW,1713,BUY,LIMIT,1001200,29
3386,526358294714,CANCEL,1617,SELL,LIMIT,1002800,24
3387,526649468108,CANCEL,1647,SELL,LIMIT,1002700,30
3388,526924530976,CANCEL,1702,SELL,LIMIT,1002900,31
3389,527123067345,NEW,1714,BUY,LIMIT,1001200,29
3390,527128882516,NEW,1715,SELL,LIMIT,1002600,1
3391,528331321377,CANCEL,1689,SELL,LIMIT,1002100,26
3392,528342983197,CANCEL,1713,BUY,LIMIT,1001200,29
3393,528350937237,NEW,1716,SELL,LIMIT,1003300,28
3394,528376083856,CANCEL,1579,BUY,LIMIT,1000700,24
3395,528455206475,NEW,1717,BUY,LIMIT,1001400,100
3396,528634638817,NEW,1718,SELL,LIMIT,1002900,23
3397,528658060436,NEW,1719,SELL,LIMIT,1002600,31
3398,528706566930,CANCEL,1710,BUY,LIMIT,1001200,100
3399,528868600103,NEW,1720,BUY,LIMIT,1001700,23
3400,528959925959,CANCEL,1701,SELL,LIMIT,1003300,40
3401,528990795536,NEW,1721,SELL,LIMIT,1002700,38
3402,529261934969,NEW,1722,SELL,LIMIT,1002500,28
3403,529345232950,CANCEL,1671,SELL,LIMIT,1002700,27
3404,529388584124,NEW,1723,BUY,LIMIT,1000800,45
3405,529643737377,CANCEL,1712,SELL,LIMIT,1002500,34
3406,529807698149,NEW,1724,SELL,LIMIT,1003000,28
3407,529817513926,NEW,1725,SELL,LIMIT,1003100,36
3408,530023529408,NEW,1726,SELL,LIMIT,1002400,18
3409,530338273700,NEW,1727,BUY,LIMIT,1001600,25
3410,530412593621,CANCEL,1640,BUY,LIMIT,1001700,27
3411,530524039960,NEW,1728,SELL,LIMIT,1002900,40
3412,530947499192,CANCEL,1717,BUY,LIMIT,1001400,100
3413,531136609760,CANCEL,1696,SELL,LIMIT,1002700,28
3414,531238887163,CANCEL,1724,SELL,LIMIT,1003000,28
3415,531722194643,NEW,1729,BUY,LIMIT,1001400,28
3416,531756943150,CANCEL,1725,SELL,LIMIT,1003100,36
3417,531858441755,NEW,1730,BUY,LIMIT,1001300,40
3418,531956446109,CANCEL,1729,BUY,LIMIT,1001400,28
3419,532043532487,CANCEL,1658,BUY,LIMIT,1001500,23
3420,532120891036,NEW,1731,SELL,LIMIT,1002600,29
3421,532136817360,NEW,1732,BUY,LIMIT,1001000,25
3422,532248619661,CANCEL,1721,SELL,LIMIT,1002700,38
3423,532726601203,NEW,1733,BUY,LIMIT,1001600,31
3424,532847306449,NEW,1734,SELL,LIMIT,1002100,30
3425,533340815080,NEW,1735,SELL,LIMIT,1002800,32
3426,533518831495,CANCEL,1714,BUY,LIMIT,1001200,29
3427,533560726396,CANCEL,1728,SELL,LIMIT,1002900,40
3428,533622133951,CANCEL,1705,SELL,LIMIT,1002600,32
3429,533709483236,NEW,1736,BUY,LIMIT,1001300,25
3430,533839939079,CANCEL,1688,SELL,LIMIT,1002700,23
3431,534398220037,NEW,1737,BUY,LIMIT,1001200,32
3432,534559054204,NEW,1738,SELL,LIMIT,1002700,30
3433,534754281887,NEW,1739,BUY,LIMIT,1001200,27
3434,535419899233,NEW,1740,SELL,LIMIT,1002100,15
3435,536240626109,NEW,1741,SELL,LIMIT,1003000,35
3436,536511494568,NEW,1742,BUY,LIMIT,1001500,25
3437,536706909606,CANCEL,1662,BUY,LIMIT,1001300,27
3438,537038029117,NEW,1743,SELL,LIMIT,1002900,40
3439,537050018610,CANCEL,1706,BUY,LIMIT,1001100,24
3440,537101344752,CANCEL,1707,BUY,LIMIT,1000600,28
3441,537473417466,CANCEL,1683,SELL,LIMIT,1002600,33
3442,537784825424,NEW,1744,BUY,LIMIT,1001300,27
3443,538126281465,NEW,1745,SELL,LIMIT,1002100,28
3444,538170340446,CANCEL,1709,SELL,LIMIT,1002700,23
3445,538388849654,CANCEL,1734,SELL,LIMIT,1002100,30
3446,538520358488,CANCEL,1645,SELL,LIMIT,1003100,33
3447,538602310714,CANCEL,1738,SELL,LIMIT,1002700,30
3448,538701626848,NEW,1746,BUY,LIMIT,1001100,32
3449,538718080919,CANCEL,1697,SELL,LIMIT,1003300,30
3450,539080909487,CANCEL,1591,BUY,LIMIT,1001200,17
3451,539087069946,NEW,1747,SELL,LIMIT,1002700,30
3452,539362310731,NEW,1748,SELL,LIMIT,1002700,29
3453,539912757208,NEW,1749,SELL,LIMIT,1003300,30
3454,539931408011,NEW,1750,BUY,LIMIT,1000700,20
3455,539985935383,NEW,1751,BUY,LIMIT,1001400,26
3456,540501957294,CANCEL,1730,BUY,LIMIT,1001300,40
3457,540558720427,NEW,1752,SELL,LIMIT,1003300,24
3458,540659951918,NEW,1753,SELL,LIMIT,1002700,27
3459,540743802380,NEW,1754,BUY,LIMIT,1000600,24
3460,540803098181,CANCEL,1747,SELL,LIMIT,1002700,30
3461,540804910123,CANCEL,1737,BUY,LIMIT,1001200,32
3462,540844847477,NEW,1755,BUY,LIMIT,1000600,45
3463,540867293719,CANCEL,1691,SELL,LIMIT,1002500,30
3464,540888784717,NEW,1756,SELL,LIMIT,1002600,32
3465,540971696846,NEW,1757,BUY,LIMIT,1000600,100
3466,540982155471,CANCEL,1739,BUY,LIMIT,1001200,27
3467,541296635475,CANCEL,1684,SELL,LIMIT,1002800,27
3468,541556811722,CANCEL,1756,SELL,LIMIT,1002600,32
3469,542003393079,CANCEL,1742,BUY,LIMIT,1001500,25
3470,542107514229,NEW,1758,BUY,LIMIT,1000600,33
3471,542120003281,CANCEL,1704,BUY,LIMIT,1001300,25
3472,542334964170,NEW,1759,SELL,LIMIT,1003300,23
3473,542535125192,NEW,1760,BUY,LIMIT,1001400,27
3474,542938150218,CANCEL,1659,BUY,LIMIT,1001400,26
3475,543127174089,NEW,1761,SELL,LIMIT,1002500,30
3476,543220620026,NEW,1762,BUY,LIMIT,1000600,28
3477,543255770481,NEW,1763,BUY,LIMIT,1001300,29
3478,543273321050,CANCEL,1745,SELL,LIMIT,1002100,28
3479,543600855668,NEW,1764,SELL,MARKET,,71
3480,543600855668,CANCEL,1687,BUY,LIMIT,1001800,25
3481,543600855668,CANCEL,1711,BUY,LIMIT,1001700,26
3482,543600855668,REDUCE,1720,BUY,LIMIT,1001700,3
3483,543926317322,CANCEL,1719,SELL,LIMIT,1002600,31
3484,544109946177,CANCEL,1741,SELL,LIMIT,1003000,35
3485,544333801623,CANCEL,1757,BUY,LIMIT,1000600,100
3486,544368539329,CANCEL,1761,SELL,LIMIT,1002500,30
3487,544457049905,CANCEL,1736,BUY,LIMIT,1001300,25
3488,544535383453,NEW,1765,SELL,LIMIT,1002800,30
3489,544744889733,NEW,1766,SELL,LIMIT,1002700,30
3490,544860130878,CANCEL,1656,BUY,LIMIT,1001600,29
3491,544926518736,NEW,1767,BUY,LIMIT,1000600,38
3492,545020159613,CANCEL,1638,SELL,LIMIT,1002300,26
3493,545193779847,CANCEL,1731,SELL,LIMIT,1002600,29
3494,545424039254,CANCEL,1755,BUY,LIMIT,1000600,45
3495,545563291685,NEW,1768,SELL,LIMIT,1002700,48
3496,545745981259,CANCEL,1758,BUY,LIMIT,1000600,33
3497,545817793977,NEW,1769,SELL,LIMIT,1003200,25
3498,546103141362,CANCEL,1723,BUY,LIMIT,1000800,45
3499,546411904283,NEW,1770,SELL,LIMIT,1002400,29
3500,546449660136,NEW,1771,SELL,LIMIT,1002800,25
3501,546515265465,CANCEL,1726,SELL,LIMIT,1002400,18
3502,546522555635,NEW,1772,SELL,LIMIT,1002600,25
3503,546669319798,NEW,1773,SELL,LIMIT,1002500,21
3504,546754961285,NEW,1774,SELL,LIMIT,1002100,100
3505,546962659044,NEW,1775,SELL,LIMIT,1002100,32
3506,547331590002,CANCEL,1727,BUY,LIMIT,1001600,25
3507,547423106994,CANCEL,1767,BUY,LIMIT,1000600,38
3508,547673486632,NEW,1776,SELL,LIMIT,1002200,32
3509,548054524822,NEW,1777,SELL,LIMIT,1002400,40
3510,548088667909,CANCEL,1735,SELL,LIMIT,1002800,32
3511,548190423082,CANCEL,1768,SELL,LIMIT,1002700,48
3512,548683555467,CANCEL,1748,SELL,LIMIT,1002700,29
3513,548697982738,NEW,1778,SELL,LIMIT,1002300,10
3514,548700777386,CANCEL,1760,BUY,LIMIT,1001400,27
3515,548793000331,CANCEL,1733,BUY,LIMIT,1001600,31
3516,548861437518,CANCEL,1769,SELL,LIMIT,1003200,25
3517,548909056272,CANCEL,1716,SELL,LIMIT,1003300,28
3518,549286062685,CANCEL,1777,SELL,LIMIT,1002400,40
3519,549420170708,CANCEL,1774,SELL,LIMIT,1002100,100
3520,549460434881,CANCEL,1775,SELL,LIMIT,1002100,32
3521,549678612401,NEW,1779,BUY,LIMIT,1000600,33
3522,550097156604,NEW,1780,BUY,LIMIT,1001500,26
3523,550307058545,NEW,1781,BUY,LIMIT,1001100,45
3524,550536964547,NEW,1782,SELL,LIMIT,1002600,28
3525,550667101388,NEW,1783,BUY,LIMIT,1001100,30
3526,550810780551,CANCEL,1770,SELL,LIMIT,1002400,29
3527,551114517279,CANCEL,1759,SELL,LIMIT,1003300,23
3528,551279788857,NEW,1784,SELL,LIMIT,1002700,24
3529,551339240764,NEW,1785,BUY,LIMIT,1001600,26
3530,551588823302,CANCEL,1763,BUY,LIMIT,1001300,29
3531,552567880078,CANCEL,1722,SELL,LIMIT,1002500,28
3532,552728172483,CANCEL,1443,BUY,LIMIT,1000500,6
3533,552732401762,NEW,1786,BUY,LIMIT,1000600,30
3534,553051682134,NEW,1787,SELL,LIMIT,1002600,31
3535,553109893063,CANCEL,1786,BUY,LIMIT,1000600,30
3536,553344378081,NEW,1788,SELL,LIMIT,1002300,35
3537,553427533743,CANCEL,1743,SELL,LIMIT,1002900,40
3538,553631330025,CANCEL,1762,BUY,LIMIT,1000600,28
3539,553801073333,NEW,1789,BUY,LIMIT,1001200,30
3540,553928220116,CANCEL,1776,SELL,LIMIT,1002200,32
3541,554093874427,CANCEL,1772,SELL,LIMIT,1002600,25
3542,554170446494,NEW,1790,SELL,LIMIT,1002600,23
3543,554239582016,CANCEL,1744,BUY,LIMIT,1001300,27
3544,554326412967,NEW,1791,SELL,LIMIT,1002500,28
3545,554453073229,CANCEL,1700,BUY,LIMIT,1001000,25
3546,554596257666,NEW,1792,BUY,LIMIT,1001100,27
3547,554604483307,NEW,1793,SELL,LIMIT,1002500,100
3548,554783923190,NEW,1794,SELL,LIMIT,1002500,30
3549,554823322125,NEW,1795,SELL,LIMIT,1001900,29
3550,555591509874,CANCEL,1792,BUY,LIMIT,1001100,27
3551,555807206798,CANCEL,1749,SELL,LIMIT,1003300,30
3552,555989777893,CANCEL,1795,SELL,LIMIT,1001900,29
3553,556036333921,NEW,1796,BUY,LIMIT,1000900,25
3554,556608877590,CANCEL,1766,SELL,LIMIT,1002700,30
3555,557323619189,NEW,1797,BUY,LIMIT,1001200,30
3556,557339475908,CANCEL,1740,SELL,LIMIT,1002100,15
3557,557397958696,CANCEL,1784,SELL,LIMIT,1002700,24
3558,557698598412,CANCEL,1788,SELL,LIMIT,1002300,35
3559,557818689455,CANCEL,1783,BUY,LIMIT,1001100,30
3560,559139826546,CANCEL,1785,BUY,LIMIT,1001600,26
3561,559154979794,NEW,1798,BUY,LIMIT,1001100,26
3562,559524217699,NEW,1799,SELL,LIMIT,1003000,31
3563,560085946896,CANCEL,1794,SELL,LIMIT,1002500,30
3564,560169387503,CANCEL,1787,SELL,LIMIT,1002600,31
3565,560268705848,CANCEL,1798,BUY,LIMIT,1001100,26
3566,560396105334,CANCEL,1765,SELL,LIMIT,1002800,30
3567,560930381286,NEW,1800,SELL,LIMIT,1002400,31
3568,560987909768,NEW,1801,SELL,LIMIT,1002500,38
3569,561019653192,NEW,1802,BUY,LIMIT,1001600,29
3570,561167849650,NEW,1803,SELL,LIMIT,1003200,24
3571,561313575020,NEW,1804,BUY,LIMIT,1001300,31
3572,561372757451,NEW,1805,SELL,LIMIT,1003200,26
3573,561480560505,NEW,1806,SELL,LIMIT,1002800,25
3574,561485697175,NEW,1807,BUY,LIMIT,1001400,26
3575,561700661049,NEW,1808,SELL,LIMIT,1002700,45
3576,561724781001,NEW,1809,SELL,LIMIT,1001900,30
3577,561744740111,CANCEL,1754,BUY,LIMIT,1000600,24
3578,561944720402,NEW,1810,BUY,LIMIT,1001000,29
3579,562027001019,NEW,1811,SELL,LIMIT,1002500,28
3580,562124785277,CANCEL,1771,SELL,LIMIT,1002800,25
3581,562148159824,NEW,1812,SELL,LIMIT,1002300,33
3582,562318418242,NEW,1813,BUY,LIMIT,1000900,30
3583,562920755283,CANCEL,1813,BUY,LIMIT,1000900,30
3584,562946221020,NEW,1814,SELL,LIMIT,1002400,28
3585,562972288239,NEW,1815,SELL,LIMIT,1002200,27
3586,563293792153,NEW,1816,SELL,LIMIT,1002400,32
3587,563357238202,CANCEL,1811,SELL,LIMIT,1002500,28
3588,563388768979,CANCEL,1793,SELL,LIMIT,1002500,100
3589,563462824293,NEW,1817,SELL,LIMIT,1002800,31
3590,563507979678,NEW,1818,BUY,LIMIT,1000800,25
3591,563634935326,NEW,1819,SELL,LIMIT,1002600,28
3592,563801758332,CANCEL,1803,SELL,LIMIT,1003200,24
3593,563858689248,CANCEL,1746,BUY,LIMIT,1001100,32
3594,563942541052,NEW,1820,BUY,LIMIT,1000800,31
3595,564031520414,NEW,1821,BUY,LIMIT,1000900,100
3596,564081027900,NEW,1822,BUY,LIMIT,1001000,29
3597,564213777904,NEW,1823,BUY,LIMIT,1000900,35
3598,564263505554,CANCEL,1789,BUY,LIMIT,1001200,30
3599,564536434674,NEW,1824,BUY,LIMIT,1001000,25
3600,564682791477,NEW,1825,BUY,LIMIT,1000800,34
3601,564684412492,NEW,1826,SELL,LIMIT,1003200,30
3602,564929911982,CANCEL,1818,BUY,LIMIT,1000800,25
3603,565016060002,CANCEL,1819,SELL,LIMIT,1002600,28
3604,565088157470,NEW,1827,SELL,LIMIT,1002700,12
3605,565481489865,CANCEL,1802,BUY,LIMIT,1001600,29
3606,565682080989,NEW,1828,BUY,LIMIT,1000400,40
3607,565682475150,CANCEL,1797,BUY,LIMIT,1001200,30
3608,565696800658,CANCEL,1751,BUY,LIMIT,1001400,26
3609,565830392213,CANCEL,1814,SELL,LIMIT,1002400,28
3610,565862217615,NEW,1829,BUY,LIMIT,1001600,16
3611,565920841495,NEW,1830,BUY,LIMIT,1001300,38
3612,566043054887,CANCEL,1806,SELL,LIMIT,1002800,25
3613,566071753580,CANCEL,1781,BUY,LIMIT,1001100,45
3614,566252908184,CANCEL,1821,BUY,LIMIT,1000900,100
3615,566306983546,CANCEL,1732,BUY,LIMIT,1001000,25
3616,566460072566,CANCEL,1815,SELL,LIMIT,1002200,27
3617,566727683384,NEW,1831,BUY,LIMIT,1000800,23
3618,567005448984,CANCEL,1820,BUY,LIMIT,1000800,31
3619,567122691370,NEW,1832,BUY,LIMIT,1000400,40
3620,567128348346,CANCEL,1646,BUY,LIMIT,1001300,17
3621,567199880042,CANCEL,1778,SELL,LIMIT,1002300,10
3622,567632655930,CANCEL,1801,SELL,LIMIT,1002500,38
3623,567642337443,CANCEL,1817,SELL,LIMIT,1002800,31
3624,567835160166,NEW,1833,BUY,LIMIT,1001600,2
3625,568076704952,CANCEL,1825,BUY,LIMIT,1000800,34
3626,568259259887,CANCEL,1791,SELL,LIMIT,1002500,28
3627,568649652866,NEW,1834,SELL,LIMIT,1002500,26
3628,569161270780,NEW,1835,BUY,LIMIT,1001400,40
3629,569208436000,NEW,1836,BUY,LIMIT,1000800,25
3630,569249146158,CANCEL,1796,BUY,LIMIT,1000900,25
3631,569309796084,CANCEL,1752,SELL,LIMIT,1003300,24
3632,569810866971,CANCEL,1812,SELL,LIMIT,1002300,33
3633,569831899115,CANCEL,1790,SELL,LIMIT,1002600,23
3634,569986016280,CANCEL,1824,BUY,LIMIT,1001000,25
3635,570033034713,CANCEL,1804,BUY,LIMIT,1001300,31
3636,570151131324,NEW,1837,BUY,LIMIT,1001100,40
3637,570207049201,CANCEL,1835,BUY,LIMIT,1001400,40
3638,570383002900,NEW,1838,BUY,LIMIT,1001400,27
3639,570695525986,CANCEL,1827,SELL,LIMIT,1002700,12
3640,570863303399,NEW,1839,SELL,LIMIT,1002100,11
3641,570961562267,NEW,1840,SELL,LIMIT,1002400,31
3642,571090972879,CANCEL,1809,SELL,LIMIT,1001900,30
3643,571392271669,NEW,1841,BUY,LIMIT,1001100,10
3644,571504522338,NEW,1842,SELL,LIMIT,1002600,26
3645,571519428799,CANCEL,1840,SELL,LIMIT,1002400,31
3646,571582198374,CANCEL,1800,SELL,LIMIT,1002400,31
3647,571651667029,NEW,1843,SELL,LIMIT,1002600,25
3648,571723200232,CANCEL,1834,SELL,LIMIT,1002500,26
3649,571863168259,NEW,1844,BUY,LIMIT,1001400,34
3650,571900155476,CANCEL,1816,SELL,LIMIT,1002400,32
3651,572072253441,CANCEL,1750,BUY,LIMIT,1000700,20
3652,572080197591,NEW,1845,BUY,LIMIT,1000600,32
3653,572129410997,CANCEL,1831,BUY,LIMIT,1000800,23
3654,572454554836,NEW,1846,SELL,MARKET,,73
3655,572454554836,CANCEL,1720,BUY,LIMIT,1001700,3
3656,572454554836,CANCEL,1829,BUY,LIMIT,1001600,16
3657,572454554836,CANCEL,1833,BUY,LIMIT,1001600,2
3658,572454554836,CANCEL,1780,BUY,LIMIT,1001500,26
3659,572454554836,CANCEL,1695,BUY,LIMIT,1001400,3
3660,572454554836,REDUCE,1807,BUY,LIMIT,1001400,3
3661,572481645365,NEW,1847,SELL,LIMIT,1002300,30
3662,572499726986,NEW,1848,BUY,LIMIT,1001300,28
3663,572571930300,CANCEL,1822,BUY,LIMIT,1001000,29
3664,572755991954,CANCEL,1823,BUY,LIMIT,1000900,35
3665,572948999828,CANCEL,1826,SELL,LIMIT,1003200,30
3666,572980486125,NEW,1849,SELL,LIMIT,1001700,31
3667,573093190787,CANCEL,1828,BUY,LIMIT,1000400,40
3668,573196107693,NEW,1850,SELL,LIMIT,1002100,23
3669,573204581906,CANCEL,1845,BUY,LIMIT,1000600,32
3670,573294036797,NEW,1851,SELL,LIMIT,1002900,29
3671,573324655911,CANCEL,1810,BUY,LIMIT,1001000,29
3672,573396166987,NEW,1852,SELL,LIMIT,1002300,30
3673,573769066752,CANCEL,1838,BUY,LIMIT,1001400,27
3674,574502316673,CANCEL,1837,BUY,LIMIT,1001100,40
3675,574667283217,NEW,1853,BUY,LIMIT,1000900,29
3676,574912022774,CANCEL,1848,BUY,LIMIT,1001300,28
3677,574992512280,NEW,1854,SELL,LIMIT,1002200,25
3678,575178081113,CANCEL,1805,SELL,LIMIT,1003200,26
3679,575529423617,NEW,1855,SELL,LIMIT,1002400,30
3680,575650681462,NEW,1856,SELL,LIMIT,1002900,31
3681,575697214747,NEW,1857,BUY,LIMIT,1001000,38
3682,576017274784,NEW,1858,BUY,LIMIT,1000800,25
3683,576187239338,CANCEL,1852,SELL,LIMIT,1002300,30
3684,576269483434,NEW,1859,SELL,LIMIT,1002600,31
3685,576483799362,NEW,1860,BUY,LIMIT,1000600,24
3686,576610830944,NEW,1861,SELL,LIMIT,1002300,26
3687,576660960716,NEW,1862,SELL,LIMIT,1001700,27
3688,576826059270,CANCEL,1850,SELL,LIMIT,1002100,23
3689,577005438009,NEW,1863,BUY,LIMIT,1000900,28
3690,577104099405,NEW,1864,SELL,LIMIT,1002500,40
3691,577131211741,CANCEL,1773,SELL,LIMIT,1002500,21
3692,577322822957,NEW,1865,BUY,LIMIT,1001000,23
3693,577743507159,NEW,1866,BUY,LIMIT,1000900,32
3694,577876612323,CANCEL,1862,SELL,LIMIT,1001700,27
3695,577880037862,CANCEL,1863,BUY,LIMIT,1000900,28
3696,578049630498,NEW,1867,BUY,LIMIT,1000700,20
3697,578189418489,NEW,1868,SELL,LIMIT,1001900,34
3698,578381404814,CANCEL,1808,SELL,LIMIT,1002700,45
3699,578439695067,NEW,1869,BUY,LIMIT,1001000,27
3700,578461596424,NEW,1870,SELL,LIMIT,1002300,28
3701,578669243699,CANCEL,1870,SELL,LIMIT,1002300,28
3702,578680847254,CANCEL,1856,SELL,LIMIT,1002900,31
3703,578748275773,CANCEL,1860,BUY,LIMIT,1000600,24
3704,579259270198,NEW,1871,SELL,LIMIT,1002300,40
3705,579464676468,NEW,1872,BUY,LIMIT,1000600,40
3706,579528223173,CANCEL,1859,SELL,LIMIT,1002600,31
3707,579650059096,NEW,1873,BUY,LIMIT,1000900,26
3708,579749440869,NEW,1874,BUY,LIMIT,1000200,28
3709,579751613505,NEW,1875,SELL,LIMIT,1002100,20
3710,580235186357,NEW,1876,BUY,LIMIT,1000900,30
3711,580485147968,CANCEL,1698,SELL,LIMIT,1002600,23
3712,580643087862,CANCEL,1872,BUY,LIMIT,1000600,40
3713,580714208300,NEW,1877,BUY,LIMIT,1000900,30
3714,580785695164,NEW,1878,BUY,LIMIT,1000800,27
3715,580827693672,NEW,1879,SELL,LIMIT,1002200,27
3716,580923719462,NEW,1880,BUY,LIMIT,1000200,27
3717,581064907159,NEW,1881,BUY,LIMIT,1001300,100
3718,581125847250,NEW,1882,BUY,LIMIT,1000200,1
3719,581246075883,CANCEL,1779,BUY,LIMIT,1000600,33
3720,581454140762,NEW,1883,SELL,LIMIT,1002400,14
3721,581640340581,NEW,1884,BUY,LIMIT,1000500,29
3722,581933391141,CANCEL,1830,BUY,LIMIT,1001300,38
3723,582021081599,CANCEL,1881,BUY,LIMIT,1001300,100
3724,582553476352,NEW,1885,SELL,LIMIT,1002300,29
3725,582836277048,NEW,1886,SELL,LIMIT,1002100,26
3726,583125343027,NEW,1887,SELL,LIMIT,1002500,26
3727,583168856623,CANCEL,1572,SELL,LIMIT,1002400,5
3728,583230066775,CANCEL,1836,BUY,LIMIT,1000800,25
3729,583496373415,NEW,1888,SELL,LIMIT,1002400,5
3730,583605632611,NEW,1889,BUY,MARKET,,40
3731,583605632611,CANCEL,1849,SELL,LIMIT,1001700,31
3732,583605632611,REDUCE,1868,SELL,LIMIT,1001900,25
3733,583738699639,NEW,1890,SELL,LIMIT,1002900,28
3734,583840898984,NEW,1891,BUY,LIMIT,1001100,29
3735,583858045493,NEW,1892,BUY,LIMIT,1001000,32
3736,583917537849,NEW,1893,SELL,LIMIT,1002900,27
3737,584013281169,NEW,1894,BUY,LIMIT,1000900,27
3738,584039842295,CANCEL,1866,BUY,LIMIT,1000900,32
3739,584140386975,CANCEL,1843,SELL,LIMIT,1002600,25
3740,584325915307,CANCEL,1869,BUY,LIMIT,1001000,27
3741,584497094496,CANCEL,1876,BUY,LIMIT,1000900,30
3742,584717468168,NEW,1895,SELL,LIMIT,1001800,29
3743,584717837474,CANCEL,1085,BUY,LIMIT,999000,2
3744,584731343208,NEW,1896,BUY,LIMIT,1000700,25
3745,584743112855,CANCEL,1877,BUY,LIMIT,1000900,30
3746,584916600641,NEW,1897,SELL,LIMIT,1002400,48
3747,584951385225,CANCEL,1886,SELL,LIMIT,1002100,26
3748,585186615824,CANCEL,1847,SELL,LIMIT,1002300,30
3749,585246148491,NEW,1898,SELL,LIMIT,1001800,28
3750,585390656177,NEW,1899,BUY,LIMIT,1000600,29
3751,585418368273,NEW,1900,BUY,LIMIT,1001000,26
3752,585854782669,CANCEL,1897,SELL,LIMIT,1002400,48
3753,585964485897,NEW,1901,SELL,LIMIT,1002300,26
3754,585990482658,CANCEL,1898,SELL,LIMIT,1001800,28
3755,586122561925,CANCEL,1887,SELL,LIMIT,1002500,26
3756,586205629452,CANCEL,1855,SELL,LIMIT,1002400,30
3757,586222338346,NEW,1902,BUY,LIMIT,1000600,38
3758,586227988374,NEW,1903,BUY,LIMIT,1000800,27
3759,586287709433,NEW,1904,SELL,LIMIT,1002300,20
3760,586309894728,CANCEL,1832,BUY,LIMIT,1000400,40
3761,586323145686,NEW,1905,SELL,LIMIT,1001900,19
3762,586327122216,NEW,1906,BUY,LIMIT,1001100,30
3763,586631934737,NEW,1907,SELL,LIMIT,1002100,100
3764,586702638489,CANCEL,1868,SELL,LIMIT,1001900,25
3765,586709752298,CANCEL,1844,BUY,LIMIT,1001400,34
3766,587124762003,CANCEL,1854,SELL,LIMIT,1002200,25
3767,587217952965,NEW,1908,SELL,LIMIT,1002200,28
3768,587242031087,NEW,1909,BUY,LIMIT,1000500,35
3769,587275564270,NEW,1910,BUY,LIMIT,1001100,24
3770,587328539845,CANCEL,1878,BUY,LIMIT,1000800,27
3771,587378600396,CANCEL,1910,BUY,LIMIT,1001100,24
3772,587534228943,CANCEL,1851,SELL,LIMIT,1002900,29
3773,587638228354,CANCEL,1899,BUY,LIMIT,1000600,29
3774,587644259933,CANCEL,1894,BUY,LIMIT,1000900,27
3775,587814805225,NEW,1911,BUY,LIMIT,1001200,26
3776,587966614282,CANCEL,1896,BUY,LIMIT,1000700,25
3777,587966932710,NEW,1912,BUY,LIMIT,1001000,23
3778,588263629625,NEW,1913,SELL,LIMIT,1001700,36
3779,588353339518,CANCEL,1902,BUY,LIMIT,1000600,38
3780,588403717427,NEW,1914,SELL,LIMIT,1002500,35
3781,588748583978,CANCEL,1907,SELL,LIMIT,1002100,100
3782,588786514351,CANCEL,1911,BUY,LIMIT,1001200,26
3783,588967279038,NEW,1915,BUY,LIMIT,1000900,25
3784,589177027026,NEW,1916,SELL,LIMIT,1002200,28
3785,589467804092,CANCEL,1871,SELL,LIMIT,1002300,40
3786,589712796787,NEW,1917,BUY,LIMIT,1001000,25
3787,589745835857,CANCEL,1883,SELL,LIMIT,1002400,14
3788,589958356090,CANCEL,1861,SELL,LIMIT,1002300,26
3789,590133528787,CANCEL,1900,BUY,LIMIT,1001000,26
3790,590272098334,NEW,1918,BUY,LIMIT,1001000,32
3791,590410071462,CANCEL,1901,SELL,LIMIT,1002300,26
3792,590745367566,CANCEL,1893,SELL,LIMIT,1002900,27
3793,590829580517,CANCEL,1904,SELL,LIMIT,1002300,20
3794,590880941835,CANCEL,1895,SELL,LIMIT,1001800,29
3795,590968730370,NEW,1919,BUY,LIMIT,1000300,35
3796,591017105440,NEW,1920,SELL,LIMIT,1002400,38
3797,591030444963,NEW,1921,BUY,LIMIT,1000500,28
3798,591366859274,CANCEL,1853,BUY,LIMIT,1000900,29
3799,591486847023,CANCEL,1903,BUY,LIMIT,1000800,27
3800,591523593153,NEW,1922,SELL,LIMIT,1002200,26
3801,591606138971,NEW,1923,BUY,LIMIT,1000600,5
3802,591657183537,NEW,1924,BUY,LIMIT,1000800,24
3803,591713801781,NEW,1925,SELL,LIMIT,1002900,17
3804,591744981688,CANCEL,1879,SELL,LIMIT,1002200,27
3805,591781063546,CANCEL,1908,SELL,LIMIT,1002200,28
3806,591899263774,NEW,1926,SELL,LIMIT,1002000,31
3807,591993006835,CANCEL,1892,BUY,LIMIT,1001000,32
3808,592034480748,CANCEL,1875,SELL,LIMIT,1002100,20
3809,592493219091,NEW,1927,SELL,LIMIT,1002900,31
3810,592531048356,CANCEL,1873,BUY,LIMIT,1000900,26
3811,592545930309,CANCEL,1919,BUY,LIMIT,1000300,35
3812,592555843748,CANCEL,1927,SELL,LIMIT,1002900,31
3813,592595463603,CANCEL,1925,SELL,LIMIT,1002900,17
3814,592604575306,CANCEL,1913,SELL,LIMIT,1001700,36
3815,592861918792,NEW,1928,SELL,LIMIT,1001800,21
3816,593125943011,NEW,1929,SELL,LIMIT,1002400,29
3817,593818245354,CANCEL,1926,SELL,LIMIT,1002000,31
3818,593881176821,NEW,1930,SELL,LIMIT,1002300,40
3819,593988473676,NEW,1931,SELL,LIMIT,1002600,47
3820,594034180244,CANCEL,1864,SELL,LIMIT,1002500,40
3821,594050598357,NEW,1932,SELL,LIMIT,1002600,38
3822,594303003941,NEW,1933,BUY,LIMIT,1000300,24
3823,594621996191,CANCEL,1915,BUY,LIMIT,1000900,25
3824,594625458687,NEW,1934,BUY,LIMIT,1000800,518
3825,594629025559,NEW,1935,SELL,LIMIT,1002700,31
3826,594702210543,NEW,1936,SELL,LIMIT,1002600,31
3827,594708670749,NEW,1937,SELL,LIMIT,1002500,30
3828,595084212823,NEW,1938,SELL,LIMIT,1002900,25
3829,595356326899,NEW,1939,SELL,LIMIT,1002900,100
3830,595502081640,CANCEL,1923,BUY,LIMIT,1000600,5
3831,595726489057,NEW,1940,SELL,LIMIT,1002900,38
3832,595881844062,NEW,1941,SELL,LIMIT,1002400,29
3833,596190515582,NEW,1942,BUY,LIMIT,1000800,25
3834,596241561397,CANCEL,1934,BUY,LIMIT,1000800,518
3835,596243243060,CANCEL,1942,BUY,LIMIT,1000800,25
3836,596313685239,NEW,1943,SELL,LIMIT,1002400,20
3837,596963043195,NEW,1944,SELL,LIMIT,1002300,27
3838,597051416566,CANCEL,1935,SELL,LIMIT,1002700,31
3839,597216035281,NEW,1945,BUY,LIMIT,1000900,30
3840,597265548912,NEW,1946,BUY,LIMIT,1000700,34
3841,597294072094,NEW,1947,SELL,LIMIT,1002400,23
3842,597658213980,CANCEL,1939,SELL,LIMIT,1002900,100
3843,597758819731,NEW,1948,SELL,LIMIT,1001600,23
3844,597773923101,CANCEL,1946,BUY,LIMIT,1000700,34
3845,598007344782,CANCEL,1924,BUY,LIMIT,1000800,24
3846,598467027518,NEW,1949,SELL,LIMIT,1002500,23
3847,598712558862,NEW,1950,SELL,LIMIT,1001600,27
3848,598833324086,CANCEL,1857,BUY,LIMIT,1001000,38
3849,598867410840,NEW,1951,SELL,LIMIT,1002300,33
3850,598889255714,CANCEL,1753,SELL,LIMIT,1002700,27
3851,598958366979,CANCEL,1916,SELL,LIMIT,1002200,28
3852,599241348188,CANCEL,1922,SELL,LIMIT,1002200,26
3853,599310966761,NEW,1952,BUY,LIMIT,1000600,24
3854,599474106873,NEW,1953,SELL,LIMIT,1002200,34
3855,599512681016,CANCEL,1880,BUY,LIMIT,1000200,27
3856,599998649673,CANCEL,1948,SELL,LIMIT,1001600,23
