seq,ts_ns,event,order_id,side,type,price,quantity
1,1,NEW,1,BUY,LIMIT,1000000,300
2,1,NEW,2,SELL,LIMIT,1000100,300
3,1,NEW,3,BUY,LIMIT,999900,300
4,1,NEW,4,SELL,LIMIT,1000200,300
5,1,NEW,5,BUY,LIMIT,999800,300
6,1,NEW,6,SELL,LIMIT,1000300,300
7,1,NEW,7,BUY,LIMIT,999700,300
8,1,NEW,8,SELL,LIMIT,1000400,300
9,1,NEW,9,BUY,LIMIT,999600,300
10,1,NEW,10,SELL,LIMIT,1000500,300
11,1,NEW,11,BUY,LIMIT,999500,300
12,1,NEW,12,SELL,LIMIT,1000600,300
13,1,NEW,13,BUY,LIMIT,999400,300
14,1,NEW,14,SELL,LIMIT,1000700,300
15,1,NEW,15,BUY,LIMIT,999300,300
16,1,NEW,16,SELL,LIMIT,1000800,300
17,1,NEW,17,BUY,LIMIT,999200,300
18,1,NEW,18,SELL,LIMIT,1000900,300
19,1,NEW,19,BUY,LIMIT,999100,300
20,1,NEW,20,SELL,LIMIT,1001000,300
21,34007940,CANCEL,1,BUY,LIMIT,1000000,300
22,128061293,NEW,21,SELL,LIMIT,1000600,28
23,263657075,CANCEL,9,BUY,LIMIT,999600,300
24,284986148,CANCEL,18,SELL,LIMIT,1000900,300
25,292541835,CANCEL,10,SELL,LIMIT,1000500,300
26,531448051,CANCEL,7,BUY,LIMIT,999700,300
27,578236343,CANCEL,16,SELL,LIMIT,1000800,300
28,658712467,CANCEL,3,BUY,LIMIT,999900,300
29,665475184,NEW,22,BUY,LIMIT,999200,28
30,728672461,CANCEL,12,SELL,LIMIT,1000600,300
31,731185704,CANCEL,19,BUY,LIMIT,999100,300
32,793669018,CANCEL,4,SELL,LIMIT,1000200,300
33,849711242,NEW,23,SELL,LIMIT,1000700,31
34,948825782,NEW,24,SELL,LIMIT,1000700,45
35,981074594,CANCEL,2,SELL,LIMIT,1000100,300
36,1145173373,CANCEL,13,BUY,LIMIT,999400,300
37,1280917275,CANCEL,8,SELL,LIMIT,1000400,300
38,1333096127,CANCEL,20,SELL,LIMIT,1001000,300
39,1355415301,CANCEL,11,BUY,LIMIT,999500,300
40,1366016586,NEW,25,BUY,LIMIT,999100,25
41,1420316603,CANCEL,14,SELL,LIMIT,1000700,300
42,1477094603,CANCEL,6,SELL,LIMIT,1000300,300
43,1495175363,CANCEL,24,SELL,LIMIT,1000700,45
44,1769438659,CANCEL,15,BUY,LIMIT,999300,300
45,1839322739,NEW,26,BUY,LIMIT,1000400,28
46,1875257418,CANCEL,5,BUY,LIMIT,999800,300
47,2048295854,NEW,27,BUY,LIMIT,999400,25
48,2048480132,NEW,28,BUY,LIMIT,999100,33
49,2372357940,NEW,29,SELL,LIMIT,1001100,27
50,2794563740,NEW,30,SELL,LIMIT,1001400,29
51,3042999175,NEW,31,SELL,LIMIT,1001000,38
52,3110278911,NEW,32,BUY,LIMIT,999900,23
53,3128402289,NEW,33,BUY,LIMIT,999700,24
54,3283285198,CANCEL,26,BUY,LIMIT,1000400,28
55,3467255021,CANCEL,17,BUY,LIMIT,999200,300
56,3646028259,NEW,34,BUY,LIMIT,999100,31
57,3809394189,NEW,35,SELL,LIMIT,1001200,29
58,3856986074,NEW,36,BUY,LIMIT,1000100,32
59,4018840835,NEW,37,BUY,LIMIT,999700,34
60,4712639824,NEW,38,BUY,LIMIT,999400,31
61,4961023763,NEW,39,SELL,LIMIT,1001000,7
62,5148999844,CANCEL,37,BUY,LIMIT,999700,34
63,5315677985,NEW,40,SELL,LIMIT,1000800,24
64,5786046383,NEW,41,SELL,LIMIT,1000500,31
65,5950889471,NEW,42,SELL,LIMIT,1001100,19
66,6053940348,CANCEL,28,BUY,LIMIT,999100,33
67,6306038297,CANCEL,38,BUY,LIMIT,999400,31
68,6693258438,NEW,43,SELL,LIMIT,1000800,25
69,7379337286,NEW,44,BUY,LIMIT,999600,30
70,7679925983,NEW,45,BUY,LIMIT,999600,28
71,8212825394,CANCEL,21,SELL,LIMIT,1000600,28
72,8283512346,NEW,46,SELL,LIMIT,1000900,25
73,8293013122,CANCEL,42,SELL,LIMIT,1001100,19
74,8382157984,NEW,47,SELL,LIMIT,1000900,25
75,8425369888,NEW,48,BUY,LIMIT,999100,25
76,8548053683,CANCEL,27,BUY,LIMIT,999400,25
77,8588654243,NEW,49,BUY,LIMIT,999600,30
78,8620847693,NEW,50,SELL,MARKET,,170
79,8620847693,CANCEL,36,BUY,LIMIT,1000100,32
80,8620847693,CANCEL,32,BUY,LIMIT,999900,23
81,8620847693,CANCEL,33,BUY,LIMIT,999700,24
82,8620847693,CANCEL,44,BUY,LIMIT,999600,30
83,8620847693,CANCEL,45,BUY,LIMIT,999600,28
84,8620847693,CANCEL,49,BUY,LIMIT,999600,30
85,8620847693,REDUCE,22,BUY,LIMIT,999200,25
86,8622917772,NEW,51,BUY,MARKET,,37
87,8622917772,CANCEL,41,SELL,LIMIT,1000500,31
88,8622917772,REDUCE,23,SELL,LIMIT,1000700,25
89,8768180426,NEW,52,SELL,LIMIT,1000400,24
90,9007160079,CANCEL,34,BUY,LIMIT,999100,31
91,9034863589,CANCEL,25,BUY,LIMIT,999100,25
92,9391533588,CANCEL,52,SELL,LIMIT,1000400,24
93,9757225350,NEW,53,SELL,LIMIT,999600,5
94,10010162489,NEW,54,SELL,LIMIT,1000100,23
95,10082919489,NEW,55,BUY,LIMIT,999100,40
96,10208004089,NEW,56,BUY,LIMIT,999200,25
97,10316332754,NEW,57,BUY,LIMIT,998900,28
98,10454869326,NEW,58,BUY,LIMIT,998100,30
99,10680151728,CANCEL,54,SELL,LIMIT,1000100,23
100,10824696200,NEW,59,SELL,LIMIT,999600,25
101,10840603301,NEW,60,SELL,LIMIT,1000300,100
102,10982842455,NEW,61,SELL,LIMIT,1000000,34
103,11250192986,NEW,62,SELL,LIMIT,999600,25
104,11298975509,CANCEL,31,SELL,LIMIT,1001000,38
105,11307731550,CANCEL,47,SELL,LIMIT,1000900,25
106,11330059142,NEW,63,SELL,LIMIT,1000200,36
107,11763944841,NEW,64,BUY,LIMIT,998800,26
108,12073852868,NEW,65,BUY,LIMIT,999200,35
109,12428634931,NEW,66,BUY,LIMIT,998400,40
110,12449366831,NEW,67,SELL,LIMIT,1000100,30
111,12573280765,NEW,68,SELL,LIMIT,1000000,8
112,12631475438,NEW,69,SELL,LIMIT,1000500,29
113,12721448360,NEW,70,SELL,LIMIT,1000400,100
114,12797122697,CANCEL,63,SELL,LIMIT,1000200,36
115,12811337635,NEW,71,BUY,LIMIT,998100,23
116,12993206561,CANCEL,64,BUY,LIMIT,998800,26
117,13096443771,NEW,72,SELL,LIMIT,999700,32
118,13230459914,CANCEL,59,SELL,LIMIT,999600,25
119,13530431128,CANCEL,57,BUY,LIMIT,998900,28
120,13583030679,CANCEL,60,SELL,LIMIT,1000300,100
121,13630690177,CANCEL,46,SELL,LIMIT,1000900,25
122,13730242420,CANCEL,70,SELL,LIMIT,1000400,100
123,13855630510,NEW,73,BUY,LIMIT,998600,32
124,13944220836,NEW,74,SELL,LIMIT,1000200,20
125,14098608643,CANCEL,62,SELL,LIMIT,999600,25
126,14595891776,NEW,75,SELL,LIMIT,1000000,100
127,14719964716,CANCEL,73,BUY,LIMIT,998600,32
128,14774073080,NEW,76,BUY,LIMIT,998100,23
129,14784283681,NEW,77,BUY,LIMIT,998600,100
130,14880015229,NEW,78,SELL,LIMIT,1000300,25
131,15093611526,NEW,79,SELL,LIMIT,1000200,25
132,15277255537,NEW,80,BUY,LIMIT,999200,30
133,15290057716,CANCEL,80,BUY,LIMIT,999200,30
134,15332515463,NEW,81,BUY,LIMIT,998500,31
135,15372450091,NEW,82,BUY,LIMIT,998100,40
136,15525925622,CANCEL,77,BUY,LIMIT,998600,100
137,15976041055,NEW,83,SELL,LIMIT,1000700,40
138,16055177497,NEW,84,SELL,LIMIT,1000300,40
139,16077273480,CANCEL,74,SELL,LIMIT,1000200,20
140,16119773623,NEW,85,BUY,LIMIT,998100,26
141,16142268388,NEW,86,SELL,LIMIT,1000200,30
142,16150953105,CANCEL,82,BUY,LIMIT,998100,40
143,16295830692,NEW,87,SELL,LIMIT,1000200,23
144,16300850083,NEW,88,SELL,LIMIT,1000100,45
145,17037901146,CANCEL,23,SELL,LIMIT,1000700,25
146,17069390635,NEW,89,BUY,LIMIT,998800,23
147,17121307386,NEW,90,SELL,LIMIT,1000700,30
148,17286683083,NEW,91,BUY,LIMIT,998600,28
149,17373731913,CANCEL,58,BUY,LIMIT,998100,30
150,17589573449,CANCEL,78,SELL,LIMIT,1000300,25
151,17654856540,NEW,92,SELL,LIMIT,1000300,23
152,17726629367,NEW,93,BUY,LIMIT,998600,33
153,17828013210,CANCEL,88,SELL,LIMIT,1000100,45
154,17862403168,CANCEL,83,SELL,LIMIT,1000700,40
155,17969941462,NEW,94,SELL,LIMIT,1000700,28
156,17986143484,CANCEL,56,BUY,LIMIT,999200,25
157,18257708269,CANCEL,69,SELL,LIMIT,1000500,29
158,18588239618,CANCEL,94,SELL,LIMIT,1000700,28
159,18642762061,CANCEL,53,SELL,LIMIT,999600,5
160,18687323848,CANCEL,90,SELL,LIMIT,1000700,30
161,19032191754,NEW,95,BUY,LIMIT,999100,28
162,19165757521,CANCEL,93,BUY,LIMIT,998600,33
163,19469853962,NEW,96,SELL,LIMIT,999600,30
164,19511335909,NEW,97,SELL,LIMIT,1000100,32
165,19515224184,CANCEL,43,SELL,LIMIT,1000800,25
166,19518851218,CANCEL,71,BUY,LIMIT,998100,23
167,19723938218,NEW,98,BUY,LIMIT,999300,29
168,19795356008,NEW,99,BUY,LIMIT,998800,40
169,20052905794,NEW,100,SELL,LIMIT,1000800,32
170,20077264778,NEW,101,BUY,LIMIT,998500,30
171,20345195813,CANCEL,40,SELL,LIMIT,1000800,24
172,20519080897,NEW,102,BUY,LIMIT,998600,25
173,20739484584,CANCEL,75,SELL,LIMIT,1000000,100
174,20862927134,CANCEL,55,BUY,LIMIT,999100,40
175,20988091588,NEW,103,SELL,LIMIT,1000600,30
176,21103818485,NEW,104,SELL,MARKET,,48
177,21103818485,CANCEL,98,BUY,LIMIT,999300,29
178,21103818485,REDUCE,22,BUY,LIMIT,999200,6
179,21177794734,CANCEL,99,BUY,LIMIT,998800,40
180,21602443912,CANCEL,101,BUY,LIMIT,998500,30
181,22124175658,CANCEL,30,SELL,LIMIT,1001400,29
182,22219565520,CANCEL,84,SELL,LIMIT,1000300,40
183,22735790785,NEW,105,BUY,LIMIT,998800,48
184,22878565566,NEW,106,BUY,LIMIT,998400,25
185,22883331751,CANCEL,95,BUY,LIMIT,999100,28
186,22922549521,CANCEL,106,BUY,LIMIT,998400,25
187,23013494310,NEW,107,SELL,LIMIT,1000100,32
188,23377557951,CANCEL,61,SELL,LIMIT,1000000,34
189,23623070166,NEW,108,BUY,LIMIT,998900,54
190,23673009490,NEW,109,SELL,LIMIT,1000000,29
191,23999238218,CANCEL,79,SELL,LIMIT,1000200,25
192,24243125340,CANCEL,108,BUY,LIMIT,998900,54
193,24446743876,NEW,110,SELL,MARKET,,100
194,24446743876,CANCEL,22,BUY,LIMIT,999200,6
195,24446743876,CANCEL,65,BUY,LIMIT,999200,35
196,24446743876,CANCEL,48,BUY,LIMIT,999100,25
197,24446743876,CANCEL,89,BUY,LIMIT,998800,23
198,24446743876,REDUCE,105,BUY,LIMIT,998800,37
199,24954017147,CANCEL,67,SELL,LIMIT,1000100,30
200,25205086205,NEW,111,BUY,LIMIT,998800,31
201,25222822121,NEW,112,SELL,LIMIT,1000300,31
202,25364684891,NEW,113,BUY,LIMIT,998600,25
203,25754583457,NEW,114,BUY,LIMIT,998500,30
204,25791967391,CANCEL,102,BUY,LIMIT,998600,25
205,26121131573,CANCEL,103,SELL,LIMIT,1000600,30
206,26128245648,CANCEL,76,BUY,LIMIT,998100,23
207,26304626688,CANCEL,86,SELL,LIMIT,1000200,30
208,26325145339,NEW,115,SELL,LIMIT,1000300,38
209,26576051068,CANCEL,114,BUY,LIMIT,998500,30
210,27202368897,NEW,116,SELL,LIMIT,999700,26
211,27450282419,CANCEL,92,SELL,LIMIT,1000300,23
212,27472071398,CANCEL,111,BUY,LIMIT,998800,31
213,27608407626,NEW,117,SELL,LIMIT,999700,32
214,27695600545,NEW,118,BUY,LIMIT,998700,32
215,27912919230,CANCEL,100,SELL,LIMIT,1000800,32
216,28034405019,CANCEL,29,SELL,LIMIT,1001100,27
217,28297903202,NEW,119,SELL,LIMIT,999800,18
218,28377054952,CANCEL,97,SELL,LIMIT,1000100,32
219,28411775940,CANCEL,117,SELL,LIMIT,999700,32
220,28629050733,NEW,120,SELL,LIMIT,999200,26
221,28704451059,NEW,121,SELL,LIMIT,999800,27
222,28882156490,CANCEL,35,SELL,LIMIT,1001200,29
223,29123949588,NEW,122,BUY,LIMIT,998400,31
224,29138768852,NEW,123,SELL,LIMIT,999700,33
225,29199639217,NEW,124,SELL,LIMIT,999700,33
226,29312666012,NEW,125,SELL,LIMIT,999500,31
227,29458495788,CANCEL,96,SELL,LIMIT,999600,30
228,29897366188,NEW,126,SELL,LIMIT,1000000,34
229,30640877014,CANCEL,126,SELL,LIMIT,1000000,34
230,30794817801,CANCEL,85,BUY,LIMIT,998100,26
231,31023079562,CANCEL,105,BUY,LIMIT,998800,37
232,31310834100,NEW,127,BUY,LIMIT,998500,30
233,31366741398,CANCEL,123,SELL,LIMIT,999700,33
234,31574754615,NEW,128,BUY,LIMIT,998300,10
235,31881200372,CANCEL,116,SELL,LIMIT,999700,26
236,31909410303,NEW,129,SELL,LIMIT,999200,40
237,32131612515,NEW,130,SELL,LIMIT,999000,5
238,32199122609,NEW,131,SELL,LIMIT,999700,25
239,32451332105,NEW,132,BUY,LIMIT,997700,27
240,32942590322,NEW,133,SELL,LIMIT,999800,29
241,33375285807,NEW,134,BUY,LIMIT,997600,31
242,33545389269,CANCEL,131,SELL,LIMIT,999700,25
243,33781721917,NEW,135,BUY,LIMIT,998100,32
244,33782420399,CANCEL,132,BUY,LIMIT,997700,27
245,33881903544,CANCEL,133,SELL,LIMIT,999800,29
246,33978584760,NEW,136,BUY,LIMIT,998100,4
247,33980865804,CANCEL,112,SELL,LIMIT,1000300,31
248,34151370291,CANCEL,81,BUY,LIMIT,998500,31
249,34159013498,NEW,137,BUY,LIMIT,998100,29
250,34226098187,CANCEL,107,SELL,LIMIT,1000100,32
251,34307024971,CANCEL,115,SELL,LIMIT,1000300,38
252,34533632966,NEW,138,BUY,LIMIT,998300,34
253,34602068447,NEW,139,BUY,LIMIT,998100,29
254,34715544700,CANCEL,91,BUY,LIMIT,998600,28
255,34850861554,NEW,140,BUY,LIMIT,997700,45
256,36139183920,NEW,141,BUY,LIMIT,998200,29
257,36448974250,NEW,142,SELL,LIMIT,999600,30
258,36569740125,CANCEL,118,BUY,LIMIT,998700,32
259,36883748452,CANCEL,127,BUY,LIMIT,998500,30
260,37105189239,CANCEL,140,BUY,LIMIT,997700,45
261,37202626088,NEW,143,SELL,LIMIT,999400,30
262,37537797377,CANCEL,124,SELL,LIMIT,999700,33
263,37967901655,NEW,144,SELL,LIMIT,999600,23
264,38302540644,NEW,145,BUY,LIMIT,998100,30
265,38610785997,NEW,146,SELL,LIMIT,999800,20
266,39145628152,CANCEL,66,BUY,LIMIT,998400,40
267,39433969517,CANCEL,135,BUY,LIMIT,998100,32
268,39646224262,NEW,147,SELL,LIMIT,999300,30
269,40407073607,CANCEL,141,BUY,LIMIT,998200,29
270,40475178049,NEW,148,SELL,LIMIT,999400,18
271,40511890560,NEW,149,BUY,LIMIT,997800,28
272,40560755618,CANCEL,129,SELL,LIMIT,999200,40
273,41040261906,CANCEL,109,SELL,LIMIT,1000000,29
274,41056061504,NEW,150,BUY,LIMIT,998100,25
275,41146382029,NEW,151,BUY,LIMIT,998100,30
276,41146960383,NEW,152,SELL,LIMIT,999700,25
277,41208057756,NEW,153,SELL,LIMIT,999800,31
278,41275853333,CANCEL,145,BUY,LIMIT,998100,30
279,41591324944,NEW,154,BUY,LIMIT,998200,25
280,41655491719,CANCEL,125,SELL,LIMIT,999500,31
281,42372871528,NEW,155,SELL,LIMIT,999600,25
282,42492091989,CANCEL,142,SELL,LIMIT,999600,30
283,42618641683,CANCEL,152,SELL,LIMIT,999700,25
284,42740668822,NEW,156,BUY,LIMIT,998100,23
285,43297354256,NEW,157,BUY,LIMIT,998100,25
286,43391205066,CANCEL,113,BUY,LIMIT,998600,25
287,43858926080,NEW,158,BUY,LIMIT,997900,35
288,43922142116,NEW,159,BUY,LIMIT,997800,24
289,44327139718,CANCEL,149,BUY,LIMIT,997800,28
290,44552407144,NEW,160,BUY,LIMIT,998000,27
291,45239063111,NEW,161,BUY,LIMIT,997700,30
292,45459613628,CANCEL,121,SELL,LIMIT,999800,27
293,45675930498,NEW,162,SELL,LIMIT,999500,25
294,45761057298,NEW,163,BUY,LIMIT,998400,31
295,45764309398,CANCEL,156,BUY,LIMIT,998100,23
296,45878735942,NEW,164,BUY,LIMIT,998700,35
297,46330196705,CANCEL,164,BUY,LIMIT,998700,35
298,46373057045,NEW,165,SELL,LIMIT,999400,26
299,46378348695,NEW,166,SELL,LIMIT,999900,47
300,46571903035,NEW,167,SELL,LIMIT,999200,30
301,46774835753,CANCEL,162,SELL,LIMIT,999500,25
302,46999902527,NEW,168,BUY,LIMIT,998200,45
303,47021580317,NEW,169,SELL,LIMIT,999100,29
304,47361172892,NEW,170,SELL,LIMIT,999600,29
305,47890294140,NEW,171,SELL,LIMIT,999000,54
306,48012598818,NEW,172,SELL,LIMIT,999900,28
307,48117664718,NEW,173,SELL,LIMIT,999400,25
308,48176245083,CANCEL,120,SELL,LIMIT,999200,26
309,48968649413,CANCEL,134,BUY,LIMIT,997600,31
310,49361844975,NEW,174,BUY,LIMIT,998100,30
311,49420005891,CANCEL,158,BUY,LIMIT,997900,35
312,49524248473,NEW,175,SELL,LIMIT,999200,30
313,49680048932,NEW,176,SELL,LIMIT,999900,25
314,49812423255,NEW,177,SELL,LIMIT,998900,25
315,49824768858,CANCEL,169,SELL,LIMIT,999100,29
316,49835561720,NEW,178,SELL,LIMIT,999900,28
317,49837573669,NEW,179,BUY,LIMIT,997800,25
318,49856278822,NEW,180,SELL,LIMIT,999100,40
319,49931510544,CANCEL,171,SELL,LIMIT,999000,54
320,50005273420,CANCEL,166,SELL,LIMIT,999900,47
321,50046431593,CANCEL,174,BUY,LIMIT,998100,30
322,50281213791,CANCEL,139,BUY,LIMIT,998100,29
323,50294939855,CANCEL,128,BUY,LIMIT,998300,10
324,50557320705,NEW,181,BUY,LIMIT,997400,27
325,51044628121,NEW,182,SELL,LIMIT,999400,40
326,51112328091,CANCEL,143,SELL,LIMIT,999400,30
327,51145539816,NEW,183,BUY,LIMIT,998100,31
328,51244069953,NEW,184,SELL,LIMIT,999200,25
329,51327292979,CANCEL,138,BUY,LIMIT,998300,34
330,51330693751,NEW,185,BUY,LIMIT,998100,32
331,51348637193,NEW,186,SELL,LIMIT,998800,31
332,51689753932,CANCEL,153,SELL,LIMIT,999800,31
333,51881042335,NEW,187,SELL,LIMIT,999000,34
334,52162480512,NEW,188,BUY,LIMIT,998500,24
335,52701840447,CANCEL,185,BUY,LIMIT,998100,32
336,52869367277,NEW,189,BUY,LIMIT,997900,25
337,52941411122,CANCEL,184,SELL,LIMIT,999200,25
338,53451244345,CANCEL,72,SELL,LIMIT,999700,32
339,53469653163,NEW,190,BUY,LIMIT,998000,27
340,53487939007,NEW,191,SELL,LIMIT,999000,30
341,53531273847,CANCEL,122,BUY,LIMIT,998400,31
342,53538968558,NEW,192,SELL,LIMIT,999000,10
343,53751068142,NEW,193,BUY,LIMIT,997300,100
344,54064587443,NEW,194,BUY,LIMIT,997700,17
345,54155584155,CANCEL,183,BUY,LIMIT,998100,31
346,54354209829,NEW,195,SELL,LIMIT,999400,30
347,54360832484,CANCEL,178,SELL,LIMIT,999900,28
348,54578010365,CANCEL,163,BUY,LIMIT,998400,31
349,54680315871,CANCEL,182,SELL,LIMIT,999400,40
350,54767230962,NEW,196,BUY,LIMIT,998200,32
351,55315270469,CANCEL,181,BUY,LIMIT,997400,27
352,55651966503,NEW,197,SELL,LIMIT,999700,100
353,55676053036,CANCEL,196,BUY,LIMIT,998200,32
354,55871243939,CANCEL,172,SELL,LIMIT,999900,28
355,56013365418,CANCEL,197,SELL,LIMIT,999700,100
356,56277274141,CANCEL,130,SELL,LIMIT,999000,5
357,56356205618,NEW,198,BUY,LIMIT,998100,32
358,56357697098,NEW,199,SELL,LIMIT,999500,40
359,56529622447,CANCEL,195,SELL,LIMIT,999400,30
360,56737863347,CANCEL,191,SELL,LIMIT,999000,30
361,56873982072,NEW,200,BUY,LIMIT,997900,28
362,57150733159,NEW,201,BUY,LIMIT,998100,34
363,57203601872,NEW,202,SELL,LIMIT,999400,35
364,57451817014,CANCEL,189,BUY,LIMIT,997900,25
365,57591918208,CANCEL,155,SELL,LIMIT,999600,25
366,57798245347,NEW,203,BUY,LIMIT,997900,23
367,58078208783,CANCEL,186,SELL,LIMIT,998800,31
368,58404749118,CANCEL,193,BUY,LIMIT,997300,100
369,58499003537,CANCEL,165,SELL,LIMIT,999400,26
370,58849402235,NEW,204,BUY,LIMIT,998000,32
371,58940507231,CANCEL,204,BUY,LIMIT,998000,32
372,59577494697,CANCEL,144,SELL,LIMIT,999600,23
373,59794584840,CANCEL,200,BUY,LIMIT,997900,28
374,60154141388,CANCEL,168,BUY,LIMIT,998200,45
375,60287936868,CANCEL,175,SELL,LIMIT,999200,30
376,60343381440,CANCEL,180,SELL,LIMIT,999100,40
377,60711582129,CANCEL,161,BUY,LIMIT,997700,30
378,60752426924,CANCEL,170,SELL,LIMIT,999600,29
379,61045556198,NEW,205,BUY,LIMIT,998200,23
380,61337906405,CANCEL,187,SELL,LIMIT,999000,34
381,61531368355,CANCEL,190,BUY,LIMIT,998000,27
382,61545978964,CANCEL,205,BUY,LIMIT,998200,23
383,61791744664,NEW,206,SELL,LIMIT,999600,35
384,62154434994,NEW,207,SELL,LIMIT,999300,31
385,62457730902,CANCEL,206,SELL,LIMIT,999600,35
386,62525152984,CANCEL,146,SELL,LIMIT,999800,20
387,62593797203,NEW,208,SELL,LIMIT,999300,30
388,62651036345,CANCEL,147,SELL,LIMIT,999300,30
389,62688676411,NEW,209,BUY,LIMIT,998000,38
390,62731989276,CANCEL,157,BUY,LIMIT,998100,25
391,63340807286,NEW,210,SELL,LIMIT,1000000,21
392,63764814538,CANCEL,154,BUY,LIMIT,998200,25
393,63997386993,CANCEL,207,SELL,LIMIT,999300,31
394,64054444888,CANCEL,198,BUY,LIMIT,998100,32
395,64199872848,NEW,211,SELL,LIMIT,999000,23
396,64206840839,CANCEL,202,SELL,LIMIT,999400,35
397,64287604947,NEW,212,BUY,LIMIT,998100,26
398,64323762077,NEW,213,BUY,LIMIT,998200,40
399,64327222307,CANCEL,199,SELL,LIMIT,999500,40
400,64371991708,NEW,214,BUY,LIMIT,998200,27
401,64421492460,NEW,215,BUY,LIMIT,998200,30
402,64633905693,NEW,216,BUY,LIMIT,998100,40
403,64744260275,CANCEL,137,BUY,LIMIT,998100,29
404,64798201323,NEW,217,BUY,LIMIT,997400,31
405,64807001949,NEW,218,BUY,LIMIT,998000,40
406,64832380209,NEW,219,SELL,LIMIT,1000000,23
407,64968204240,CANCEL,167,SELL,LIMIT,999200,30
408,65000910258,CANCEL,213,BUY,LIMIT,998200,40
409,65075041200,CANCEL,159,BUY,LIMIT,997800,24
410,65391949586,CANCEL,212,BUY,LIMIT,998100,26
411,65525838875,NEW,220,SELL,LIMIT,999400,32
412,65723685015,CANCEL,216,BUY,LIMIT,998100,40
413,65737015837,NEW,221,BUY,LIMIT,998000,48
414,66387819020,NEW,222,SELL,LIMIT,998800,49
415,66719867525,NEW,223,SELL,LIMIT,999400,28
416,67097468949,NEW,224,SELL,LIMIT,999100,34
417,67185848411,CANCEL,160,BUY,LIMIT,998000,27
418,67240142434,CANCEL,201,BUY,LIMIT,998100,34
419,67251477981,NEW,225,SELL,LIMIT,999400,18
420,67396661658,CANCEL,177,SELL,LIMIT,998900,25
421,67595286780,CANCEL,87,SELL,LIMIT,1000200,23
422,67829506088,CANCEL,210,SELL,LIMIT,1000000,21
423,67998963134,NEW,226,BUY,LIMIT,997900,45
424,68132433825,CANCEL,208,SELL,LIMIT,999300,30
425,68242438172,NEW,227,BUY,LIMIT,998000,27
426,68291879153,NEW,228,SELL,LIMIT,999700,23
427,68388116650,CANCEL,176,SELL,LIMIT,999900,25
428,68794304696,CANCEL,222,SELL,LIMIT,998800,49
429,68961662030,NEW,229,BUY,LIMIT,998000,30
430,69068135816,NEW,230,SELL,LIMIT,999600,23
431,69365303310,NEW,231,BUY,LIMIT,998100,40
432,69446708120,NEW,232,SELL,LIMIT,1000000,28
433,69478968459,NEW,233,BUY,LIMIT,998200,36
434,69517724184,CANCEL,179,BUY,LIMIT,997800,25
435,69521916236,CANCEL,224,SELL,LIMIT,999100,34
436,69524036953,CANCEL,232,SELL,LIMIT,1000000,28
437,69749641322,CANCEL,221,BUY,LIMIT,998000,48
438,69753562483,NEW,234,BUY,LIMIT,998300,100
439,69861099292,CANCEL,219,SELL,LIMIT,1000000,23
440,70030921023,NEW,235,BUY,LIMIT,998000,27
441,70584965699,NEW,236,SELL,LIMIT,999300,26
442,70603917259,CANCEL,203,BUY,LIMIT,997900,23
443,70638565913,NEW,237,BUY,LIMIT,998300,27
444,70673398904,CANCEL,192,SELL,LIMIT,999000,10
445,70870361667,NEW,238,BUY,LIMIT,997500,32
446,70907898721,NEW,239,SELL,LIMIT,999500,33
447,71106064252,NEW,240,SELL,LIMIT,999500,25
448,71121478609,CANCEL,239,SELL,LIMIT,999500,33
449,71181529618,CANCEL,220,SELL,LIMIT,999400,32
450,71354198926,CANCEL,39,SELL,LIMIT,1001000,7
451,71892848041,NEW,241,SELL,LIMIT,1000000,26
452,72306073364,CANCEL,148,SELL,LIMIT,999400,18
453,72922611642,CANCEL,234,BUY,LIMIT,998300,100
454,73314044089,NEW,242,BUY,LIMIT,998100,40
455,73641094754,CANCEL,236,SELL,LIMIT,999300,26
456,73719802024,NEW,243,SELL,LIMIT,999400,30
457,73759183913,CANCEL,173,SELL,LIMIT,999400,25
458,74038005623,NEW,244,SELL,LIMIT,999400,29
459,74060974553,CANCEL,217,BUY,LIMIT,997400,31
460,74325597447,NEW,245,BUY,LIMIT,998100,32
461,74342832449,NEW,246,BUY,LIMIT,998300,26
462,74350996355,NEW,247,BUY,LIMIT,998100,5
463,74481287894,NEW,248,SELL,LIMIT,999200,40
464,74503272061,CANCEL,248,SELL,LIMIT,999200,40
465,74527312545,NEW,249,SELL,LIMIT,999700,24
466,74561771044,NEW,250,BUY,LIMIT,998100,100
467,74615634564,NEW,251,SELL,LIMIT,1000000,30
468,74724020421,NEW,252,BUY,LIMIT,997500,32
469,74847523006,NEW,253,SELL,LIMIT,999300,100
470,74864440652,CANCEL,235,BUY,LIMIT,998000,27
471,75095724156,NEW,254,BUY,LIMIT,997900,23
472,75219669370,NEW,255,SELL,LIMIT,1000000,33
473,75503145587,CANCEL,233,BUY,LIMIT,998200,36
474,75525700838,CANCEL,251,SELL,LIMIT,1000000,30
475,75550684322,CANCEL,250,BUY,LIMIT,998100,100
476,75589527935,NEW,256,SELL,LIMIT,999500,23
477,75992314570,CANCEL,242,BUY,LIMIT,998100,40
478,75997936210,CANCEL,231,BUY,LIMIT,998100,40
479,76165813064,CANCEL,218,BUY,LIMIT,998000,40
480,76379329806,CANCEL,249,SELL,LIMIT,999700,24
481,76450807618,NEW,257,BUY,LIMIT,998200,33
482,76564955380,CANCEL,244,SELL,LIMIT,999400,29
483,76651645675,CANCEL,237,BUY,LIMIT,998300,27
484,76666927130,CANCEL,252,BUY,LIMIT,997500,32
485,76842230061,NEW,258,BUY,LIMIT,997900,27
486,76937328042,NEW,259,SELL,LIMIT,999400,30
487,77099540526,CANCEL,223,SELL,LIMIT,999400,28
488,77434423272,NEW,260,SELL,LIMIT,999300,31
489,77672138429,CANCEL,188,BUY,LIMIT,998500,24
490,77993439232,NEW,261,BUY,LIMIT,998600,34
491,78030080334,CANCEL,245,BUY,LIMIT,998100,32
492,78184593671,NEW,262,SELL,LIMIT,999400,40
493,78614192547,CANCEL,261,BUY,LIMIT,998600,34
494,78844587914,NEW,263,SELL,LIMIT,999200,29
495,78851246131,NEW,264,SELL,LIMIT,999000,45
496,79319085114,CANCEL,227,BUY,LIMIT,998000,27
497,79622504510,NEW,265,BUY,LIMIT,998100,34
498,79843904870,CANCEL,243,SELL,LIMIT,999400,30
499,80215330509,NEW,266,SELL,LIMIT,999200,26
500,80470724354,NEW,267,SELL,LIMIT,999600,26
501,80560659599,NEW,268,SELL,LIMIT,999200,29
502,80727479992,CANCEL,266,SELL,LIMIT,999200,26
503,80968140840,CANCEL,259,SELL,LIMIT,999400,30
504,80972312910,CANCEL,226,BUY,LIMIT,997900,45
505,80989353312,CANCEL,254,BUY,LIMIT,997900,23
506,81028794985,NEW,269,SELL,LIMIT,999800,96
507,81089222380,NEW,270,BUY,LIMIT,997800,30
508,81243104026,CANCEL,228,SELL,LIMIT,999700,23
509,81300179650,NEW,271,BUY,LIMIT,997500,24
510,81543734658,NEW,272,BUY,LIMIT,998200,25
511,81665419687,CANCEL,151,BUY,LIMIT,998100,30
512,81764818898,NEW,273,SELL,LIMIT,998500,26
513,82242490531,CANCEL,209,BUY,LIMIT,998000,38
514,82294467709,NEW,274,SELL,LIMIT,999200,100
515,82332517701,CANCEL,241,SELL,LIMIT,1000000,26
516,82725178640,CANCEL,230,SELL,LIMIT,999600,23
517,82924376481,NEW,275,BUY,LIMIT,997700,30
518,82931929902,NEW,276,BUY,LIMIT,997600,32
519,82986003731,NEW,277,BUY,LIMIT,997700,25
520,83015709133,NEW,278,BUY,LIMIT,997900,30
521,83154295254,NEW,279,SELL,LIMIT,999800,26
522,83167520328,NEW,280,BUY,LIMIT,997600,43
523,83448755954,NEW,281,BUY,LIMIT,997800,36
524,83930030580,CANCEL,264,SELL,LIMIT,999000,45
525,84234850650,NEW,282,SELL,LIMIT,999300,30
526,84347198325,CANCEL,257,BUY,LIMIT,998200,33
527,84407548772,NEW,283,SELL,LIMIT,999200,30
528,84483820306,NEW,284,BUY,LIMIT,997000,26
529,84561492861,NEW,285,SELL,LIMIT,999000,26
530,84608372170,NEW,286,SELL,LIMIT,999100,22
531,84690717994,CANCEL,255,SELL,LIMIT,1000000,33
532,84742071084,CANCEL,270,BUY,LIMIT,997800,30
533,84843687578,CANCEL,274,SELL,LIMIT,999200,100
534,84930639584,CANCEL,279,SELL,LIMIT,999800,26
535,84948123143,NEW,287,BUY,LIMIT,998100,100
536,85035427504,NEW,288,BUY,LIMIT,997300,17
537,85337189196,CANCEL,283,SELL,LIMIT,999200,30
538,85461454517,CANCEL,240,SELL,LIMIT,999500,25
539,85560238990,CANCEL,214,BUY,LIMIT,998200,27
540,85680490234,CANCEL,287,BUY,LIMIT,998100,100
541,85924305268,NEW,289,BUY,LIMIT,997600,32
542,86027061688,CANCEL,258,BUY,LIMIT,997900,27
543,86027214977,NEW,290,BUY,LIMIT,997400,31
544,86735328416,NEW,291,SELL,LIMIT,999300,47
545,86799293458,CANCEL,278,BUY,LIMIT,997900,30
546,86979779935,CANCEL,273,SELL,LIMIT,998500,26
547,87498876451,CANCEL,272,BUY,LIMIT,998200,25
548,87530810589,CANCEL,225,SELL,LIMIT,999400,18
549,87706079587,NEW,292,BUY,LIMIT,998100,28
550,87950347497,NEW,293,SELL,LIMIT,998700,21
551,88001331856,CANCEL,262,SELL,LIMIT,999400,40
552,88149323267,NEW,294,BUY,LIMIT,997900,36
553,88288323428,CANCEL,211,SELL,LIMIT,999000,23
554,88498486967,NEW,295,SELL,LIMIT,999600,29
555,88600653524,NEW,296,BUY,LIMIT,997600,26
556,89106115601,NEW,297,SELL,LIMIT,999100,28
557,89124300529,CANCEL,256,SELL,LIMIT,999500,23
558,89204018189,NEW,298,BUY,LIMIT,997900,1
559,89245878223,CANCEL,296,BUY,LIMIT,997600,26
560,89290615435,CANCEL,289,BUY,LIMIT,997600,32
561,89365491695,NEW,299,BUY,LIMIT,997600,40
562,89669962531,NEW,300,SELL,LIMIT,999300,30
563,89796794377,CANCEL,269,SELL,LIMIT,999800,96
564,89803951605,CANCEL,229,BUY,LIMIT,998000,30
565,89816033880,CANCEL,281,BUY,LIMIT,997800,36
566,89818208604,NEW,301,SELL,LIMIT,999100,35
567,89838545769,CANCEL,260,SELL,LIMIT,999300,31
568,89938738803,NEW,302,SELL,LIMIT,999100,28
569,89995014349,NEW,303,SELL,LIMIT,999300,30
570,90054910508,CANCEL,263,SELL,LIMIT,999200,29
571,90057919173,NEW,304,BUY,LIMIT,997600,40
572,90187909085,CANCEL,297,SELL,LIMIT,999100,28
573,90277296456,CANCEL,285,SELL,LIMIT,999000,26
574,90283247043,CANCEL,291,SELL,LIMIT,999300,47
575,90398701356,CANCEL,288,BUY,LIMIT,997300,17
576,90918081772,NEW,305,BUY,LIMIT,998400,100
577,90962573579,NEW,306,BUY,LIMIT,997900,30
578,91162985223,CANCEL,302,SELL,LIMIT,999100,28
579,91175200830,NEW,307,SELL,LIMIT,999400,30
580,91199264515,CANCEL,271,BUY,LIMIT,997500,24
581,91270212589,CANCEL,253,SELL,LIMIT,999300,100
582,91483875057,CANCEL,294,BUY,LIMIT,997900,36
583,91564694792,NEW,308,SELL,LIMIT,999200,20
584,91597366703,CANCEL,305,BUY,LIMIT,998400,100
585,91969668644,CANCEL,292,BUY,LIMIT,998100,28
586,92183211844,NEW,309,SELL,LIMIT,999100,30
587,92324336399,NEW,310,BUY,LIMIT,998400,30
588,92579595930,NEW,311,SELL,LIMIT,999700,17
589,92600405994,CANCEL,276,BUY,LIMIT,997600,32
590,93038459322,NEW,312,SELL,LIMIT,999600,29
591,93116886184,NEW,313,SELL,LIMIT,999500,26
592,93469240681,CANCEL,215,BUY,LIMIT,998200,30
593,93496609590,NEW,314,BUY,LIMIT,997900,32
594,93634613175,NEW,315,SELL,LIMIT,998600,27
595,93776848834,NEW,316,BUY,LIMIT,997900,17
596,94389834320,CANCEL,290,BUY,LIMIT,997400,31
597,94397800041,CANCEL,315,SELL,LIMIT,998600,27
598,94413617243,NEW,317,BUY,LIMIT,997900,40
599,94751793607,CANCEL,299,BUY,LIMIT,997600,40
600,94778927526,NEW,318,SELL,LIMIT,999600,28
601,95029245167,CANCEL,308,SELL,LIMIT,999200,20
602,95384466439,CANCEL,267,SELL,LIMIT,999600,26
603,95473924723,NEW,319,SELL,LIMIT,998800,26
604,95479287801,NEW,320,BUY,LIMIT,998400,24
605,95551831439,CANCEL,246,BUY,LIMIT,998300,26
606,96131414485,NEW,321,SELL,LIMIT,999300,100
607,96210795302,CANCEL,194,BUY,LIMIT,997700,17
608,96524056105,CANCEL,265,BUY,LIMIT,998100,34
609,96626683035,NEW,322,SELL,LIMIT,999500,27
610,96712064369,NEW,323,BUY,LIMIT,997900,35
611,97006415878,NEW,324,SELL,LIMIT,999600,40
612,97256502295,NEW,325,BUY,LIMIT,998000,27
613,97855242070,CANCEL,304,BUY,LIMIT,997600,40
614,97929768730,CANCEL,317,BUY,LIMIT,997900,40
615,98042137826,CANCEL,293,SELL,LIMIT,998700,21
616,98148958824,NEW,326,BUY,LIMIT,997900,25
617,98341647580,NEW,327,SELL,LIMIT,999800,28
618,98543855612,NEW,328,BUY,LIMIT,998100,40
619,98608461357,CANCEL,312,SELL,LIMIT,999600,29
620,98738381503,NEW,329,BUY,LIMIT,998100,27
621,99136206783,NEW,330,SELL,LIMIT,999400,26
622,99157876685,CANCEL,327,SELL,LIMIT,999800,28
623,99248659690,NEW,331,SELL,LIMIT,999300,23
624,99381385616,CANCEL,275,BUY,LIMIT,997700,30
625,99541906358,CANCEL,323,BUY,LIMIT,997900,35
626,99579351329,NEW,332,SELL,LIMIT,999300,44
627,99760191374,NEW,333,BUY,LIMIT,997300,25
628,100541789888,NEW,334,BUY,LIMIT,998200,26
629,100640708119,CANCEL,277,BUY,LIMIT,997700,25
630,100852439691,NEW,335,BUY,LIMIT,997900,100
631,100926795932,NEW,336,SELL,LIMIT,999900,25
632,100997243009,CANCEL,324,SELL,LIMIT,999600,40
633,101008701354,NEW,337,SELL,LIMIT,999300,30
634,101047664030,CANCEL,284,BUY,LIMIT,997000,26
635,101163733311,NEW,338,BUY,LIMIT,998100,32
636,101551566868,NEW,339,BUY,LIMIT,998600,27
637,101570760810,CANCEL,338,BUY,LIMIT,998100,32
638,101977604821,NEW,340,SELL,LIMIT,999600,27
639,102000922939,CANCEL,150,BUY,LIMIT,998100,25
640,102231381496,CANCEL,321,SELL,LIMIT,999300,100
641,102541100443,NEW,341,BUY,LIMIT,997800,44
642,102618075495,CANCEL,339,BUY,LIMIT,998600,27
643,102660198565,CANCEL,298,BUY,LIMIT,997900,1
644,102674395613,CANCEL,268,SELL,LIMIT,999200,29
645,102758906783,NEW,342,SELL,LIMIT,999400,25
646,102825730679,CANCEL,309,SELL,LIMIT,999100,30
647,102920843611,CANCEL,333,BUY,LIMIT,997300,25
648,102973523301,CANCEL,337,SELL,LIMIT,999300,30
649,103362277511,CANCEL,332,SELL,LIMIT,999300,44
650,103596138641,NEW,343,BUY,LIMIT,997900,29
651,103597995487,CANCEL,331,SELL,LIMIT,999300,23
652,103675468214,NEW,344,BUY,LIMIT,998200,11
653,103813314271,CANCEL,300,SELL,LIMIT,999300,30
654,103816665216,CANCEL,330,SELL,LIMIT,999400,26
655,104046261163,CANCEL,328,BUY,LIMIT,998100,40
656,104082957838,NEW,345,SELL,LIMIT,999700,29
657,104732544749,NEW,346,BUY,LIMIT,998000,100
658,105031789846,CANCEL,280,BUY,LIMIT,997600,43
659,105033976946,CANCEL,346,BUY,LIMIT,998000,100
660,105227794608,CANCEL,314,BUY,LIMIT,997900,32
661,105297938538,CANCEL,345,SELL,LIMIT,999700,29
662,106204718530,NEW,347,BUY,LIMIT,998100,33
663,106286770884,NEW,348,SELL,LIMIT,999300,48
664,106304666347,NEW,349,SELL,LIMIT,999300,30
665,106360169757,CANCEL,313,SELL,LIMIT,999500,26
666,106735693548,CANCEL,68,SELL,LIMIT,1000000,8
667,106774289887,CANCEL,307,SELL,LIMIT,999400,30
668,107454078674,NEW,350,BUY,LIMIT,998000,29
669,107745953913,CANCEL,348,SELL,LIMIT,999300,48
670,107910793620,CANCEL,301,SELL,LIMIT,999100,35
671,107929219296,NEW,351,SELL,LIMIT,998800,27
672,107952161636,NEW,352,SELL,LIMIT,999600,30
673,108335475559,NEW,353,BUY,LIMIT,997900,30
674,108587072480,CANCEL,340,SELL,LIMIT,999600,27
675,108608242103,NEW,354,SELL,LIMIT,999100,7
676,108838302626,CANCEL,353,BUY,LIMIT,997900,30
677,108883952534,CANCEL,319,SELL,LIMIT,998800,26
678,108981723646,CANCEL,335,BUY,LIMIT,997900,100
679,109377550456,NEW,355,BUY,LIMIT,998000,28
680,109723359773,CANCEL,318,SELL,LIMIT,999600,28
681,109956454601,CANCEL,341,BUY,LIMIT,997800,44
682,110199956234,CANCEL,355,BUY,LIMIT,998000,28
683,110358746355,NEW,356,SELL,LIMIT,999900,16
684,110470029595,CANCEL,295,SELL,LIMIT,999600,29
685,110703057640,NEW,357,BUY,LIMIT,997300,27
686,110971255635,CANCEL,316,BUY,LIMIT,997900,17
687,111174991846,NEW,358,SELL,LIMIT,999600,23
688,111309991602,NEW,359,BUY,LIMIT,997800,34
689,111408492214,CANCEL,311,SELL,LIMIT,999700,17
690,111690455394,CANCEL,344,BUY,LIMIT,998200,11
691,111937398045,CANCEL,306,BUY,LIMIT,997900,30
692,111944461749,NEW,360,SELL,LIMIT,999500,5
693,112342157455,NEW,361,BUY,LIMIT,998100,45
694,112582977850,CANCEL,359,BUY,LIMIT,997800,34
695,112701649124,CANCEL,343,BUY,LIMIT,997900,29
696,112813885188,NEW,362,BUY,LIMIT,997800,32
697,112975006129,NEW,363,BUY,LIMIT,998000,40
698,113001299393,NEW,364,BUY,LIMIT,997700,40
699,113061326658,NEW,365,SELL,LIMIT,999300,35
700,113106664653,NEW,366,SELL,LIMIT,999300,16
701,113353716211,CANCEL,347,BUY,LIMIT,998100,33
702,113705340916,CANCEL,350,BUY,LIMIT,998000,29
703,113762263403,CANCEL,351,SELL,LIMIT,998800,27
704,113867827449,NEW,367,BUY,LIMIT,998500,33
705,113968532107,CANCEL,364,BUY,LIMIT,997700,40
706,114207443241,NEW,368,BUY,LIMIT,998300,2
707,114564964902,CANCEL,119,SELL,LIMIT,999800,18
708,114617847740,NEW,369,SELL,MARKET,,100
709,114617847740,CANCEL,367,BUY,LIMIT,998500,33
710,114617847740,CANCEL,310,BUY,LIMIT,998400,30
711,114617847740,CANCEL,320,BUY,LIMIT,998400,24
712,114617847740,CANCEL,368,BUY,LIMIT,998300,2
713,114617847740,REDUCE,334,BUY,LIMIT,998200,15
714,114623575744,NEW,370,BUY,MARKET,,24
715,114623575744,CANCEL,286,SELL,LIMIT,999100,22
716,114623575744,REDUCE,354,SELL,LIMIT,999100,5
717,114935282255,NEW,371,SELL,LIMIT,998900,26
718,114976909592,CANCEL,352,SELL,LIMIT,999600,30
719,115004936919,NEW,372,BUY,LIMIT,997600,40
720,115179496645,NEW,373,BUY,LIMIT,998100,26
721,115226317842,CANCEL,358,SELL,LIMIT,999600,23
722,115900441370,NEW,374,BUY,LIMIT,997800,24
723,116005333225,NEW,375,BUY,LIMIT,998200,27
724,116012483976,CANCEL,365,SELL,LIMIT,999300,35
725,116160251711,NEW,376,SELL,LIMIT,999700,28
726,116245242917,NEW,377,BUY,LIMIT,997400,28
727,116333519685,NEW,378,BUY,LIMIT,998000,20
728,116521063255,CANCEL,372,BUY,LIMIT,997600,40
729,116557348888,CANCEL,374,BUY,LIMIT,997800,24
730,116694517902,NEW,379,BUY,LIMIT,998600,32
731,116883241069,NEW,380,SELL,LIMIT,999500,30
732,117059202342,NEW,381,SELL,LIMIT,1000100,34
733,117168095305,NEW,382,SELL,LIMIT,1000100,25
734,117213916375,NEW,383,SELL,LIMIT,1000100,24
735,117488196689,NEW,384,BUY,LIMIT,997900,35
736,118014353267,CANCEL,363,BUY,LIMIT,998000,40
737,118239847782,CANCEL,336,SELL,LIMIT,999900,25
738,118286759393,NEW,385,BUY,LIMIT,997800,23
739,118502030742,CANCEL,282,SELL,LIMIT,999300,30
740,118532175538,CANCEL,360,SELL,LIMIT,999500,5
741,118909895447,NEW,386,SELL,LIMIT,999500,25
742,119154050125,NEW,387,BUY,LIMIT,998100,29
743,119277459910,NEW,388,BUY,LIMIT,997600,32
744,119371885850,CANCEL,381,SELL,LIMIT,1000100,34
745,119510993446,NEW,389,BUY,LIMIT,998500,40
746,119556699004,CANCEL,385,BUY,LIMIT,997800,23
747,119832456840,CANCEL,326,BUY,LIMIT,997900,25
748,119902698183,CANCEL,383,SELL,LIMIT,1000100,24
749,120075475234,NEW,390,SELL,LIMIT,999600,25
750,120313774823,CANCEL,303,SELL,LIMIT,999300,30
751,121454604590,CANCEL,387,BUY,LIMIT,998100,29
752,121976380937,NEW,391,SELL,LIMIT,999600,25
753,122358905086,CANCEL,349,SELL,LIMIT,999300,30
754,122488413771,CANCEL,373,BUY,LIMIT,998100,26
755,122501687336,CANCEL,379,BUY,LIMIT,998600,32
756,122507598346,CANCEL,384,BUY,LIMIT,997900,35
757,122682873961,NEW,392,SELL,LIMIT,999100,27
758,122719523870,NEW,393,BUY,LIMIT,998400,34
759,122941448068,NEW,394,SELL,LIMIT,999400,38
760,123280953638,CANCEL,386,SELL,LIMIT,999500,25
761,123467547183,CANCEL,380,SELL,LIMIT,999500,30
762,123798186586,NEW,395,BUY,LIMIT,998300,24
763,124022309072,NEW,396,BUY,LIMIT,998600,30
764,124137146268,NEW,397,BUY,LIMIT,997800,30
765,124288859864,NEW,398,BUY,LIMIT,997600,23
766,124308537201,NEW,399,BUY,LIMIT,997700,28
767,124471056650,CANCEL,391,SELL,LIMIT,999600,25
768,124578912834,CANCEL,362,BUY,LIMIT,997800,32
769,124658941680,CANCEL,329,BUY,LIMIT,998100,27
770,124797485879,NEW,400,SELL,LIMIT,1000100,27
771,124917348997,NEW,401,BUY,LIMIT,998000,23
772,125105807659,CANCEL,356,SELL,LIMIT,999900,16
773,125154687517,NEW,402,SELL,LIMIT,999500,30
774,125264828229,NEW,403,BUY,LIMIT,998200,32
775,125340252097,NEW,404,SELL,LIMIT,999600,100
776,125387458414,CANCEL,393,BUY,LIMIT,998400,34
777,126008305976,CANCEL,404,SELL,LIMIT,999600,100
778,126376699155,CANCEL,382,SELL,LIMIT,1000100,25
779,126383824050,CANCEL,238,BUY,LIMIT,997500,32
780,126645983167,NEW,405,SELL,LIMIT,999500,25
781,126682048539,CANCEL,398,BUY,LIMIT,997600,23
782,127035179474,NEW,406,BUY,LIMIT,997400,32
783,127093749646,NEW,407,SELL,LIMIT,999500,20
784,127121397813,NEW,408,BUY,LIMIT,998200,33
785,127356188600,NEW,409,SELL,LIMIT,999500,38
786,127405771844,NEW,410,SELL,LIMIT,999600,33
787,127454538745,CANCEL,388,BUY,LIMIT,997600,32
788,127640357972,NEW,411,BUY,LIMIT,997400,32
789,127747933477,CANCEL,322,SELL,LIMIT,999500,27
790,127751465343,NEW,412,BUY,LIMIT,997900,23
791,127927380693,CANCEL,400,SELL,LIMIT,1000100,27
792,128125784129,NEW,413,BUY,LIMIT,997700,30
793,128269878335,NEW,414,SELL,LIMIT,1000100,33
794,128693313777,CANCEL,371,SELL,LIMIT,998900,26
795,128867774059,NEW,415,SELL,LIMIT,999500,26
796,129267799421,CANCEL,396,BUY,LIMIT,998600,30
797,129361934471,NEW,416,BUY,LIMIT,998100,40
798,129454608674,NEW,417,SELL,LIMIT,999400,28
799,129476250521,NEW,418,SELL,LIMIT,999300,27
800,130169758835,CANCEL,408,BUY,LIMIT,998200,33
801,130286409911,CANCEL,403,BUY,LIMIT,998200,32
802,130902831351,CANCEL,415,SELL,LIMIT,999500,26
803,131018336088,NEW,419,BUY,LIMIT,997700,27
804,131103028702,NEW,420,BUY,LIMIT,998300,30
805,131272056410,NEW,421,BUY,LIMIT,998900,31
806,131461194745,NEW,422,BUY,LIMIT,998300,45
807,131734448584,CANCEL,376,SELL,LIMIT,999700,28
808,131800902579,NEW,423,BUY,LIMIT,998100,23
809,131924519871,NEW,424,SELL,LIMIT,999800,10
810,132107369092,NEW,425,BUY,LIMIT,998300,34
811,132166126123,NEW,426,SELL,LIMIT,999700,40
812,132224302313,CANCEL,394,SELL,LIMIT,999400,38
813,132659525026,CANCEL,397,BUY,LIMIT,997800,30
814,132736526258,NEW,427,SELL,LIMIT,999900,32
815,133070271711,CANCEL,357,BUY,LIMIT,997300,27
816,133169862757,CANCEL,406,BUY,LIMIT,997400,32
817,133301664210,NEW,428,BUY,LIMIT,998500,25
818,133600242836,NEW,429,SELL,LIMIT,999800,40
819,133875681061,CANCEL,392,SELL,LIMIT,999100,27
820,133933926086,CANCEL,409,SELL,LIMIT,999500,38
821,134065871466,CANCEL,390,SELL,LIMIT,999600,25
822,134170735776,NEW,430,SELL,LIMIT,999600,40
823,134186264443,NEW,431,BUY,LIMIT,998000,30
824,134298521861,CANCEL,421,BUY,LIMIT,998900,31
825,134399507456,NEW,432,SELL,LIMIT,999200,49
826,134438444797,CANCEL,410,SELL,LIMIT,999600,33
827,135099786529,NEW,433,BUY,LIMIT,998300,11
828,135153417131,NEW,434,BUY,LIMIT,997600,24
829,135325179892,CANCEL,428,BUY,LIMIT,998500,25
830,135657819125,NEW,435,SELL,LIMIT,999300,23
831,135715656535,CANCEL,430,SELL,LIMIT,999600,40
832,135721852341,NEW,436,SELL,LIMIT,999300,30
833,135732463942,CANCEL,426,SELL,LIMIT,999700,40
834,136126735673,CANCEL,416,BUY,LIMIT,998100,40
835,136140295011,NEW,437,SELL,LIMIT,1000000,30
836,136174505476,CANCEL,434,BUY,LIMIT,997600,24
837,136190166293,NEW,438,BUY,LIMIT,998200,30
838,136557846745,NEW,439,BUY,LIMIT,998200,30
839,136655754033,NEW,440,SELL,LIMIT,999000,23
840,136803092963,NEW,441,BUY,LIMIT,998400,25
841,136903293457,NEW,442,BUY,LIMIT,998100,5
842,137246134455,CANCEL,412,BUY,LIMIT,997900,23
843,137275466641,NEW,443,SELL,LIMIT,998800,8
844,137402158499,CANCEL,425,BUY,LIMIT,998300,34
845,137417811654,NEW,444,BUY,LIMIT,998000,19
846,137455071463,NEW,445,SELL,LIMIT,999200,29
847,137788802060,NEW,446,SELL,LIMIT,999600,34
848,137813456159,CANCEL,389,BUY,LIMIT,998500,40
849,138122447774,CANCEL,407,SELL,LIMIT,999500,20
850,138529762845,NEW,447,BUY,LIMIT,997900,30
851,138558335775,NEW,448,BUY,LIMIT,997300,32
852,138605390220,NEW,449,SELL,LIMIT,999400,27
853,138893508324,NEW,450,BUY,LIMIT,997300,32
854,139061040487,NEW,451,SELL,LIMIT,999500,35
855,139097750775,NEW,452,SELL,LIMIT,999100,23
856,139287315142,NEW,453,SELL,LIMIT,999400,33
857,139420310862,NEW,454,SELL,LIMIT,999600,30
858,139521946649,NEW,455,BUY,LIMIT,997900,32
859,139778047902,NEW,456,SELL,LIMIT,999400,27
860,139952943509,NEW,457,BUY,LIMIT,998200,35
861,139954654025,CANCEL,439,BUY,LIMIT,998200,30
862,140064064198,CANCEL,433,BUY,LIMIT,998300,11
863,140073494631,CANCEL,445,SELL,LIMIT,999200,29
864,140469414364,NEW,458,BUY,LIMIT,997600,28
865,140492411817,CANCEL,452,SELL,LIMIT,999100,23
866,140521821659,NEW,459,SELL,LIMIT,998700,28
867,140675259514,NEW,460,BUY,LIMIT,997600,25
868,140683119333,CANCEL,438,BUY,LIMIT,998200,30
869,140747251554,NEW,461,BUY,LIMIT,997200,26
870,140761817271,CANCEL,361,BUY,LIMIT,998100,45
871,140878112994,CANCEL,366,SELL,LIMIT,999300,16
872,141006162378,NEW,462,SELL,LIMIT,999100,25
873,141035879032,CANCEL,420,BUY,LIMIT,998300,30
874,141237543195,CANCEL,423,BUY,LIMIT,998100,23
875,141623293122,CANCEL,419,BUY,LIMIT,997700,27
876,141623650725,NEW,463,SELL,LIMIT,999100,40
877,141697293796,CANCEL,342,SELL,LIMIT,999400,25
878,141838904214,CANCEL,453,SELL,LIMIT,999400,33
879,141985798325,NEW,464,SELL,LIMIT,999200,44
880,142225442245,NEW,465,SELL,LIMIT,999600,25
881,142358418983,CANCEL,449,SELL,LIMIT,999400,27
882,142549354704,CANCEL,413,BUY,LIMIT,997700,30
883,142734121263,CANCEL,427,SELL,LIMIT,999900,32
884,143098202566,CANCEL,414,SELL,LIMIT,1000100,33
885,143155375485,CANCEL,377,BUY,LIMIT,997400,28
886,143293630078,CANCEL,456,SELL,LIMIT,999400,27
887,143347144358,CANCEL,429,SELL,LIMIT,999800,40
888,143497177103,CANCEL,418,SELL,LIMIT,999300,27
889,143569568558,CANCEL,462,SELL,LIMIT,999100,25
890,143616788746,CANCEL,325,BUY,LIMIT,998000,27
891,143633055707,CANCEL,463,SELL,LIMIT,999100,40
892,143806717960,CANCEL,454,SELL,LIMIT,999600,30
893,143813005795,NEW,466,SELL,LIMIT,999200,30
894,143897841497,NEW,467,BUY,LIMIT,997900,33
895,144305069101,NEW,468,SELL,LIMIT,999700,30
896,144388093810,CANCEL,334,BUY,LIMIT,998200,15
897,144551514305,CANCEL,436,SELL,LIMIT,999300,30
898,144659688671,CANCEL,466,SELL,LIMIT,999200,30
899,144978644627,NEW,469,BUY,LIMIT,997700,33
900,145026590968,NEW,470,SELL,LIMIT,999200,100
901,145166674911,CANCEL,411,BUY,LIMIT,997400,32
902,145168521961,NEW,471,BUY,LIMIT,997600,24
903,145482440972,NEW,472,SELL,LIMIT,999100,25
904,145732656220,NEW,473,SELL,LIMIT,998700,45
905,145738998090,NEW,474,BUY,LIMIT,998300,40
906,145759981330,CANCEL,459,SELL,LIMIT,998700,28
907,145855796257,NEW,475,SELL,LIMIT,999200,29
908,145859444931,NEW,476,BUY,LIMIT,998400,21
909,146272566660,CANCEL,422,BUY,LIMIT,998300,45
910,146511344178,NEW,477,BUY,LIMIT,997900,27
911,146582094642,CANCEL,399,BUY,LIMIT,997700,28
912,146641450957,NEW,478,SELL,LIMIT,999400,40
913,146821890281,NEW,479,SELL,LIMIT,998700,28
914,146855857740,CANCEL,440,SELL,LIMIT,999000,23
915,146973875359,CANCEL,450,BUY,LIMIT,997300,32
916,147016249182,NEW,480,SELL,LIMIT,999200,25
917,147366808776,NEW,481,SELL,LIMIT,999900,20
918,147482303968,NEW,482,SELL,LIMIT,999400,34
919,147565671383,NEW,483,SELL,LIMIT,999400,45
920,147590904699,CANCEL,432,SELL,LIMIT,999200,49
921,147617833760,CANCEL,461,BUY,LIMIT,997200,26
922,147639179496,NEW,484,BUY,LIMIT,997900,31
923,147671325580,NEW,485,SELL,LIMIT,999300,29
924,147737047986,NEW,486,SELL,LIMIT,999400,29
925,147803277264,CANCEL,460,BUY,LIMIT,997600,25
926,147909530308,CANCEL,402,SELL,LIMIT,999500,30
927,147923554350,CANCEL,458,BUY,LIMIT,997600,28
928,147967193250,CANCEL,483,SELL,LIMIT,999400,45
929,148208320535,CANCEL,401,BUY,LIMIT,998000,23
930,148317570842,CANCEL,457,BUY,LIMIT,998200,35
931,148360414337,CANCEL,486,SELL,LIMIT,999400,29
932,148507724346,CANCEL,480,SELL,LIMIT,999200,25
933,148637593681,NEW,487,SELL,LIMIT,999400,31
934,148656252360,NEW,488,SELL,LIMIT,999900,30
935,148666680381,NEW,489,BUY,LIMIT,998000,28
936,148785709621,CANCEL,469,BUY,LIMIT,997700,33
937,148870066795,CANCEL,446,SELL,LIMIT,999600,34
938,148873009547,CANCEL,484,BUY,LIMIT,997900,31
939,149022894495,NEW,490,SELL,LIMIT,999100,40
940,149139011341,NEW,491,BUY,LIMIT,997700,31
941,149749704800,NEW,492,BUY,LIMIT,998200,45
942,149858393067,NEW,493,SELL,LIMIT,999200,23
943,149880103354,CANCEL,474,BUY,LIMIT,998300,40
944,149930416023,CANCEL,447,BUY,LIMIT,997900,30
945,149958008978,NEW,494,BUY,LIMIT,997800,31
946,150011989599,NEW,495,BUY,LIMIT,997800,30
947,150104198719,NEW,496,SELL,LIMIT,999300,47
948,150444199961,CANCEL,435,SELL,LIMIT,999300,23
949,150466250706,CANCEL,437,SELL,LIMIT,1000000,30
950,150565328548,NEW,497,SELL,LIMIT,998600,30
951,150626596790,NEW,498,SELL,LIMIT,999000,24
952,150664605400,CANCEL,471,BUY,LIMIT,997600,24
953,150902388939,CANCEL,494,BUY,LIMIT,997800,31
954,150973372122,NEW,499,BUY,LIMIT,997800,26
955,151000489964,CANCEL,441,BUY,LIMIT,998400,25
956,151146246967,CANCEL,468,SELL,LIMIT,999700,30
957,151230926024,NEW,500,BUY,LIMIT,997400,25
958,151301411354,NEW,501,SELL,LIMIT,999300,4
959,151527117876,CANCEL,431,BUY,LIMIT,998000,30
960,151590379152,NEW,502,SELL,LIMIT,998700,40
961,151642544019,CANCEL,497,SELL,LIMIT,998600,30
962,151660421186,NEW,503,SELL,LIMIT,999100,28
963,151839344384,CANCEL,451,SELL,LIMIT,999500,35
964,151843832296,NEW,504,SELL,LIMIT,999400,29
965,151948600018,NEW,505,SELL,LIMIT,999300,28
966,152138062678,NEW,506,SELL,LIMIT,999200,26
967,152314056006,NEW,507,SELL,LIMIT,999100,28
968,152387576931,NEW,508,SELL,LIMIT,999300,26
969,152389398063,CANCEL,485,SELL,LIMIT,999300,29
970,152494538693,CANCEL,503,SELL,LIMIT,999100,28
971,152505263996,NEW,509,SELL,LIMIT,999900,21
972,152675089134,CANCEL,479,SELL,LIMIT,998700,28
973,152750338315,CANCEL,502,SELL,LIMIT,998700,40
974,152757421641,NEW,510,SELL,LIMIT,999500,29
975,153068616788,NEW,511,BUY,LIMIT,997700,29
976,153191800450,CANCEL,487,SELL,LIMIT,999400,31
977,153310206479,CANCEL,490,SELL,LIMIT,999100,40
978,153353621982,NEW,512,SELL,LIMIT,999200,25
979,153454166515,CANCEL,354,SELL,LIMIT,999100,5
980,153508716662,CANCEL,448,BUY,LIMIT,997300,32
981,153569725049,CANCEL,473,SELL,LIMIT,998700,45
982,153637005290,NEW,513,SELL,LIMIT,999700,25
983,153899043934,CANCEL,488,SELL,LIMIT,999900,30
984,154089603347,CANCEL,470,SELL,LIMIT,999200,100
985,154162072604,NEW,514,BUY,LIMIT,997300,23
986,154624791767,CANCEL,501,SELL,LIMIT,999300,4
987,154690179976,NEW,515,SELL,LIMIT,999200,27
988,154745661813,NEW,516,BUY,LIMIT,997900,30
989,154820645622,NEW,517,BUY,LIMIT,997300,38
990,154917717128,NEW,518,SELL,LIMIT,999500,30
991,155097822027,CANCEL,504,SELL,LIMIT,999400,29
992,155399574986,CANCEL,517,BUY,LIMIT,997300,38
993,155465981823,CANCEL,476,BUY,LIMIT,998400,21
994,155720886916,CANCEL,509,SELL,LIMIT,999900,21
995,155748103386,NEW,519,BUY,LIMIT,997300,40
996,155919240476,NEW,520,BUY,LIMIT,997700,29
997,156007409803,CANCEL,519,BUY,LIMIT,997300,40
998,156456594674,NEW,521,SELL,LIMIT,999100,28
999,156482842350,NEW,522,BUY,LIMIT,997600,17
1000,156527495518,NEW,523,BUY,LIMIT,997300,32
1001,156898765301,CANCEL,443,SELL,LIMIT,998800,8
1002,157299579372,NEW,524,BUY,LIMIT,997500,25
1003,157344575178,NEW,525,SELL,LIMIT,999300,29
1004,157397719381,CANCEL,516,BUY,LIMIT,997900,30
1005,157403938784,NEW,526,SELL,LIMIT,999300,26
1006,157414512163,CANCEL,506,SELL,LIMIT,999200,26
1007,157805583594,CANCEL,478,SELL,LIMIT,999400,40
1008,157850783262,NEW,527,SELL,LIMIT,998900,40
1009,157931285016,CANCEL,520,BUY,LIMIT,997700,29
1010,157943020618,NEW,528,BUY,LIMIT,997900,24
1011,158021870942,CANCEL,464,SELL,LIMIT,999200,44
1012,158275408995,NEW,529,SELL,LIMIT,999300,45
1013,158373663288,CANCEL,482,SELL,LIMIT,999400,34
1014,158563716351,NEW,530,SELL,LIMIT,999200,28
1015,158726723827,NEW,531,BUY,LIMIT,998200,100
1016,158753168414,CANCEL,417,SELL,LIMIT,999400,28
1017,158754042101,NEW,532,SELL,LIMIT,999800,26
1018,158955817916,CANCEL,515,SELL,LIMIT,999200,27
1019,159212212100,NEW,533,BUY,LIMIT,997400,25
1020,159311429153,CANCEL,489,BUY,LIMIT,998000,28
1021,159570158744,NEW,534,SELL,LIMIT,999000,26
1022,159577471088,CANCEL,526,SELL,LIMIT,999300,26
1023,159809282008,CANCEL,495,BUY,LIMIT,997800,30
1024,159851446819,CANCEL,511,BUY,LIMIT,997700,29
1025,159878019740,NEW,535,SELL,LIMIT,999000,31
1026,159912020975,CANCEL,535,SELL,LIMIT,999000,31
1027,159914300968,NEW,536,SELL,LIMIT,999300,20
1028,159922640633,NEW,537,BUY,LIMIT,997600,27
1029,159927424614,NEW,538,SELL,LIMIT,999200,25
1030,159965981852,CANCEL,532,SELL,LIMIT,999800,26
1031,160194114132,CANCEL,527,SELL,LIMIT,998900,40
1032,160439190709,CANCEL,513,SELL,LIMIT,999700,25
1033,160513617995,CANCEL,530,SELL,LIMIT,999200,28
1034,160532219841,NEW,539,SELL,LIMIT,999100,31
1035,161357651837,NEW,540,SELL,LIMIT,999300,27
1036,161432677796,NEW,541,BUY,LIMIT,997900,3
1037,162025916699,NEW,542,BUY,LIMIT,997500,30
1038,162038593149,CANCEL,500,BUY,LIMIT,997400,25
1039,162226921051,CANCEL,528,BUY,LIMIT,997900,24
1040,162292325689,CANCEL,512,SELL,LIMIT,999200,25
1041,162679544680,NEW,543,SELL,LIMIT,998500,28
1042,162716267402,CANCEL,492,BUY,LIMIT,998200,45
1043,162886223785,CANCEL,525,SELL,LIMIT,999300,29
1044,163084729925,NEW,544,SELL,LIMIT,999200,28
1045,163492073959,NEW,545,BUY,LIMIT,997600,30
1046,163594171467,NEW,546,BUY,LIMIT,997900,100
1047,163597725042,NEW,547,BUY,LIMIT,997700,40
1048,163650664241,NEW,548,BUY,LIMIT,997800,23
1049,163695791757,CANCEL,472,SELL,LIMIT,999100,25
1050,163702935153,CANCEL,521,SELL,LIMIT,999100,28
1051,163776049769,CANCEL,498,SELL,LIMIT,999000,24
1052,163832342136,NEW,549,SELL,LIMIT,999100,30
1053,163889514193,CANCEL,475,SELL,LIMIT,999200,29
1054,163948746242,NEW,550,SELL,LIMIT,999300,25
1055,164288470537,CANCEL,508,SELL,LIMIT,999300,26
1056,164485293672,CANCEL,477,BUY,LIMIT,997900,27
1057,164498751931,NEW,551,SELL,LIMIT,999200,23
1058,164507310136,NEW,552,SELL,LIMIT,998900,32
1059,164571822135,NEW,553,BUY,LIMIT,998200,5
1060,164671600356,CANCEL,538,SELL,LIMIT,999200,25
1061,164689734952,NEW,554,SELL,LIMIT,999800,26
1062,164955371136,CANCEL,505,SELL,LIMIT,999300,28
1063,165059895863,NEW,555,SELL,LIMIT,999300,34
1064,165068772090,NEW,556,SELL,LIMIT,999000,30
1065,165114940141,CANCEL,467,BUY,LIMIT,997900,33
1066,165288213397,NEW,557,SELL,LIMIT,998600,27
1067,165354690133,CANCEL,510,SELL,LIMIT,999500,29
1068,165416563297,CANCEL,546,BUY,LIMIT,997900,100
1069,165429371750,CANCEL,542,BUY,LIMIT,997500,30
1070,165523296787,CANCEL,378,BUY,LIMIT,998000,20
1071,165676361738,NEW,558,BUY,LIMIT,997100,25
1072,165941168718,NEW,559,SELL,LIMIT,999300,26
1073,165981173670,NEW,560,SELL,LIMIT,999400,28
1074,166121586313,NEW,561,BUY,LIMIT,997900,30
1075,166194737135,NEW,562,SELL,LIMIT,999600,26
1076,166264966414,CANCEL,531,BUY,LIMIT,998200,100
1077,166948152224,CANCEL,405,SELL,LIMIT,999500,25
1078,167065424623,NEW,563,BUY,LIMIT,997400,24
1079,167094794211,NEW,564,BUY,LIMIT,997600,23
1080,167454856723,CANCEL,549,SELL,LIMIT,999100,30
1081,167562473986,CANCEL,136,BUY,LIMIT,998100,4
1082,167562839272,CANCEL,507,SELL,LIMIT,999100,28
1083,167727004946,NEW,565,SELL,LIMIT,999200,100
1084,167798833227,NEW,566,BUY,LIMIT,997300,30
1085,167926719461,CANCEL,539,SELL,LIMIT,999100,31
1086,168240498899,CANCEL,481,SELL,LIMIT,999900,20
1087,168337048650,NEW,567,BUY,LIMIT,997800,26
1088,168713553009,NEW,568,SELL,LIMIT,999200,32
1089,168755331752,CANCEL,496,SELL,LIMIT,999300,47
1090,168774197972,CANCEL,557,SELL,LIMIT,998600,27
1091,168852941860,CANCEL,547,BUY,LIMIT,997700,40
1092,168896880600,CANCEL,247,BUY,LIMIT,998100,5
1093,168904955224,CANCEL,559,SELL,LIMIT,999300,26
1094,169183662326,CANCEL,545,BUY,LIMIT,997600,30
1095,169191184955,NEW,569,SELL,LIMIT,999200,100
1096,169296510600,NEW,570,SELL,LIMIT,999800,100
1097,169453525038,CANCEL,569,SELL,LIMIT,999200,100
1098,169578468270,CANCEL,550,SELL,LIMIT,999300,25
1099,170022133349,CANCEL,568,SELL,LIMIT,999200,32
1100,170044828047,NEW,571,SELL,LIMIT,998600,29
1101,170232515142,NEW,572,BUY,LIMIT,997200,33
1102,170248484866,NEW,573,SELL,LIMIT,999200,22
1103,170321250906,NEW,574,BUY,LIMIT,997500,35
1104,170349612699,NEW,575,BUY,LIMIT,997700,27
1105,170500312617,NEW,576,BUY,LIMIT,997700,30
1106,170504260881,CANCEL,575,BUY,LIMIT,997700,27
1107,170945324097,NEW,577,BUY,LIMIT,997500,33
1108,171143655312,NEW,578,SELL,LIMIT,998600,23
1109,171235261071,CANCEL,566,BUY,LIMIT,997300,30
1110,171365634389,CANCEL,573,SELL,LIMIT,999200,22
1111,171608331397,CANCEL,375,BUY,LIMIT,998200,27
1112,171759604118,CANCEL,561,BUY,LIMIT,997900,30
1113,171780240267,NEW,579,BUY,LIMIT,997000,25
1114,172130792178,NEW,580,SELL,LIMIT,999800,1
1115,172203223294,CANCEL,424,SELL,LIMIT,999800,10
1116,172262360235,CANCEL,533,BUY,LIMIT,997400,25
1117,172288099889,CANCEL,571,SELL,LIMIT,998600,29
1118,172306963140,NEW,581,SELL,LIMIT,999800,33
1119,172382906876,CANCEL,570,SELL,LIMIT,999800,100
1120,172395440228,NEW,582,SELL,LIMIT,999400,45
1121,172447918745,CANCEL,564,BUY,LIMIT,997600,23
1122,172729066014,CANCEL,565,SELL,LIMIT,999200,100
1123,172739788757,CANCEL,577,BUY,LIMIT,997500,33
1124,172864417306,CANCEL,556,SELL,LIMIT,999000,30
1125,173014780138,NEW,583,BUY,LIMIT,997700,5
1126,173091653126,CANCEL,455,BUY,LIMIT,997900,32
1127,173106923741,NEW,584,BUY,LIMIT,998000,30
1128,173381753155,NEW,585,BUY,LIMIT,997600,40
1129,173636449072,NEW,586,SELL,LIMIT,999800,100
1130,173825047986,NEW,587,BUY,LIMIT,997200,32
1131,173826112027,CANCEL,586,SELL,LIMIT,999800,100
1132,174156094652,NEW,588,SELL,LIMIT,999400,28
1133,174414068290,NEW,589,SELL,LIMIT,999200,29
1134,174436661894,NEW,590,SELL,LIMIT,999100,40
1135,174551205014,CANCEL,581,SELL,LIMIT,999800,33
1136,175013040047,NEW,591,SELL,LIMIT,999100,6
1137,175026417697,NEW,592,SELL,LIMIT,999200,25
1138,175279653232,NEW,593,BUY,LIMIT,997400,29
1139,175302927269,NEW,594,BUY,LIMIT,997400,29
1140,175522992976,NEW,595,BUY,LIMIT,997000,100
1141,175687007411,CANCEL,522,BUY,LIMIT,997600,17
1142,175793393815,CANCEL,544,SELL,LIMIT,999200,28
1143,175834014528,NEW,596,SELL,LIMIT,999000,28
1144,176002136992,CANCEL,560,SELL,LIMIT,999400,28
1145,176003884906,CANCEL,518,SELL,LIMIT,999500,30
1146,176149705320,CANCEL,590,SELL,LIMIT,999100,40
1147,176371577074,NEW,597,BUY,LIMIT,997800,23
1148,176463643339,CANCEL,444,BUY,LIMIT,998000,19
1149,176614917604,NEW,598,BUY,LIMIT,997700,30
1150,176681089957,CANCEL,595,BUY,LIMIT,997000,100
1151,176818797457,NEW,599,SELL,LIMIT,999300,25
1152,177159178660,CANCEL,584,BUY,LIMIT,998000,30
1153,177202569760,CANCEL,582,SELL,LIMIT,999400,45
1154,177264848123,CANCEL,558,BUY,LIMIT,997100,25
1155,177428552989,CANCEL,576,BUY,LIMIT,997700,30
1156,177428787833,NEW,600,BUY,LIMIT,997400,29
1157,177446966899,CANCEL,579,BUY,LIMIT,997000,25
1158,177481870619,NEW,601,BUY,LIMIT,997000,25
1159,177582178792,CANCEL,540,SELL,LIMIT,999300,27
1160,177774155200,NEW,602,SELL,LIMIT,999400,21
1161,177880478816,NEW,603,BUY,LIMIT,997600,28
1162,178094546426,NEW,604,SELL,LIMIT,999100,27
1163,178095882674,NEW,605,BUY,LIMIT,997400,45
1164,178144870940,NEW,606,BUY,LIMIT,997000,30
1165,178314975787,NEW,607,BUY,LIMIT,997000,44
1166,178488508026,CANCEL,493,SELL,LIMIT,999200,23
1167,178895565336,CANCEL,552,SELL,LIMIT,998900,32
1168,178973729277,NEW,608,SELL,LIMIT,999100,26
1169,179177013182,CANCEL,529,SELL,LIMIT,999300,45
1170,179324101380,CANCEL,534,SELL,LIMIT,999000,26
1171,179472711043,NEW,609,BUY,LIMIT,997000,29
1172,179571659417,NEW,610,SELL,LIMIT,999000,31
1173,179793563537,NEW,611,BUY,LIMIT,997800,34
1174,179871748672,CANCEL,523,BUY,LIMIT,997300,32
1175,179972305585,NEW,612,SELL,LIMIT,999100,30
1176,180026431410,CANCEL,585,BUY,LIMIT,997600,40
1177,180174445627,NEW,613,BUY,LIMIT,997600,31
1178,180414789932,CANCEL,554,SELL,LIMIT,999800,26
1179,180437679485,NEW,614,SELL,LIMIT,999800,28
1180,180479527150,CANCEL,562,SELL,LIMIT,999600,26
1181,180533908386,NEW,615,BUY,LIMIT,997800,27
1182,180590586132,NEW,616,SELL,LIMIT,999100,34
1183,180651187242,CANCEL,599,SELL,LIMIT,999300,25
1184,180672544900,NEW,617,SELL,LIMIT,999400,24
1185,180721166606,NEW,618,BUY,LIMIT,997200,40
1186,180892296478,CANCEL,605,BUY,LIMIT,997400,45
1187,181078353100,NEW,619,BUY,LIMIT,997500,35
1188,181544718324,CANCEL,563,BUY,LIMIT,997400,24
1189,181833300343,CANCEL,574,BUY,LIMIT,997500,35
1190,182058793578,CANCEL,567,BUY,LIMIT,997800,26
1191,182064984251,CANCEL,601,BUY,LIMIT,997000,25
1192,182111047464,CANCEL,499,BUY,LIMIT,997800,26
1193,182139507509,CANCEL,491,BUY,LIMIT,997700,31
1194,182360880071,CANCEL,613,BUY,LIMIT,997600,31
1195,182445701611,NEW,620,SELL,LIMIT,999100,25
1196,182628042982,NEW,621,BUY,LIMIT,997800,34
1197,182927206256,CANCEL,602,SELL,LIMIT,999400,21
1198,182980606219,NEW,622,SELL,LIMIT,998700,29
1199,183180710794,NEW,623,BUY,LIMIT,997400,100
1200,183201730149,NEW,624,SELL,LIMIT,998800,24
1201,183248309802,NEW,625,BUY,LIMIT,997000,28
1202,183278722920,NEW,626,BUY,LIMIT,997900,30
1203,183311100142,CANCEL,537,BUY,LIMIT,997600,27
1204,183338568836,CANCEL,597,BUY,LIMIT,997800,23
1205,183522630382,CANCEL,617,SELL,LIMIT,999400,24
1206,183665570578,NEW,627,SELL,LIMIT,999300,1000
1207,183669648846,NEW,628,BUY,LIMIT,997800,40
1208,183691376778,CANCEL,627,SELL,LIMIT,999300,1000
1209,183927968905,NEW,629,BUY,LIMIT,997700,18
1210,184123535926,CANCEL,615,BUY,LIMIT,997800,27
1211,184150592252,CANCEL,621,BUY,LIMIT,997800,34
1212,184678931197,CANCEL,626,BUY,LIMIT,997900,30
1213,184683497701,CANCEL,551,SELL,LIMIT,999200,23
1214,184705724520,CANCEL,623,BUY,LIMIT,997400,100
1215,184724157932,NEW,630,BUY,LIMIT,997800,32
1216,184862743988,CANCEL,543,SELL,LIMIT,998500,28
1217,185093257553,CANCEL,611,BUY,LIMIT,997800,34
1218,185312800849,NEW,631,SELL,LIMIT,999800,30
1219,185368448757,NEW,632,BUY,LIMIT,997100,28
1220,185488657941,CANCEL,607,BUY,LIMIT,997000,44
1221,185514534452,CANCEL,572,BUY,LIMIT,997200,33
1222,185565761074,CANCEL,632,BUY,LIMIT,997100,28
1223,185591039070,CANCEL,589,SELL,LIMIT,999200,29
1224,185633413842,CANCEL,625,BUY,LIMIT,997000,28
1225,185777781751,CANCEL,628,BUY,LIMIT,997800,40
1226,185811984696,NEW,633,SELL,LIMIT,999000,30
1227,185863212659,CANCEL,524,BUY,LIMIT,997500,25
1228,186272351073,CANCEL,610,SELL,LIMIT,999000,31
1229,186383693378,CANCEL,553,BUY,LIMIT,998200,5
1230,186604477422,NEW,634,BUY,LIMIT,997100,20
1231,186713139155,NEW,635,SELL,LIMIT,999300,31
1232,186920842856,CANCEL,555,SELL,LIMIT,999300,34
1233,186987364607,CANCEL,634,BUY,LIMIT,997100,20
1234,187032544988,CANCEL,618,BUY,LIMIT,997200,40
1235,187118007036,CANCEL,596,SELL,LIMIT,999000,28
1236,187258164043,CANCEL,514,BUY,LIMIT,997300,23
1237,187418960742,NEW,636,BUY,LIMIT,997500,25
1238,187505475426,CANCEL,616,SELL,LIMIT,999100,34
1239,187657694253,CANCEL,619,BUY,LIMIT,997500,35
1240,187724619422,NEW,637,SELL,LIMIT,999600,27
1241,187728048485,NEW,638,BUY,LIMIT,997800,45
1242,187859858574,CANCEL,541,BUY,LIMIT,997900,3
1243,187985758644,NEW,639,BUY,LIMIT,997900,27
1244,188171114177,CANCEL,612,SELL,LIMIT,999100,30
1245,188677374758,CANCEL,631,SELL,LIMIT,999800,30
1246,188749191836,NEW,640,BUY,LIMIT,997700,29
1247,188837839473,NEW,641,BUY,LIMIT,997800,28
1248,189393122295,NEW,642,BUY,LIMIT,997300,25
1249,189533575685,NEW,643,BUY,LIMIT,997800,25
1250,190036231637,CANCEL,587,BUY,LIMIT,997200,32
1251,190242267891,NEW,644,BUY,LIMIT,997100,32
1252,190411745295,NEW,645,BUY,LIMIT,997500,29
1253,190953411507,CANCEL,593,BUY,LIMIT,997400,29
1254,190971248807,NEW,646,BUY,LIMIT,997100,30
1255,191124648540,NEW,647,BUY,LIMIT,998100,31
1256,191164216657,NEW,648,BUY,LIMIT,997500,30
1257,191514584975,CANCEL,647,BUY,LIMIT,998100,31
1258,191684534044,NEW,649,BUY,LIMIT,997300,32
1259,191717560262,NEW,650,BUY,LIMIT,997700,30
1260,191731091593,NEW,651,BUY,LIMIT,997900,26
1261,191793586545,NEW,652,SELL,LIMIT,998800,35
1262,191830342596,CANCEL,395,BUY,LIMIT,998300,24
1263,191880554549,CANCEL,644,BUY,LIMIT,997100,32
1264,191899644672,CANCEL,536,SELL,LIMIT,999300,20
1265,192282414369,NEW,653,SELL,LIMIT,999000,33
1266,192298333687,NEW,654,BUY,LIMIT,998400,25
1267,192339222452,CANCEL,638,BUY,LIMIT,997800,45
1268,192362776580,NEW,655,SELL,LIMIT,999200,27
1269,192390254731,NEW,656,BUY,LIMIT,997900,40
1270,192475082765,NEW,657,SELL,LIMIT,999200,29
1271,192499896778,CANCEL,642,BUY,LIMIT,997300,25
1272,192607442750,CANCEL,639,BUY,LIMIT,997900,27
1273,192992059321,CANCEL,650,BUY,LIMIT,997700,30
1274,193161066193,NEW,658,SELL,LIMIT,999400,43
1275,193203171337,NEW,659,BUY,LIMIT,997800,23
1276,193732037167,NEW,660,SELL,LIMIT,999400,31
1277,193796187480,CANCEL,646,BUY,LIMIT,997100,30
1278,193898677846,CANCEL,657,SELL,LIMIT,999200,29
1279,193963313962,NEW,661,BUY,LIMIT,997900,27
1280,194066685999,NEW,662,BUY,LIMIT,997900,27
1281,194386105767,CANCEL,636,BUY,LIMIT,997500,25
1282,194401707724,NEW,663,SELL,LIMIT,999200,33
1283,194421872016,NEW,664,SELL,LIMIT,999000,30
1284,194454869559,NEW,665,BUY,LIMIT,997800,28
1285,194572203346,CANCEL,653,SELL,LIMIT,999000,33
1286,194620818472,CANCEL,465,SELL,LIMIT,999600,25
1287,194621600374,CANCEL,658,SELL,LIMIT,999400,43
1288,194724032139,CANCEL,660,SELL,LIMIT,999400,31
1289,194969597168,CANCEL,604,SELL,LIMIT,999100,27
1290,195048322803,NEW,666,SELL,LIMIT,999900,26
1291,195263294623,NEW,667,SELL,LIMIT,998700,31
1292,195289292645,NEW,668,SELL,LIMIT,999900,11
1293,195362528822,NEW,669,BUY,LIMIT,997400,30
1294,195414290481,NEW,670,BUY,LIMIT,997800,28
1295,195460881823,NEW,671,BUY,LIMIT,998300,21
1296,195580065077,CANCEL,669,BUY,LIMIT,997400,30
1297,195674239002,NEW,672,SELL,LIMIT,999000,34
1298,195864145443,NEW,673,SELL,LIMIT,999900,100
1299,195929511404,NEW,674,SELL,LIMIT,999900,31
1300,196424622246,CANCEL,643,BUY,LIMIT,997800,25
1301,196559182251,CANCEL,663,SELL,LIMIT,999200,33
1302,196584627363,CANCEL,652,SELL,LIMIT,998800,35
1303,196739240907,NEW,675,SELL,LIMIT,999400,24
1304,197016401916,CANCEL,606,BUY,LIMIT,997000,30
1305,197030498969,NEW,676,SELL,LIMIT,999100,29
1306,197621120123,CANCEL,614,SELL,LIMIT,999800,28
1307,197776014479,NEW,677,BUY,LIMIT,997600,30
1308,197808557877,CANCEL,635,SELL,LIMIT,999300,31
1309,198018339991,NEW,678,SELL,LIMIT,999200,29
1310,198036663504,NEW,679,SELL,LIMIT,999300,32
1311,198041210177,CANCEL,673,SELL,LIMIT,999900,100
1312,198058764171,CANCEL,624,SELL,LIMIT,998800,24
1313,198156599789,CANCEL,548,BUY,LIMIT,997800,23
1314,198197028405,CANCEL,666,SELL,LIMIT,999900,26
1315,198453811487,NEW,680,BUY,LIMIT,997700,28
1316,198568204772,NEW,681,SELL,LIMIT,999200,26
1317,198750493041,NEW,682,SELL,LIMIT,999100,23
1318,198757975885,CANCEL,662,BUY,LIMIT,997900,27
1319,198778761624,NEW,683,SELL,LIMIT,999000,30
1320,199271398736,NEW,684,SELL,LIMIT,999200,28
1321,199418845407,CANCEL,672,SELL,LIMIT,999000,34
1322,199495700374,CANCEL,661,BUY,LIMIT,997900,27
1323,199632809795,NEW,685,SELL,LIMIT,999600,26
1324,199725485015,NEW,686,SELL,LIMIT,999300,23
1325,199920967310,CANCEL,678,SELL,LIMIT,999200,29
1326,200019113875,CANCEL,640,BUY,LIMIT,997700,29
1327,200149389967,NEW,687,SELL,LIMIT,999000,29
1328,200224948583,CANCEL,608,SELL,LIMIT,999100,26
1329,200346296965,CANCEL,683,SELL,LIMIT,999000,30
1330,200493554786,CANCEL,651,BUY,LIMIT,997900,26
1331,200687709776,NEW,688,SELL,LIMIT,999200,26
1332,201028319457,NEW,689,BUY,LIMIT,997900,30
1333,201237173437,CANCEL,603,BUY,LIMIT,997600,28
1334,201454618710,CANCEL,588,SELL,LIMIT,999400,28
1335,201484916017,NEW,690,BUY,LIMIT,997700,28
1336,201653095671,NEW,691,SELL,LIMIT,999300,34
1337,201707391395,CANCEL,670,BUY,LIMIT,997800,28
1338,201893146507,CANCEL,655,SELL,LIMIT,999200,27
1339,201898490239,CANCEL,600,BUY,LIMIT,997400,29
1340,202126121616,CANCEL,688,SELL,LIMIT,999200,26
1341,202236967455,CANCEL,684,SELL,LIMIT,999200,28
1342,202263523955,CANCEL,622,SELL,LIMIT,998700,29
1343,202407098402,NEW,692,SELL,MARKET,,104
1344,202407098402,CANCEL,654,BUY,LIMIT,998400,25
1345,202407098402,CANCEL,671,BUY,LIMIT,998300,21
1346,202407098402,CANCEL,442,BUY,LIMIT,998100,5
1347,202407098402,CANCEL,656,BUY,LIMIT,997900,40
1348,202407098402,REDUCE,689,BUY,LIMIT,997900,17
1349,202483956780,NEW,693,BUY,LIMIT,997700,25
1350,202757766359,CANCEL,676,SELL,LIMIT,999100,29
1351,202835667579,CANCEL,664,SELL,LIMIT,999000,30
1352,203217489455,CANCEL,667,SELL,LIMIT,998700,31
1353,203353737756,CANCEL,659,BUY,LIMIT,997800,23
1354,203584665860,NEW,694,SELL,LIMIT,998600,24
1355,203769163348,NEW,695,BUY,LIMIT,997500,20
1356,203839482105,NEW,696,BUY,LIMIT,997800,28
1357,203947186790,NEW,697,BUY,LIMIT,997500,40
1358,204087199298,NEW,698,BUY,LIMIT,997800,26
1359,204248722694,CANCEL,682,SELL,LIMIT,999100,23
1360,204369972690,CANCEL,698,BUY,LIMIT,997800,26
1361,204500992973,CANCEL,687,SELL,LIMIT,999000,29
1362,204612732879,NEW,699,SELL,LIMIT,999000,27
1363,204686654486,NEW,700,BUY,LIMIT,997100,33
1364,204742461848,NEW,701,BUY,LIMIT,997700,30
1365,204768161221,CANCEL,680,BUY,LIMIT,997700,28
1366,204866018500,CANCEL,665,BUY,LIMIT,997800,28
1367,205063908331,NEW,702,BUY,LIMIT,997900,9
1368,205099648659,NEW,703,SELL,LIMIT,998800,40
1369,205192538403,CANCEL,699,SELL,LIMIT,999000,27
1370,205446555247,NEW,704,SELL,LIMIT,999400,30
1371,205586212753,NEW,705,BUY,LIMIT,997600,100
1372,205760681021,CANCEL,592,SELL,LIMIT,999200,25
1373,205954541928,CANCEL,700,BUY,LIMIT,997100,33
1374,206172641374,NEW,706,SELL,LIMIT,998900,28
1375,206418328896,CANCEL,690,BUY,LIMIT,997700,28
1376,206487064083,CANCEL,677,BUY,LIMIT,997600,30
1377,206681057677,NEW,707,BUY,LIMIT,997600,30
1378,207053116518,NEW,708,BUY,LIMIT,997700,25
1379,207063513854,NEW,709,BUY,LIMIT,997300,40
1380,207226146684,CANCEL,705,BUY,LIMIT,997600,100
1381,207229838961,CANCEL,696,BUY,LIMIT,997800,28
1382,207281163385,NEW,710,BUY,LIMIT,998000,40
1383,207547978972,CANCEL,679,SELL,LIMIT,999300,32
1384,207584052034,NEW,711,BUY,LIMIT,998400,5
1385,207602699028,NEW,712,BUY,LIMIT,997700,25
1386,207641706215,CANCEL,674,SELL,LIMIT,999900,31
1387,207653046734,CANCEL,598,BUY,LIMIT,997700,30
1388,207676396009,CANCEL,702,BUY,LIMIT,997900,9
1389,207819295865,NEW,713,BUY,LIMIT,997300,23
1390,207821205037,NEW,714,BUY,LIMIT,997900,25
1391,207947341939,CANCEL,707,BUY,LIMIT,997600,30
1392,208036172695,NEW,715,SELL,LIMIT,999400,30
1393,208082230707,NEW,716,BUY,LIMIT,998200,20
1394,208184572562,CANCEL,709,BUY,LIMIT,997300,40
1395,208246850353,NEW,717,BUY,LIMIT,997100,40
1396,208314739970,CANCEL,693,BUY,LIMIT,997700,25
1397,208523627906,NEW,718,BUY,LIMIT,997500,48
1398,208585165494,CANCEL,675,SELL,LIMIT,999400,24
1399,208585469341,NEW,719,SELL,LIMIT,999100,40
1400,208606860386,CANCEL,710,BUY,LIMIT,998000,40
1401,208662815201,NEW,720,SELL,LIMIT,999100,35
1402,209135564594,CANCEL,645,BUY,LIMIT,997500,29
1403,209176021008,CANCEL,704,SELL,LIMIT,999400,30
1404,209191092312,CANCEL,717,BUY,LIMIT,997100,40
1405,209205240435,NEW,721,BUY,LIMIT,997500,31
1406,209224682152,NEW,722,SELL,LIMIT,999400,10
1407,209405582417,CANCEL,712,BUY,LIMIT,997700,25
1408,209456402520,NEW,723,BUY,LIMIT,997100,30
1409,209496889767,NEW,724,BUY,LIMIT,997800,26
1410,209566392683,NEW,725,SELL,LIMIT,999300,28
1411,210130859795,CANCEL,697,BUY,LIMIT,997500,40
1412,210204475622,NEW,726,SELL,LIMIT,999900,24
1413,210303660509,CANCEL,726,SELL,LIMIT,999900,24
1414,210983123292,CANCEL,594,BUY,LIMIT,997400,29
1415,211147015537,CANCEL,637,SELL,LIMIT,999600,27
1416,211340557936,CANCEL,721,BUY,LIMIT,997500,31
1417,211359966137,CANCEL,713,BUY,LIMIT,997300,23
1418,211394082841,CANCEL,715,SELL,LIMIT,999400,30
1419,211394992963,CANCEL,630,BUY,LIMIT,997800,32
1420,211596849766,NEW,727,BUY,LIMIT,997500,31
1421,211682872339,CANCEL,718,BUY,LIMIT,997500,48
1422,212246641446,CANCEL,703,SELL,LIMIT,998800,40
1423,212629367176,NEW,728,SELL,LIMIT,998700,32
1424,212653730249,NEW,729,SELL,LIMIT,999300,38
1425,213076097786,NEW,730,SELL,LIMIT,999300,25
1426,213436699535,NEW,731,SELL,LIMIT,999700,38
1427,213467070381,CANCEL,701,BUY,LIMIT,997700,30
1428,213473752693,CANCEL,648,BUY,LIMIT,997500,30
1429,213489767671,NEW,732,BUY,LIMIT,997100,23
1430,213491892995,CANCEL,719,SELL,LIMIT,999100,40
1431,214063574057,NEW,733,SELL,LIMIT,999300,30
1432,214421453014,NEW,734,SELL,LIMIT,999400,26
1433,214507709766,CANCEL,583,BUY,LIMIT,997700,5
1434,215206824685,CANCEL,609,BUY,LIMIT,997000,29
1435,215539387598,CANCEL,723,BUY,LIMIT,997100,30
1436,215554647456,CANCEL,694,SELL,LIMIT,998600,24
1437,215634386952,NEW,735,BUY,LIMIT,997600,40
1438,215843335002,NEW,736,BUY,LIMIT,997300,26
1439,216450349694,CANCEL,706,SELL,LIMIT,998900,28
1440,216570165565,NEW,737,SELL,LIMIT,999300,25
1441,216631478450,CANCEL,641,BUY,LIMIT,997800,28
1442,217159733876,NEW,738,SELL,LIMIT,999300,6
1443,217590842797,CANCEL,730,SELL,LIMIT,999300,25
1444,217592422486,NEW,739,SELL,LIMIT,999500,40
1445,217802546931,CANCEL,689,BUY,LIMIT,997900,17
1446,217970422119,NEW,740,SELL,LIMIT,998900,23
1447,218070708532,NEW,741,SELL,LIMIT,999400,28
1448,218106458095,NEW,742,SELL,LIMIT,999500,100
1449,218215435377,CANCEL,727,BUY,LIMIT,997500,31
1450,218481918764,CANCEL,739,SELL,LIMIT,999500,40
1451,218724397326,CANCEL,720,SELL,LIMIT,999100,35
1452,219243056827,NEW,743,BUY,LIMIT,997600,32
1453,219312273322,NEW,744,BUY,LIMIT,997900,28
1454,219340315525,NEW,745,BUY,LIMIT,997100,30
1455,219475528946,CANCEL,737,SELL,LIMIT,999300,25
1456,219600323890,NEW,746,SELL,LIMIT,999900,32
1457,219712636165,NEW,747,BUY,LIMIT,998400,26
1458,219895720210,CANCEL,691,SELL,LIMIT,999300,34
1459,219972491558,CANCEL,733,SELL,LIMIT,999300,30
1460,220201153758,CANCEL,729,SELL,LIMIT,999300,38
1461,220563956919,NEW,748,BUY,LIMIT,997800,35
1462,222041248934,NEW,749,BUY,LIMIT,997100,26
1463,222277443742,NEW,750,SELL,LIMIT,999200,25
1464,222644726405,NEW,751,BUY,LIMIT,997800,40
1465,222875657622,NEW,752,SELL,LIMIT,998800,100
1466,223082789654,CANCEL,686,SELL,LIMIT,999300,23
1467,223125377301,NEW,753,SELL,LIMIT,999900,32
1468,223196942523,CANCEL,752,SELL,LIMIT,998800,100
1469,223223785421,CANCEL,734,SELL,LIMIT,999400,26
1470,223310495183,CANCEL,741,SELL,LIMIT,999400,28
1471,223489314332,CANCEL,695,BUY,LIMIT,997500,20
1472,223537631601,NEW,754,BUY,LIMIT,998300,27
1473,223625766334,CANCEL,732,BUY,LIMIT,997100,23
1474,223635488173,NEW,755,SELL,LIMIT,998600,32
1475,223672697401,NEW,756,SELL,LIMIT,999500,35
1476,223787278138,CANCEL,745,BUY,LIMIT,997100,30
1477,224056266830,NEW,757,SELL,LIMIT,999500,25
1478,224254860755,CANCEL,742,SELL,LIMIT,999500,100
1479,224277631967,NEW,758,BUY,LIMIT,998200,38
1480,224319322191,CANCEL,736,BUY,LIMIT,997300,26
1481,224423463877,NEW,759,BUY,LIMIT,998000,40
1482,224603339238,NEW,760,SELL,LIMIT,999600,47
1483,224695646642,CANCEL,759,BUY,LIMIT,998000,40
1484,224809105546,NEW,761,SELL,LIMIT,999100,28
1485,224995191175,CANCEL,744,BUY,LIMIT,997900,28
1486,225072360287,CANCEL,681,SELL,LIMIT,999200,26
1487,225129264226,NEW,762,BUY,LIMIT,997600,26
1488,225210026396,NEW,763,BUY,LIMIT,997700,25
1489,225372330535,CANCEL,762,BUY,LIMIT,997600,26
1490,225482325460,CANCEL,685,SELL,LIMIT,999600,26
1491,225703805360,NEW,764,BUY,LIMIT,998000,35
1492,225718031781,NEW,765,BUY,LIMIT,997800,100
1493,225757550585,NEW,766,BUY,LIMIT,997800,25
1494,225838577859,NEW,767,BUY,LIMIT,998000,29
1495,225871536880,NEW,768,BUY,LIMIT,997700,28
1496,225886146359,NEW,769,SELL,LIMIT,998800,28
1497,225948796639,NEW,770,SELL,LIMIT,999900,40
1498,226074535622,CANCEL,758,BUY,LIMIT,998200,38
1499,226330719090,CANCEL,757,SELL,LIMIT,999500,25
1500,226332535492,NEW,771,BUY,LIMIT,997800,23
1501,226442775673,CANCEL,750,SELL,LIMIT,999200,25
1502,226634541239,NEW,772,BUY,LIMIT,997600,23
1503,227204324936,NEW,773,BUY,LIMIT,997100,32
1504,227439951475,NEW,774,SELL,LIMIT,999400,24
1505,227556410654,NEW,775,BUY,LIMIT,997800,28
1506,227659210076,NEW,776,SELL,LIMIT,999200,31
1507,227697701898,NEW,777,SELL,LIMIT,999400,34
1508,227752546494,CANCEL,765,BUY,LIMIT,997800,100
1509,228232267176,NEW,778,SELL,LIMIT,999400,27
1510,228251081960,CANCEL,735,BUY,LIMIT,997600,40
1511,228328963053,NEW,779,BUY,LIMIT,997900,27
1512,228423866131,CANCEL,751,BUY,LIMIT,997800,40
1513,228794723952,NEW,780,SELL,LIMIT,999100,31
1514,228866103073,CANCEL,629,BUY,LIMIT,997700,18
1515,229088557923,CANCEL,779,BUY,LIMIT,997900,27
1516,229331384945,CANCEL,724,BUY,LIMIT,997800,26
1517,229462693261,CANCEL,716,BUY,LIMIT,998200,20
1518,229502482767,NEW,781,BUY,LIMIT,997800,26
1519,229517145305,NEW,782,BUY,LIMIT,997800,32
1520,229636417945,NEW,783,BUY,LIMIT,997100,33
1521,229688686148,CANCEL,774,SELL,LIMIT,999400,24
1522,229700550380,CANCEL,778,SELL,LIMIT,999400,27
1523,230052626281,NEW,784,BUY,LIMIT,997700,29
1524,230155214025,NEW,785,BUY,LIMIT,997600,30
1525,230321978805,NEW,786,BUY,LIMIT,997100,29
1526,230428659502,CANCEL,753,SELL,LIMIT,999900,32
1527,230715586687,NEW,787,SELL,LIMIT,999000,40
1528,230788327852,NEW,788,BUY,LIMIT,997900,28
1529,230815590333,CANCEL,714,BUY,LIMIT,997900,25
1530,231341022330,CANCEL,620,SELL,LIMIT,999100,25
1531,231601808596,NEW,789,SELL,LIMIT,999400,34
1532,231602822858,CANCEL,770,SELL,LIMIT,999900,40
1533,231703290726,CANCEL,740,SELL,LIMIT,998900,23
1534,231742212041,NEW,790,SELL,LIMIT,999400,28
1535,231749190044,CANCEL,785,BUY,LIMIT,997600,30
1536,231845813699,CANCEL,728,SELL,LIMIT,998700,32
1537,231871404966,CANCEL,743,BUY,LIMIT,997600,32
1538,232057453590,NEW,791,SELL,LIMIT,999200,30
1539,232160151660,NEW,792,SELL,LIMIT,999200,28
1540,232215761963,NEW,793,BUY,LIMIT,997900,29
1541,232339940280,CANCEL,749,BUY,LIMIT,997100,26
1542,232346370607,NEW,794,SELL,LIMIT,999900,49
1543,232401762691,NEW,795,SELL,LIMIT,998700,32
1544,232604805544,CANCEL,766,BUY,LIMIT,997800,25
1545,232751791581,CANCEL,783,BUY,LIMIT,997100,33
1546,232830898887,NEW,796,SELL,LIMIT,999400,38
1547,232842224556,CANCEL,633,SELL,LIMIT,999000,30
1548,232939197568,CANCEL,755,SELL,LIMIT,998600,32
1549,233234506021,CANCEL,748,BUY,LIMIT,997800,35
1550,233393917614,NEW,797,SELL,LIMIT,999200,100
1551,233521482289,CANCEL,731,SELL,LIMIT,999700,38
1552,233591306068,NEW,798,SELL,LIMIT,999400,25
1553,233591378715,NEW,799,SELL,LIMIT,999200,35
1554,233853685160,CANCEL,790,SELL,LIMIT,999400,28
1555,233928036632,NEW,800,BUY,LIMIT,997600,23
1556,233941677869,CANCEL,798,SELL,LIMIT,999400,25
1557,233974361235,NEW,801,SELL,LIMIT,999900,28
1558,234019716138,NEW,802,SELL,LIMIT,999300,40
1559,234097290096,NEW,803,BUY,LIMIT,997800,100
1560,234105153025,CANCEL,794,SELL,LIMIT,999900,49
1561,234209783525,NEW,804,BUY,LIMIT,997100,29
1562,234981860383,CANCEL,803,BUY,LIMIT,997800,100
1563,235074373385,NEW,805,SELL,LIMIT,999200,33
1564,235134800166,CANCEL,649,BUY,LIMIT,997300,32
1565,235176880786,CANCEL,756,SELL,LIMIT,999500,35
1566,235279503736,NEW,806,BUY,LIMIT,997100,24
1567,235400627860,NEW,807,SELL,LIMIT,999000,24
1568,235658966758,CANCEL,760,SELL,LIMIT,999600,47
1569,235754497459,NEW,808,BUY,LIMIT,997100,25
1570,235858987269,CANCEL,776,SELL,LIMIT,999200,31
1571,235922037443,CANCEL,797,SELL,LIMIT,999200,100
1572,235949937781,NEW,809,SELL,LIMIT,999400,28
1573,236225586178,CANCEL,802,SELL,LIMIT,999300,40
1574,236433394876,NEW,810,SELL,LIMIT,998900,32
1575,236444508493,NEW,811,SELL,LIMIT,999500,33
1576,236458642848,CANCEL,801,SELL,LIMIT,999900,28
1577,236496016728,NEW,812,BUY,LIMIT,997400,30
1578,236515075840,NEW,813,SELL,LIMIT,999300,25
1579,236530509344,CANCEL,808,BUY,LIMIT,997100,25
1580,236678574445,NEW,814,SELL,LIMIT,998700,32
1581,236725086720,NEW,815,SELL,LIMIT,999900,35
1582,236731238417,CANCEL,786,BUY,LIMIT,997100,29
1583,236797731118,CANCEL,806,BUY,LIMIT,997100,24
1584,236921104967,NEW,816,SELL,MARKET,,7
1585,236921104967,CANCEL,711,BUY,LIMIT,998400,5
1586,236921104967,REDUCE,747,BUY,LIMIT,998400,24
1587,236925147661,NEW,817,BUY,MARKET,,98
1588,236925147661,CANCEL,578,SELL,LIMIT,998600,23
1589,236925147661,CANCEL,795,SELL,LIMIT,998700,32
1590,236925147661,CANCEL,814,SELL,LIMIT,998700,32
1591,236925147661,REDUCE,769,SELL,LIMIT,998800,17
1592,236927204122,NEW,818,SELL,MARKET,,100
1593,236927204122,CANCEL,747,BUY,LIMIT,998400,24
1594,236927204122,CANCEL,754,BUY,LIMIT,998300,27
1595,236927204122,CANCEL,764,BUY,LIMIT,998000,35
1596,236927204122,REDUCE,767,BUY,LIMIT,998000,15
1597,236927801742,NEW,819,BUY,MARKET,,24
1598,236927801742,CANCEL,769,SELL,LIMIT,998800,17
1599,236927801742,REDUCE,810,SELL,LIMIT,998900,25
1600,237058534601,CANCEL,788,BUY,LIMIT,997900,28
1601,237120661145,NEW,820,SELL,LIMIT,999300,27
1602,237398244233,NEW,821,BUY,LIMIT,998000,24
1603,237655726147,CANCEL,746,SELL,LIMIT,999900,32
1604,237768389385,CANCEL,763,BUY,LIMIT,997700,25
1605,237770291959,CANCEL,738,SELL,LIMIT,999300,6
1606,237791968749,CANCEL,791,SELL,LIMIT,999200,30
1607,237822213385,CANCEL,810,SELL,LIMIT,998900,25
1608,237867837258,CANCEL,809,SELL,LIMIT,999400,28
1609,237959597523,NEW,822,BUY,LIMIT,998000,33
1610,238009841474,CANCEL,782,BUY,LIMIT,997800,32
1611,238116388187,NEW,823,SELL,LIMIT,998800,23
1612,238145680515,NEW,824,BUY,LIMIT,997600,24
1613,238239538114,NEW,825,BUY,LIMIT,997900,7
1614,238423927388,NEW,826,SELL,LIMIT,999000,34
1615,238595628267,NEW,827,SELL,LIMIT,998600,27
1616,238622907637,CANCEL,792,SELL,LIMIT,999200,28
1617,238689792992,NEW,828,SELL,LIMIT,999000,29
1618,238771678562,NEW,829,BUY,LIMIT,997400,22
1619,238840189978,CANCEL,823,SELL,LIMIT,998800,23
1620,238974592221,CANCEL,775,BUY,LIMIT,997800,28
1621,239040742316,CANCEL,591,SELL,LIMIT,999100,6
1622,239530405344,CANCEL,827,SELL,LIMIT,998600,27
1623,239816549258,NEW,830,BUY,LIMIT,997500,30
1624,240028806006,CANCEL,805,SELL,LIMIT,999200,33
1625,240039768744,NEW,831,SELL,LIMIT,998800,30
1626,240220846257,CANCEL,793,BUY,LIMIT,997900,29
1627,240241297974,NEW,832,BUY,LIMIT,998100,32
1628,240392947485,CANCEL,811,SELL,LIMIT,999500,33
1629,240399124806,NEW,833,BUY,LIMIT,998100,33
1630,240436254839,NEW,834,BUY,LIMIT,998500,30
1631,240528492080,NEW,835,BUY,LIMIT,997400,29
1632,240636503394,NEW,836,SELL,LIMIT,999200,21
1633,241018985635,CANCEL,708,BUY,LIMIT,997700,25
1634,241275738131,NEW,837,BUY,LIMIT,998300,25
1635,241402045666,CANCEL,825,BUY,LIMIT,997900,7
1636,241426716153,NEW,838,SELL,LIMIT,999400,26
1637,241523412386,NEW,839,SELL,LIMIT,999100,28
1638,241827295877,CANCEL,781,BUY,LIMIT,997800,26
1639,241845430302,CANCEL,815,SELL,LIMIT,999900,35
1640,242418475987,CANCEL,725,SELL,LIMIT,999300,28
1641,242752971654,CANCEL,826,SELL,LIMIT,999000,34
1642,243703445560,NEW,840,SELL,LIMIT,999400,33
1643,244099039827,CANCEL,796,SELL,LIMIT,999400,38
1644,244391825245,CANCEL,813,SELL,LIMIT,999300,25
1645,244518491707,NEW,841,SELL,LIMIT,999300,30
1646,244776381171,CANCEL,777,SELL,LIMIT,999400,34
1647,244805876713,CANCEL,836,SELL,LIMIT,999200,21
1648,244834455524,NEW,842,SELL,LIMIT,999300,21
1649,245146239348,CANCEL,821,BUY,LIMIT,998000,24
1650,245414857948,NEW,843,BUY,LIMIT,998000,27
1651,245630442536,CANCEL,789,SELL,LIMIT,999400,34
1652,245690926547,NEW,844,SELL,LIMIT,1000000,25
1653,245913092522,NEW,845,SELL,LIMIT,999700,200
1654,246378559514,CANCEL,824,BUY,LIMIT,997600,24
1655,246396293077,NEW,846,SELL,LIMIT,999500,30
1656,246562795999,CANCEL,841,SELL,LIMIT,999300,30
1657,246634446894,NEW,847,SELL,LIMIT,999100,28
1658,246760279050,NEW,848,SELL,LIMIT,999300,30
1659,246820468505,CANCEL,845,SELL,LIMIT,999700,200
1660,246881468131,CANCEL,837,BUY,LIMIT,998300,25
1661,247068174540,NEW,849,SELL,LIMIT,999500,26
1662,247190842690,NEW,850,BUY,LIMIT,998200,32
1663,247313067970,NEW,851,BUY,LIMIT,997700,600
1664,247350025775,CANCEL,851,BUY,LIMIT,997700,600
1665,247435258638,CANCEL,787,SELL,LIMIT,999000,40
1666,247502342820,NEW,852,BUY,LIMIT,997900,26
1667,247735055596,NEW,853,BUY,LIMIT,997800,27
1668,247951277977,NEW,854,SELL,LIMIT,999400,28
1669,247958541761,CANCEL,722,SELL,LIMIT,999400,10
1670,247992792764,NEW,855,BUY,LIMIT,998000,96
1671,248348184711,NEW,856,SELL,LIMIT,999400,32
1672,248422946997,CANCEL,844,SELL,LIMIT,1000000,25
1673,248465030606,CANCEL,804,BUY,LIMIT,997100,29
1674,248475148824,NEW,857,BUY,LIMIT,998100,23
1675,248488854564,NEW,858,SELL,LIMIT,999200,32
1676,248561163433,CANCEL,830,BUY,LIMIT,997500,30
1677,248637686309,CANCEL,822,BUY,LIMIT,998000,33
1678,248795925650,CANCEL,855,BUY,LIMIT,998000,96
1679,248861484533,CANCEL,829,BUY,LIMIT,997400,22
1680,249188914580,NEW,859,BUY,LIMIT,997700,25
1681,249396892991,CANCEL,812,BUY,LIMIT,997400,30
1682,249499573820,CANCEL,771,BUY,LIMIT,997800,23
1683,249922750801,CANCEL,846,SELL,LIMIT,999500,30
1684,249988788021,NEW,860,SELL,LIMIT,999400,29
1685,250252154298,NEW,861,SELL,LIMIT,1000000,24
1686,250306813570,NEW,862,SELL,LIMIT,999200,27
1687,250415759357,NEW,863,SELL,LIMIT,999300,3
1688,250607063336,NEW,864,BUY,LIMIT,997300,30
1689,250673440391,NEW,865,SELL,MARKET,,30
1690,250673440391,CANCEL,834,BUY,LIMIT,998500,30
1691,250676950244,NEW,866,SELL,MARKET,,100
1692,250676950244,CANCEL,850,BUY,LIMIT,998200,32
1693,250676950244,CANCEL,832,BUY,LIMIT,998100,32
1694,250676950244,CANCEL,833,BUY,LIMIT,998100,33
1695,250676950244,REDUCE,857,BUY,LIMIT,998100,20
1696,250682864592,NEW,867,SELL,LIMIT,998900,20
1697,250716768211,CANCEL,849,SELL,LIMIT,999500,26
1698,250730603141,NEW,868,BUY,LIMIT,998000,32
1699,251188164517,CANCEL,867,SELL,LIMIT,998900,20
1700,251200033113,NEW,869,BUY,LIMIT,997800,40
1701,251250879596,CANCEL,780,SELL,LIMIT,999100,31
1702,251253877523,NEW,870,SELL,LIMIT,999000,29
1703,251518781729,NEW,871,BUY,LIMIT,997700,32
1704,251618620210,NEW,872,BUY,LIMIT,998400,30
1705,251899098124,NEW,873,SELL,LIMIT,999200,24
1706,251920140273,CANCEL,847,SELL,LIMIT,999100,28
1707,252197590222,CANCEL,871,BUY,LIMIT,997700,32
1708,252322479931,CANCEL,852,BUY,LIMIT,997900,26
1709,252416785102,CANCEL,768,BUY,LIMIT,997700,28
1710,252531343587,CANCEL,848,SELL,LIMIT,999300,30
1711,252546577421,CANCEL,820,SELL,LIMIT,999300,27
1712,252576699395,CANCEL,784,BUY,LIMIT,997700,29
1713,252884558338,CANCEL,869,BUY,LIMIT,997800,40
1714,252904395739,NEW,874,BUY,LIMIT,997300,34
1715,253217801021,CANCEL,799,SELL,LIMIT,999200,35
1716,253680886315,CANCEL,860,SELL,LIMIT,999400,29
1717,253686312443,NEW,875,BUY,LIMIT,997700,25
1718,253821758616,NEW,876,SELL,LIMIT,999300,27
1719,253837835303,NEW,877,BUY,LIMIT,997800,100
1720,254115013056,CANCEL,877,BUY,LIMIT,997800,100
1721,254235813304,CANCEL,857,BUY,LIMIT,998100,20
1722,254325921818,NEW,878,SELL,LIMIT,999600,400
1723,254443332647,NEW,879,SELL,LIMIT,998900,23
1724,254545834594,NEW,880,SELL,LIMIT,999900,23
1725,254742963687,NEW,881,SELL,LIMIT,999100,17
1726,255037159724,NEW,882,SELL,LIMIT,999900,27
1727,255037971347,CANCEL,878,SELL,LIMIT,999600,400
1728,255210975665,NEW,883,SELL,LIMIT,999400,27
1729,255374666195,CANCEL,876,SELL,LIMIT,999300,27
1730,255398133112,CANCEL,838,SELL,LIMIT,999400,26
1731,255442328222,NEW,884,BUY,LIMIT,998500,28
1732,255513290710,NEW,885,BUY,LIMIT,998000,29
1733,255876535160,CANCEL,882,SELL,LIMIT,999900,27
1734,256156539461,CANCEL,879,SELL,LIMIT,998900,23
1735,256507066785,NEW,886,SELL,LIMIT,998700,38
1736,256686192057,CANCEL,874,BUY,LIMIT,997300,34
1737,257319675510,NEW,887,SELL,LIMIT,1000000,35
1738,257517420937,NEW,888,SELL,LIMIT,999400,30
1739,257619199874,CANCEL,828,SELL,LIMIT,999000,29
1740,257932417466,CANCEL,856,SELL,LIMIT,999400,32
1741,258303772287,NEW,889,BUY,LIMIT,997200,100
1742,258727575277,CANCEL,773,BUY,LIMIT,997100,32
1743,259328141802,NEW,890,BUY,LIMIT,998000,31
1744,259481958618,NEW,891,BUY,LIMIT,998300,20
1745,260011886500,CANCEL,886,SELL,LIMIT,998700,38
1746,260073680994,CANCEL,842,SELL,LIMIT,999300,21
1747,260094917588,NEW,892,BUY,LIMIT,998000,25
1748,260115383515,CANCEL,861,SELL,LIMIT,1000000,24
1749,260262366404,CANCEL,835,BUY,LIMIT,997400,29
1750,260464274210,NEW,893,SELL,LIMIT,999300,29
1751,260474286946,NEW,894,BUY,LIMIT,997300,25
1752,260563115116,NEW,895,BUY,LIMIT,997900,30
1753,260579305624,NEW,896,BUY,LIMIT,998300,45
1754,260704855195,CANCEL,891,BUY,LIMIT,998300,20
1755,260739958467,CANCEL,887,SELL,LIMIT,1000000,35
1756,261449920352,CANCEL,870,SELL,LIMIT,999000,29
1757,261477882609,NEW,897,BUY,LIMIT,997900,29
1758,261569083541,NEW,898,SELL,LIMIT,999200,2
1759,261786513436,NEW,899,SELL,LIMIT,999600,25
1760,261973412842,CANCEL,885,BUY,LIMIT,998000,29
1761,262147463831,NEW,900,SELL,LIMIT,1000000,25
1762,262187262393,NEW,901,BUY,LIMIT,998100,30
1763,262302612491,NEW,902,BUY,LIMIT,998000,31
1764,262497729105,CANCEL,893,SELL,LIMIT,999300,29
1765,262633058011,NEW,903,BUY,LIMIT,997900,31
1766,263215415531,CANCEL,875,BUY,LIMIT,997700,25
1767,263264720976,CANCEL,831,SELL,LIMIT,998800,30
1768,263266943481,NEW,904,SELL,LIMIT,999700,28
1769,263534950014,NEW,905,SELL,LIMIT,999300,30
1770,263597728531,NEW,906,BUY,LIMIT,997500,28
1771,263675555376,NEW,907,SELL,LIMIT,999300,48
1772,263683502917,CANCEL,901,BUY,LIMIT,998100,30
1773,263995097260,NEW,908,SELL,LIMIT,999600,25
1774,264118760367,NEW,909,BUY,LIMIT,998500,35
1775,264170550600,CANCEL,881,SELL,LIMIT,999100,17
1776,264600609835,CANCEL,839,SELL,LIMIT,999100,28
1777,264871721799,NEW,910,SELL,LIMIT,998800,34
1778,265150855335,NEW,911,SELL,LIMIT,1000000,23
1779,265364246637,NEW,912,BUY,LIMIT,997300,45
1780,265479984855,CANCEL,889,BUY,LIMIT,997200,100
1781,265650588858,CANCEL,896,BUY,LIMIT,998300,45
1782,265723985139,NEW,913,SELL,LIMIT,999600,26
1783,265773669850,NEW,914,BUY,LIMIT,998000,25
1784,266609540745,NEW,915,BUY,LIMIT,997800,43
1785,266823339014,NEW,916,SELL,LIMIT,999200,29
1786,266830965144,CANCEL,854,SELL,LIMIT,999400,28
1787,266847979268,CANCEL,916,SELL,LIMIT,999200,29
1788,266952948712,CANCEL,772,BUY,LIMIT,997600,23
1789,267006744031,CANCEL,858,SELL,LIMIT,999200,32
1790,267177073814,NEW,917,BUY,LIMIT,998200,25
1791,267197301050,CANCEL,892,BUY,LIMIT,998000,25
1792,267287817291,CANCEL,884,BUY,LIMIT,998500,28
1793,267326278283,CANCEL,909,BUY,LIMIT,998500,35
1794,267551192178,CANCEL,862,SELL,LIMIT,999200,27
1795,267616289137,CANCEL,894,BUY,LIMIT,997300,25
1796,267919844317,NEW,918,BUY,LIMIT,997700,27
1797,268053117164,NEW,919,SELL,LIMIT,998900,26
1798,268220945931,CANCEL,903,BUY,LIMIT,997900,31
1799,268249795835,NEW,920,SELL,LIMIT,998900,32
1800,268797156763,NEW,921,SELL,LIMIT,999200,40
1801,268837141894,NEW,922,SELL,LIMIT,999500,15
1802,269005148846,CANCEL,904,SELL,LIMIT,999700,28
1803,269077068228,CANCEL,921,SELL,LIMIT,999200,40
1804,269180565095,NEW,923,SELL,LIMIT,999500,6
1805,269516311373,NEW,924,BUY,LIMIT,997800,26
1806,269808018122,NEW,925,SELL,LIMIT,999300,25
1807,270157474506,NEW,926,BUY,LIMIT,997300,26
1808,270216743617,CANCEL,906,BUY,LIMIT,997500,28
1809,270301682329,NEW,927,BUY,LIMIT,998300,30
1810,270337121245,CANCEL,924,BUY,LIMIT,997800,26
1811,270394768882,CANCEL,927,BUY,LIMIT,998300,30
1812,270907089143,NEW,928,BUY,LIMIT,997900,28
1813,271099130007,NEW,929,BUY,LIMIT,997800,26
1814,271246299338,NEW,930,BUY,LIMIT,997900,32
1815,271591414565,NEW,931,SELL,LIMIT,999800,25
1816,271612978921,NEW,932,BUY,LIMIT,997800,25
1817,271660153035,NEW,933,BUY,LIMIT,997300,30
1818,271699136155,NEW,934,BUY,LIMIT,997800,26
1819,271724778573,CANCEL,917,BUY,LIMIT,998200,25
1820,271762013580,CANCEL,895,BUY,LIMIT,997900,30
1821,271785115321,NEW,935,BUY,LIMIT,997900,26
1822,271805928003,CANCEL,873,SELL,LIMIT,999200,24
1823,272137586014,NEW,936,BUY,LIMIT,997300,29
1824,272333905253,CANCEL,859,BUY,LIMIT,997700,25
1825,272540598776,CANCEL,915,BUY,LIMIT,997800,43
1826,272710892692,NEW,937,SELL,LIMIT,999400,20
1827,272952209230,NEW,938,BUY,LIMIT,997600,32
1828,273013468333,CANCEL,890,BUY,LIMIT,998000,31
1829,273097195807,NEW,939,SELL,LIMIT,998700,28
1830,273218698894,NEW,940,BUY,LIMIT,998100,23
1831,273391524103,NEW,941,BUY,LIMIT,997200,25
1832,273479394837,CANCEL,897,BUY,LIMIT,997900,29
1833,273523344001,NEW,942,BUY,LIMIT,997800,2
1834,273613240785,CANCEL,800,BUY,LIMIT,997600,23
1835,273639795065,NEW,943,BUY,LIMIT,997700,24
1836,273648045005,CANCEL,908,SELL,LIMIT,999600,25
1837,273700195059,CANCEL,936,BUY,LIMIT,997300,29
1838,273728195662,CANCEL,853,BUY,LIMIT,997800,27
1839,273813159338,CANCEL,840,SELL,LIMIT,999400,33
1840,273854101652,NEW,944,SELL,LIMIT,999400,28
1841,273936369243,CANCEL,925,SELL,LIMIT,999300,25
1842,274093920119,CANCEL,928,BUY,LIMIT,997900,28
1843,274393651041,CANCEL,935,BUY,LIMIT,997900,26
1844,274555024732,CANCEL,941,BUY,LIMIT,997200,25
1845,275310187853,CANCEL,932,BUY,LIMIT,997800,25
1846,275930663637,CANCEL,900,SELL,LIMIT,1000000,25
1847,276009034220,NEW,945,BUY,LIMIT,998000,40
1848,276214591918,CANCEL,880,SELL,LIMIT,999900,23
1849,276451866564,CANCEL,911,SELL,LIMIT,1000000,23
1850,276545637115,CANCEL,872,BUY,LIMIT,998400,30
1851,276724626064,NEW,946,SELL,LIMIT,999100,28
1852,276732423924,NEW,947,SELL,LIMIT,998500,27
1853,276756797485,NEW,948,BUY,LIMIT,997700,25
1854,276874885452,CANCEL,912,BUY,LIMIT,997300,45
1855,277027990680,CANCEL,933,BUY,LIMIT,997300,30
1856,277044742911,CANCEL,668,SELL,LIMIT,999900,11
1857,277417690809,CANCEL,899,SELL,LIMIT,999600,25
1858,277493627182,CANCEL,920,SELL,LIMIT,998900,32
1859,277616847072,NEW,949,BUY,LIMIT,997700,14
1860,277709978784,NEW,950,BUY,LIMIT,997000,30
1861,277970018527,NEW,951,BUY,LIMIT,997300,24
1862,278075095451,CANCEL,951,BUY,LIMIT,997300,24
1863,278167711292,NEW,952,BUY,LIMIT,998200,27
1864,278305442542,NEW,953,BUY,LIMIT,997900,27
1865,278308883270,CANCEL,907,SELL,LIMIT,999300,48
1866,278310305755,NEW,954,BUY,LIMIT,997600,25
1867,278356417062,NEW,955,SELL,LIMIT,999200,26
1868,278471461682,CANCEL,914,BUY,LIMIT,998000,25
1869,278777154702,NEW,956,BUY,LIMIT,997400,29
1870,278798410252,CANCEL,902,BUY,LIMIT,998000,31
1871,278916980453,NEW,957,BUY,LIMIT,997500,100
1872,279147158632,NEW,958,SELL,LIMIT,999300,47
1873,279232473700,NEW,959,SELL,LIMIT,998800,40
1874,279546051151,NEW,960,SELL,LIMIT,998900,33
1875,279550080593,CANCEL,926,BUY,LIMIT,997300,26
1876,279646872896,NEW,961,BUY,LIMIT,997500,28
1877,279659356338,NEW,962,SELL,LIMIT,998900,28
1878,279759777924,NEW,963,SELL,LIMIT,999100,31
1879,279943570818,NEW,964,SELL,LIMIT,999100,23
1880,279966329519,NEW,965,SELL,LIMIT,999000,28
1881,280188144137,CANCEL,953,BUY,LIMIT,997900,27
1882,280259343318,CANCEL,922,SELL,LIMIT,999500,15
1883,280491318832,CANCEL,960,SELL,LIMIT,998900,33
1884,281004710974,NEW,966,SELL,LIMIT,999000,24
1885,281014719833,NEW,967,BUY,LIMIT,997600,34
1886,281165285416,CANCEL,843,BUY,LIMIT,998000,27
1887,281190093410,NEW,968,BUY,LIMIT,997300,18
1888,281309296670,CANCEL,945,BUY,LIMIT,998000,40
1889,281315419093,NEW,969,BUY,LIMIT,997400,30
1890,281395572350,CANCEL,957,BUY,LIMIT,997500,100
1891,281645667233,NEW,970,SELL,LIMIT,998500,27
1892,281710929781,CANCEL,952,BUY,LIMIT,998200,27
1893,281728701128,NEW,971,SELL,LIMIT,999600,30
1894,281931288347,CANCEL,913,SELL,LIMIT,999600,26
1895,282015850650,CANCEL,956,BUY,LIMIT,997400,29
1896,282196524147,CANCEL,930,BUY,LIMIT,997900,32
1897,282202789638,CANCEL,967,BUY,LIMIT,997600,34
1898,282353591622,NEW,972,BUY,LIMIT,997500,100
1899,282410308601,CANCEL,966,SELL,LIMIT,999000,24
1900,282473188776,CANCEL,940,BUY,LIMIT,998100,23
1901,282652509609,CANCEL,919,SELL,LIMIT,998900,26
1902,282906825888,CANCEL,938,BUY,LIMIT,997600,32
1903,283036572524,CANCEL,965,SELL,LIMIT,999000,28
1904,283175481195,CANCEL,963,SELL,LIMIT,999100,31
1905,283194626635,CANCEL,923,SELL,LIMIT,999500,6
1906,283540276197,CANCEL,972,BUY,LIMIT,997500,100
1907,283703500619,NEW,973,SELL,LIMIT,999000,27
1908,283707894474,NEW,974,SELL,LIMIT,999500,25
1909,283758062910,NEW,975,SELL,LIMIT,999500,45
1910,283973189342,CANCEL,964,SELL,LIMIT,999100,23
1911,284068496695,NEW,976,BUY,LIMIT,997600,12
1912,284110124500,CANCEL,946,SELL,LIMIT,999100,28
1913,284414358546,CANCEL,883,SELL,LIMIT,999400,27
1914,284437642932,CANCEL,974,SELL,LIMIT,999500,25
1915,284627953977,NEW,977,SELL,LIMIT,999500,26
1916,284823294741,NEW,978,BUY,LIMIT,997000,48
1917,284908639084,NEW,979,BUY,LIMIT,997100,31
1918,284956480285,NEW,980,BUY,LIMIT,997000,30
1919,284965441771,CANCEL,973,SELL,LIMIT,999000,27
1920,284974504785,CANCEL,980,BUY,LIMIT,997000,30
1921,285039636634,NEW,981,SELL,LIMIT,999200,25
1922,285046641034,NEW,982,BUY,LIMIT,997700,32
1923,285230609457,CANCEL,807,SELL,LIMIT,999000,24
1924,285369377720,CANCEL,949,BUY,LIMIT,997700,14
1925,285600548257,CANCEL,978,BUY,LIMIT,997000,48
1926,285743413344,CANCEL,961,BUY,LIMIT,997500,28
1927,285856316284,NEW,983,BUY,LIMIT,997500,27
1928,285904017109,CANCEL,955,SELL,LIMIT,999200,26
1929,286218449115,NEW,984,BUY,LIMIT,997000,26
1930,286236350216,CANCEL,970,SELL,LIMIT,998500,27
1931,286395244677,CANCEL,934,BUY,LIMIT,997800,26
1932,286464349158,CANCEL,959,SELL,LIMIT,998800,40
1933,286525507378,NEW,985,BUY,LIMIT,997800,27
1934,286580856588,CANCEL,918,BUY,LIMIT,997700,27
1935,286582005013,CANCEL,910,SELL,LIMIT,998800,34
1936,287052452150,NEW,986,BUY,LIMIT,997400,27
1937,287500347518,CANCEL,950,BUY,LIMIT,997000,30
1938,287654792142,NEW,987,SELL,LIMIT,998900,100
1939,287719104261,CANCEL,984,BUY,LIMIT,997000,26
1940,287850150415,CANCEL,947,SELL,LIMIT,998500,27
1941,288052959553,CANCEL,987,SELL,LIMIT,998900,100
1942,288130208616,CANCEL,929,BUY,LIMIT,997800,26
1943,288207871695,CANCEL,761,SELL,LIMIT,999100,28
1944,288622760405,NEW,988,BUY,LIMIT,997300,28
1945,288814895571,NEW,989,BUY,LIMIT,997400,27
1946,289118121063,NEW,990,BUY,LIMIT,997200,30
1947,289189469232,CANCEL,975,SELL,LIMIT,999500,45
1948,289294433225,NEW,991,SELL,LIMIT,999000,29
1949,289367685824,NEW,992,SELL,LIMIT,998800,48
1950,289430200576,NEW,993,BUY,LIMIT,997600,23
1951,289467993110,NEW,994,BUY,LIMIT,997400,34
1952,289587120343,NEW,995,SELL,LIMIT,999500,35
1953,289722512416,CANCEL,864,BUY,LIMIT,997300,30
1954,290201853797,CANCEL,979,BUY,LIMIT,997100,31
1955,290213611130,CANCEL,868,BUY,LIMIT,998000,32
1956,290385555758,NEW,996,BUY,LIMIT,997400,28
1957,290418783638,NEW,997,BUY,LIMIT,997800,30
1958,290485467480,CANCEL,990,BUY,LIMIT,997200,30
1959,290844171874,CANCEL,962,SELL,LIMIT,998900,28
1960,290921229339,NEW,998,BUY,LIMIT,998400,29
1961,290976075034,NEW,999,BUY,LIMIT,997700,25
1962,291227253297,CANCEL,981,SELL,LIMIT,999200,25
1963,291322719002,NEW,1000,BUY,LIMIT,997600,20
1964,291467327676,CANCEL,944,SELL,LIMIT,999400,28
1965,291592740179,NEW,1001,BUY,LIMIT,998100,35
1966,292011109616,NEW,1002,BUY,LIMIT,997500,26
1967,292110120971,CANCEL,939,SELL,LIMIT,998700,28
1968,292774320425,CANCEL,995,SELL,LIMIT,999500,35
1969,292998907928,NEW,1003,BUY,LIMIT,997800,19
1970,293344028490,CANCEL,931,SELL,LIMIT,999800,25
1971,293358838570,NEW,1004,SELL,LIMIT,999900,47
1972,293435311203,CANCEL,1004,SELL,LIMIT,999900,47
1973,293571445624,NEW,1005,SELL,LIMIT,999400,33
1974,293733481133,NEW,1006,BUY,LIMIT,997800,30
1975,293758174201,CANCEL,977,SELL,LIMIT,999500,26
1976,294176665479,NEW,1007,BUY,LIMIT,997300,23
1977,294199482564,CANCEL,1000,BUY,LIMIT,997600,20
1978,294279297779,NEW,1008,SELL,LIMIT,999200,23
1979,294316596126,NEW,1009,SELL,LIMIT,999100,25
1980,294567845789,NEW,1010,BUY,LIMIT,998200,40
1981,294768340010,NEW,1011,BUY,LIMIT,997300,32
1982,294900693294,CANCEL,1006,BUY,LIMIT,997800,30
1983,294963177970,NEW,1012,BUY,LIMIT,997800,25
1984,294966083325,CANCEL,976,BUY,LIMIT,997600,12
1985,295168446639,CANCEL,1001,BUY,LIMIT,998100,35
1986,295191549050,CANCEL,905,SELL,LIMIT,999300,30
1987,295194993047,CANCEL,943,BUY,LIMIT,997700,24
1988,295196587923,CANCEL,954,BUY,LIMIT,997600,25
1989,295313126468,NEW,1013,BUY,LIMIT,998100,32
1990,295340777227,NEW,1014,SELL,LIMIT,999100,31
1991,295657487521,CANCEL,982,BUY,LIMIT,997700,32
1992,295795624868,CANCEL,1007,BUY,LIMIT,997300,23
1993,296219733673,NEW,1015,SELL,LIMIT,999300,100
1994,296333427859,CANCEL,999,BUY,LIMIT,997700,25
1995,296369286051,CANCEL,1015,SELL,LIMIT,999300,100
1996,296489465405,NEW,1016,SELL,LIMIT,999200,28
1997,296497585335,CANCEL,983,BUY,LIMIT,997500,27
1998,296568673603,NEW,1017,BUY,LIMIT,997700,26
1999,296777671898,CANCEL,992,SELL,LIMIT,998800,48
2000,296884465908,NEW,1018,SELL,LIMIT,999900,30
2001,296908473091,CANCEL,1013,BUY,LIMIT,998100,32
2002,296992162445,NEW,1019,BUY,LIMIT,998100,20
2003,297136053423,CANCEL,969,BUY,LIMIT,997400,30
2004,297210728289,CANCEL,948,BUY,LIMIT,997700,25
2005,297278005609,NEW,1020,BUY,LIMIT,997900,31
2006,297684902644,NEW,1021,BUY,LIMIT,998100,10
2007,297923512895,CANCEL,1005,SELL,LIMIT,999400,33
2008,298209095721,CANCEL,1008,SELL,LIMIT,999200,23
2009,298225235088,NEW,1022,BUY,LIMIT,998100,25
2010,298351538003,CANCEL,958,SELL,LIMIT,999300,47
2011,298425801026,CANCEL,998,BUY,LIMIT,998400,29
2012,298550723413,NEW,1023,BUY,LIMIT,998200,29
2013,299173892138,CANCEL,1023,BUY,LIMIT,998200,29
2014,299185235105,NEW,1024,SELL,LIMIT,999100,54
2015,299415932733,NEW,1025,SELL,LIMIT,999100,30
2016,299448603238,NEW,1026,SELL,LIMIT,999700,40
2017,299614341226,CANCEL,1020,BUY,LIMIT,997900,31
2018,299762031246,NEW,1027,BUY,LIMIT,997800,100
2019,299963089701,NEW,1028,SELL,LIMIT,999000,20
2020,299965275458,NEW,1029,BUY,LIMIT,998000,23
2021,300225574598,CANCEL,1024,SELL,LIMIT,999100,54
2022,300347217167,CANCEL,1027,BUY,LIMIT,997800,100
2023,300650388883,CANCEL,997,BUY,LIMIT,997800,30
2024,300746931606,NEW,1030,SELL,LIMIT,999200,28
2025,301017705815,NEW,1031,SELL,LIMIT,999000,28
2026,301133806491,NEW,1032,SELL,LIMIT,998500,5
2027,301458373628,CANCEL,1017,BUY,LIMIT,997700,26
2028,301605606808,NEW,1033,BUY,LIMIT,997700,26
2029,301989365202,NEW,1034,BUY,LIMIT,997000,23
2030,302254992752,NEW,1035,BUY,LIMIT,997800,35
2031,302322828247,NEW,1036,SELL,LIMIT,999700,40
2032,302392310451,NEW,1037,SELL,LIMIT,999400,27
2033,302558185256,CANCEL,888,SELL,LIMIT,999400,30
2034,302683391331,CANCEL,1035,BUY,LIMIT,997800,35
2035,302787464497,NEW,1038,SELL,LIMIT,999200,30
2036,302861619677,NEW,1039,SELL,LIMIT,998500,23
2037,302921647916,CANCEL,767,BUY,LIMIT,998000,15
2038,303101485437,NEW,1040,SELL,LIMIT,999000,30
2039,303177797842,CANCEL,988,BUY,LIMIT,997300,28
2040,303230464394,NEW,1041,SELL,LIMIT,999200,23
2041,303285234379,NEW,1042,SELL,LIMIT,999000,28
2042,303434288716,CANCEL,989,BUY,LIMIT,997400,27
2043,303484206263,NEW,1043,BUY,LIMIT,997600,23
2044,303540940651,NEW,1044,SELL,LIMIT,999400,40
2045,303674840191,NEW,1045,SELL,LIMIT,999300,25
2046,303703375765,NEW,1046,SELL,LIMIT,999700,45
2047,303864994856,NEW,1047,SELL,LIMIT,999000,30
2048,304086966034,NEW,1048,SELL,LIMIT,998900,34
2049,304092027790,NEW,1049,SELL,LIMIT,998900,21
2050,304269296525,CANCEL,1025,SELL,LIMIT,999100,30
2051,304326104558,NEW,1050,BUY,LIMIT,997000,40
2052,304415027920,NEW,1051,SELL,LIMIT,999100,24
2053,304708215980,CANCEL,1043,BUY,LIMIT,997600,23
2054,304887211255,CANCEL,1026,SELL,LIMIT,999700,40
2055,305076932388,NEW,1052,BUY,LIMIT,997700,30
2056,305575364345,NEW,1053,SELL,LIMIT,999300,29
2057,305721853696,CANCEL,1040,SELL,LIMIT,999000,30
2058,305806300480,NEW,1054,BUY,LIMIT,997000,28
2059,305862996551,CANCEL,1028,SELL,LIMIT,999000,20
2060,305932274452,NEW,1055,BUY,LIMIT,997900,24
2061,306269918360,CANCEL,1018,SELL,LIMIT,999900,30
2062,306300436388,NEW,1056,BUY,LIMIT,997300,27
2063,306435559273,CANCEL,971,SELL,LIMIT,999600,30
2064,306685639394,NEW,1057,BUY,LIMIT,997600,23
2065,306780537980,CANCEL,1037,SELL,LIMIT,999400,27
2066,306789636284,CANCEL,1047,SELL,LIMIT,999000,30
2067,306874836442,NEW,1058,BUY,LIMIT,997700,34
2068,307187458617,CANCEL,968,BUY,LIMIT,997300,18
2069,307325734468,NEW,1059,SELL,LIMIT,999700,30
2070,307546672685,CANCEL,1041,SELL,LIMIT,999200,23
2071,307716973992,NEW,1060,BUY,LIMIT,997400,45
2072,307761733867,CANCEL,1011,BUY,LIMIT,997300,32
2073,307835538555,NEW,1061,SELL,LIMIT,999000,31
2074,307858627095,CANCEL,1046,SELL,LIMIT,999700,45
2075,307988972012,CANCEL,1045,SELL,LIMIT,999300,25
2076,308072190989,NEW,1062,SELL,LIMIT,999000,28
2077,308231958051,NEW,1063,BUY,LIMIT,998000,5
2078,308292277915,NEW,1064,BUY,MARKET,,18
2079,308292277915,CANCEL,1032,SELL,LIMIT,998500,5
2080,308292277915,REDUCE,1039,SELL,LIMIT,998500,10
2081,308299308926,CANCEL,1038,SELL,LIMIT,999200,30
2082,308450161782,CANCEL,1042,SELL,LIMIT,999000,28
2083,308466175501,CANCEL,1055,BUY,LIMIT,997900,24
2084,308610931210,CANCEL,1051,SELL,LIMIT,999100,24
2085,308656072508,NEW,1065,BUY,LIMIT,998000,25
2086,308979025202,CANCEL,991,SELL,LIMIT,999000,29
2087,309020963057,CANCEL,1056,BUY,LIMIT,997300,27
2088,309400979061,CANCEL,1058,BUY,LIMIT,997700,34
2089,309509928587,NEW,1066,SELL,LIMIT,998900,100
2090,309532083732,NEW,1067,SELL,LIMIT,999100,30
2091,309552655844,NEW,1068,SELL,LIMIT,998900,40
2092,310040156294,CANCEL,1054,BUY,LIMIT,997000,28
2093,310341439517,NEW,1069,SELL,LIMIT,999100,33
2094,310424900374,CANCEL,1069,SELL,LIMIT,999100,33
2095,310477277641,CANCEL,1010,BUY,LIMIT,998200,40
2096,310619708309,NEW,1070,BUY,LIMIT,997500,32
2097,310847514449,CANCEL,1066,SELL,LIMIT,998900,100
2098,311165231770,NEW,1071,SELL,LIMIT,998700,28
2099,311196235065,CANCEL,996,BUY,LIMIT,997400,28
2100,311207973439,CANCEL,1034,BUY,LIMIT,997000,23
2101,311387765801,CANCEL,994,BUY,LIMIT,997400,34
2102,311599429511,NEW,1072,BUY,LIMIT,997600,31
2103,311855152807,NEW,1073,SELL,LIMIT,998800,32
2104,311906473681,NEW,1074,BUY,LIMIT,997500,32
2105,312066420001,CANCEL,1022,BUY,LIMIT,998100,25
2106,312239105594,CANCEL,1068,SELL,LIMIT,998900,40
2107,312263071383,NEW,1075,SELL,LIMIT,999200,27
2108,312392425523,NEW,1076,SELL,LIMIT,999200,24
2109,312436825854,CANCEL,1052,BUY,LIMIT,997700,30
2110,312501268072,CANCEL,1036,SELL,LIMIT,999700,40
2111,312753446149,NEW,1077,SELL,LIMIT,999200,31
2112,312825914393,NEW,1078,BUY,LIMIT,997800,20
2113,313002143094,CANCEL,1053,SELL,LIMIT,999300,29
2114,313135607456,NEW,1079,SELL,LIMIT,998800,27
2115,313159326595,CANCEL,1061,SELL,LIMIT,999000,31
2116,313758473462,NEW,1080,BUY,LIMIT,997000,40
2117,313869033939,CANCEL,986,BUY,LIMIT,997400,27
2118,314017701727,NEW,1081,BUY,LIMIT,997400,26
2119,314057168346,NEW,1082,SELL,LIMIT,998900,35
2120,314089349986,CANCEL,1060,BUY,LIMIT,997400,45
2121,314173453988,NEW,1083,BUY,LIMIT,997600,25
2122,314189708427,CANCEL,1003,BUY,LIMIT,997800,19
2123,314554519181,CANCEL,1048,SELL,LIMIT,998900,34
2124,314555827626,NEW,1084,BUY,LIMIT,998300,30
2125,314638448375,CANCEL,1081,BUY,LIMIT,997400,26
2126,314647144362,CANCEL,1067,SELL,LIMIT,999100,30
2127,315031089988,CANCEL,1074,BUY,LIMIT,997500,32
2128,315131027721,NEW,1085,BUY,LIMIT,997800,27
2129,315132222814,CANCEL,1057,BUY,LIMIT,997600,23
2130,315325575223,NEW,1086,SELL,LIMIT,999200,27
2131,315334334158,CANCEL,1077,SELL,LIMIT,999200,31
2132,315461950274,NEW,1087,BUY,LIMIT,997300,23
2133,315676678075,NEW,1088,SELL,LIMIT,999800,23
2134,316003597586,NEW,1089,BUY,LIMIT,997600,30
2135,316047680493,NEW,1090,BUY,LIMIT,997700,24
2136,316120268207,CANCEL,1049,SELL,LIMIT,998900,21
2137,316361428743,CANCEL,1033,BUY,LIMIT,997700,26
2138,316395535794,CANCEL,1059,SELL,LIMIT,999700,30
2139,316478461190,CANCEL,1050,BUY,LIMIT,997000,40
2140,316554873436,NEW,1091,BUY,LIMIT,997300,8
2141,317007110331,NEW,1092,BUY,LIMIT,997500,23
2142,317144975056,CANCEL,1070,BUY,LIMIT,997500,32
2143,317192792336,NEW,1093,BUY,LIMIT,997500,30
2144,317271360057,NEW,1094,SELL,LIMIT,999200,31
2145,317308107926,CANCEL,1089,BUY,LIMIT,997600,30
2146,317320383447,NEW,1095,SELL,LIMIT,998900,29
2147,317624444043,CANCEL,1073,SELL,LIMIT,998800,32
2148,317642148469,CANCEL,1082,SELL,LIMIT,998900,35
2149,318079951085,NEW,1096,BUY,LIMIT,997400,30
2150,318215200057,CANCEL,1092,BUY,LIMIT,997500,23
2151,319232671888,CANCEL,1072,BUY,LIMIT,997600,31
2152,319241017501,NEW,1097,BUY,LIMIT,997400,40
2153,319326483722,CANCEL,1088,SELL,LIMIT,999800,23
2154,319501933105,NEW,1098,BUY,LIMIT,997600,27
2155,319681239827,NEW,1099,BUY,LIMIT,997600,23
2156,319978329310,NEW,1100,SELL,LIMIT,999100,25
2157,320200589754,NEW,1101,BUY,LIMIT,997500,29
2158,320435467470,NEW,1102,SELL,LIMIT,999200,43
2159,320718422782,NEW,1103,SELL,LIMIT,998800,28
2160,320725973194,NEW,1104,BUY,LIMIT,997600,49
2161,320793973523,NEW,1105,BUY,LIMIT,997700,32
2162,320877076690,NEW,1106,BUY,LIMIT,997700,34
2163,321322911772,CANCEL,1083,BUY,LIMIT,997600,25
2164,321369473764,NEW,1107,SELL,LIMIT,999800,30
2165,321680878035,NEW,1108,SELL,LIMIT,999400,25
2166,321833592009,NEW,1109,SELL,LIMIT,999200,23
2167,321856907818,NEW,1110,SELL,LIMIT,999100,28
2168,321961441816,NEW,1111,SELL,LIMIT,998700,27
2169,322128596788,CANCEL,1029,BUY,LIMIT,998000,23
2170,322269045118,NEW,1112,SELL,LIMIT,999800,33
2171,322514182078,NEW,1113,BUY,LIMIT,997000,45
2172,322581397065,NEW,1114,SELL,LIMIT,998600,20
2173,322651911616,CANCEL,1031,SELL,LIMIT,999000,28
2174,322653129219,CANCEL,1080,BUY,LIMIT,997000,40
2175,322979769402,CANCEL,1076,SELL,LIMIT,999200,24
2176,323267081518,CANCEL,1113,BUY,LIMIT,997000,45
2177,323295294797,CANCEL,1012,BUY,LIMIT,997800,25
2178,323458090089,CANCEL,1110,SELL,LIMIT,999100,28
2179,323586332163,CANCEL,1102,SELL,LIMIT,999200,43
2180,323615671471,NEW,1115,SELL,LIMIT,999300,27
2181,324044001192,CANCEL,1105,BUY,LIMIT,997700,32
2182,324084214854,CANCEL,1075,SELL,LIMIT,999200,27
2183,324134749944,CANCEL,1084,BUY,LIMIT,998300,30
2184,324139259542,CANCEL,1044,SELL,LIMIT,999400,40
2185,324537397113,NEW,1116,SELL,LIMIT,998500,40
2186,324562911030,CANCEL,1104,BUY,LIMIT,997600,49
2187,324570683025,CANCEL,1078,BUY,LIMIT,997800,20
2188,324727556873,NEW,1117,SELL,LIMIT,998700,100
2189,324996394388,CANCEL,1019,BUY,LIMIT,998100,20
2190,325227946864,CANCEL,1115,SELL,LIMIT,999300,27
2191,325570103427,NEW,1118,BUY,LIMIT,997400,28
2192,325619369296,CANCEL,937,SELL,LIMIT,999400,20
2193,325981457862,CANCEL,1107,SELL,LIMIT,999800,30
2194,326213290034,NEW,1119,SELL,LIMIT,998800,24
2195,326509540897,NEW,1120,BUY,LIMIT,997700,14
2196,326757075429,NEW,1121,BUY,LIMIT,997700,26
2197,326791881130,CANCEL,1117,SELL,LIMIT,998700,100
2198,326820064268,CANCEL,1097,BUY,LIMIT,997400,40
2199,327074685790,NEW,1122,SELL,LIMIT,998800,30
2200,327149458308,CANCEL,1093,BUY,LIMIT,997500,30
2201,327221521273,NEW,1123,BUY,LIMIT,998300,31
2202,327417493284,NEW,1124,BUY,LIMIT,998000,30
2203,327451035035,CANCEL,1079,SELL,LIMIT,998800,27
2204,327454820428,CANCEL,1116,SELL,LIMIT,998500,40
2205,327591694500,CANCEL,1101,BUY,LIMIT,997500,29
2206,327898931130,NEW,1125,BUY,MARKET,,2
2207,327898931130,REDUCE,1039,SELL,LIMIT,998500,8
2208,328036439344,NEW,1126,SELL,LIMIT,999100,30
2209,328119547382,NEW,1127,BUY,LIMIT,997400,28
2210,328122039808,NEW,1128,SELL,LIMIT,999200,24
2211,328191449311,CANCEL,1086,SELL,LIMIT,999200,27
2212,328378681290,CANCEL,1062,SELL,LIMIT,999000,28
2213,328418192500,CANCEL,1121,BUY,LIMIT,997700,26
2214,328494119549,CANCEL,1109,SELL,LIMIT,999200,23
2215,328841999195,NEW,1129,BUY,LIMIT,997800,29
2216,329048617964,NEW,1130,BUY,LIMIT,997200,30
2217,329675783551,CANCEL,1129,BUY,LIMIT,997800,29
2218,329782084293,NEW,1131,SELL,LIMIT,999100,31
2219,329900099199,CANCEL,1065,BUY,LIMIT,998000,25
2220,329919041504,NEW,1132,SELL,LIMIT,999500,34
2221,330178275743,NEW,1133,BUY,LIMIT,998000,30
2222,330554618693,NEW,1134,BUY,LIMIT,997600,10
2223,330615774670,NEW,1135,BUY,LIMIT,997800,44
2224,330775218258,NEW,1136,SELL,LIMIT,999700,28
2225,331052798294,NEW,1137,SELL,LIMIT,999100,40
2226,331157653708,NEW,1138,BUY,LIMIT,997600,27
2227,331336863079,CANCEL,1106,BUY,LIMIT,997700,34
2228,331399311732,CANCEL,1071,SELL,LIMIT,998700,28
2229,331414123544,CANCEL,985,BUY,LIMIT,997800,27
2230,331512639046,NEW,1139,BUY,LIMIT,997400,29
2231,331838982773,CANCEL,1009,SELL,LIMIT,999100,25
2232,331918703735,NEW,1140,SELL,LIMIT,999300,26
2233,331944541155,NEW,1141,BUY,LIMIT,997900,100
2234,331975909584,NEW,1142,SELL,LIMIT,998900,18
2235,332019871473,NEW,1143,BUY,LIMIT,997000,21
2236,332263687302,NEW,1144,BUY,LIMIT,997500,30
2237,332313958345,NEW,1145,BUY,LIMIT,997400,40
2238,332432213057,NEW,1146,BUY,LIMIT,997700,29
2239,332770158973,CANCEL,1094,SELL,LIMIT,999200,31
2240,332809582570,CANCEL,1145,BUY,LIMIT,997400,40
2241,333038181822,CANCEL,1085,BUY,LIMIT,997800,27
2242,333442010234,NEW,1147,BUY,LIMIT,997500,26
2243,333837437754,CANCEL,1100,SELL,LIMIT,999100,25
2244,333877246231,CANCEL,1122,SELL,LIMIT,998800,30
2245,334128080463,CANCEL,1132,SELL,LIMIT,999500,34
2246,334315372418,NEW,1148,SELL,LIMIT,999400,27
2247,334319632099,CANCEL,1128,SELL,LIMIT,999200,24
2248,334342341385,NEW,1149,BUY,LIMIT,997400,30
2249,334373304270,NEW,1150,SELL,LIMIT,999800,30
2250,334417449911,NEW,1151,BUY,LIMIT,997000,29
2251,334605429757,CANCEL,1130,BUY,LIMIT,997200,30
2252,334764738381,NEW,1152,BUY,LIMIT,997200,28
2253,335238771883,CANCEL,1111,SELL,LIMIT,998700,27
2254,335247546511,NEW,1153,SELL,LIMIT,999200,28
2255,335780706533,CANCEL,1095,SELL,LIMIT,998900,29
2256,335813632395,CANCEL,1141,BUY,LIMIT,997900,100
2257,335926956290,NEW,1154,BUY,LIMIT,997900,34
2258,335974487902,CANCEL,1119,SELL,LIMIT,998800,24
2259,336006872389,CANCEL,1118,BUY,LIMIT,997400,28
2260,336023058950,CANCEL,1016,SELL,LIMIT,999200,28
2261,336080543631,CANCEL,1108,SELL,LIMIT,999400,25
2262,336181901650,NEW,1155,BUY,LIMIT,997500,32
2263,336182040805,CANCEL,1155,BUY,LIMIT,997500,32
2264,336307643153,NEW,1156,BUY,LIMIT,997100,30
2265,336362521724,CANCEL,1123,BUY,LIMIT,998300,31
2266,336405401210,CANCEL,1030,SELL,LIMIT,999200,28
2267,336543775443,CANCEL,1152,BUY,LIMIT,997200,28
2268,336846127279,NEW,1157,SELL,LIMIT,999100,27
2269,337341964574,NEW,1158,SELL,LIMIT,999000,29
2270,337391716076,CANCEL,1143,BUY,LIMIT,997000,21
2271,337626896714,NEW,1159,SELL,LIMIT,998400,100
2272,337767784101,CANCEL,1159,SELL,LIMIT,998400,100
2273,337869330206,NEW,1160,BUY,LIMIT,997600,27
2274,337965588889,CANCEL,1127,BUY,LIMIT,997400,28
2275,337972115466,NEW,1161,BUY,LIMIT,997800,45
2276,338012947601,NEW,1162,SELL,LIMIT,998500,27
2277,338052460766,CANCEL,1091,BUY,LIMIT,997300,8
2278,338104081094,CANCEL,1135,BUY,LIMIT,997800,44
2279,338234006978,NEW,1163,BUY,LIMIT,997800,28
2280,338291224926,CANCEL,1158,SELL,LIMIT,999000,29
2281,338404626204,NEW,1164,BUY,LIMIT,997700,29
2282,338436284416,NEW,1165,SELL,LIMIT,999100,29
2283,338464359207,NEW,1166,BUY,LIMIT,997300,27
2284,338474564981,NEW,1167,SELL,LIMIT,998400,29
2285,338580994999,CANCEL,1112,SELL,LIMIT,999800,33
2286,338730649767,NEW,1168,SELL,LIMIT,998700,30
2287,338737830798,NEW,1169,SELL,LIMIT,999200,25
2288,338803616403,CANCEL,1098,BUY,LIMIT,997600,27
2289,338869279075,CANCEL,1134,BUY,LIMIT,997600,10
2290,338946301310,NEW,1170,BUY,LIMIT,997800,26
2291,339002765939,NEW,1171,BUY,LIMIT,996900,27
2292,339087453106,CANCEL,1165,SELL,LIMIT,999100,29
2293,339175551756,NEW,1172,SELL,LIMIT,999100,32
2294,339226893889,NEW,1173,SELL,LIMIT,998900,47
2295,339235612371,NEW,1174,BUY,LIMIT,997700,29
2296,339316512092,CANCEL,1170,BUY,LIMIT,997800,26
2297,339387224645,CANCEL,1136,SELL,LIMIT,999700,28
2298,339827518845,NEW,1175,BUY,LIMIT,997400,31
2299,339876464885,CANCEL,1096,BUY,LIMIT,997400,30
2300,340047411541,NEW,1176,BUY,LIMIT,997400,34
2301,340163993816,CANCEL,1160,BUY,LIMIT,997600,27
2302,340254067592,CANCEL,1014,SELL,LIMIT,999100,31
2303,340255881817,NEW,1177,SELL,LIMIT,999200,29
2304,340266529024,NEW,1178,BUY,LIMIT,997100,20
2305,340458050271,CANCEL,1169,SELL,LIMIT,999200,25
2306,340482059055,CANCEL,1137,SELL,LIMIT,999100,40
2307,340507597618,CANCEL,1124,BUY,LIMIT,998000,30
2308,340812879078,CANCEL,1161,BUY,LIMIT,997800,45
2309,341016621364,CANCEL,1167,SELL,LIMIT,998400,29
2310,341176481052,CANCEL,1173,SELL,LIMIT,998900,47
2311,341262143954,NEW,1179,SELL,LIMIT,999100,40
2312,341373483898,CANCEL,1099,BUY,LIMIT,997600,23
2313,341378770809,NEW,1180,SELL,LIMIT,998300,27
2314,341825019064,NEW,1181,BUY,LIMIT,997500,28
2315,341998718215,CANCEL,1147,BUY,LIMIT,997500,26
2316,342294940407,CANCEL,1133,BUY,LIMIT,998000,30
2317,342296616047,NEW,1182,SELL,LIMIT,999200,32
2318,342298732150,NEW,1183,BUY,LIMIT,997300,30
2319,342356581323,CANCEL,1164,BUY,LIMIT,997700,29
2320,342506605369,CANCEL,1126,SELL,LIMIT,999100,30
2321,342832452109,NEW,1184,SELL,LIMIT,999000,23
2322,343228084504,CANCEL,1146,BUY,LIMIT,997700,29
2323,343322424192,CANCEL,1144,BUY,LIMIT,997500,30
2324,343379478176,NEW,1185,BUY,LIMIT,997300,30
2325,343524309352,NEW,1186,SELL,LIMIT,998700,23
2326,343569797494,NEW,1187,SELL,LIMIT,999000,54
2327,343589435004,CANCEL,1183,BUY,LIMIT,997300,30
2328,344039477693,NEW,1188,BUY,LIMIT,997500,49
2329,344320009263,NEW,1189,BUY,LIMIT,997600,38
2330,344423920117,NEW,1190,SELL,LIMIT,999600,32
2331,344581449203,CANCEL,1149,BUY,LIMIT,997400,30
2332,344737281201,NEW,1191,SELL,LIMIT,999200,40
2333,344835602009,NEW,1192,BUY,LIMIT,998000,30
2334,344888814124,CANCEL,1189,BUY,LIMIT,997600,38
2335,345051692154,NEW,1193,BUY,MARKET,,100
2336,345051692154,CANCEL,1180,SELL,LIMIT,998300,27
2337,345051692154,CANCEL,1039,SELL,LIMIT,998500,8
2338,345051692154,CANCEL,1162,SELL,LIMIT,998500,27
2339,345051692154,CANCEL,1114,SELL,LIMIT,998600,20
2340,345051692154,REDUCE,1168,SELL,LIMIT,998700,12
2341,345347873047,CANCEL,1174,BUY,LIMIT,997700,29
2342,345410775154,CANCEL,1188,BUY,LIMIT,997500,49
2343,345416702285,NEW,1194,SELL,LIMIT,999000,33
2344,345480764348,NEW,1195,SELL,LIMIT,999200,23
2345,345732487465,CANCEL,1166,BUY,LIMIT,997300,27
2346,345775242100,NEW,1196,BUY,LIMIT,997900,36
2347,345947878983,NEW,1197,SELL,LIMIT,998400,30
2348,346598937554,NEW,1198,BUY,LIMIT,997500,48
2349,346747266200,CANCEL,1138,BUY,LIMIT,997600,27
2350,346798397009,CANCEL,1181,BUY,LIMIT,997500,28
2351,347413095864,CANCEL,1090,BUY,LIMIT,997700,24
2352,347590497576,NEW,1199,BUY,LIMIT,996900,35
2353,347973435299,NEW,1200,BUY,LIMIT,997400,27
2354,348016915675,CANCEL,1198,BUY,LIMIT,997500,48
2355,348085692799,CANCEL,1191,SELL,LIMIT,999200,40
2356,348153168718,CANCEL,1175,BUY,LIMIT,997400,31
2357,348449961769,CANCEL,1192,BUY,LIMIT,998000,30
2358,348676878740,NEW,1201,BUY,LIMIT,998100,40
2359,348936785593,NEW,1202,BUY,LIMIT,997700,32
2360,348988506918,CANCEL,1172,SELL,LIMIT,999100,32
2361,349079394476,NEW,1203,BUY,LIMIT,997300,21
2362,349224610335,NEW,1204,BUY,LIMIT,996900,28
2363,349226494522,NEW,1205,SELL,LIMIT,999200,28
2364,349264476748,CANCEL,1154,BUY,LIMIT,997900,34
2365,349291681756,CANCEL,1204,BUY,LIMIT,996900,28
2366,349378121012,CANCEL,1179,SELL,LIMIT,999100,40
2367,349413227375,NEW,1206,BUY,LIMIT,997600,40
2368,349459035466,CANCEL,1148,SELL,LIMIT,999400,27
2369,349470098033,NEW,1207,SELL,LIMIT,998900,24
2370,349712495989,NEW,1208,BUY,LIMIT,997500,23
2371,350379405059,CANCEL,1205,SELL,LIMIT,999200,28
2372,350514258636,CANCEL,1187,SELL,LIMIT,999000,54
2373,350582208763,NEW,1209,SELL,LIMIT,998900,23
2374,351270232235,NEW,1210,BUY,LIMIT,997500,35
2375,351598000622,CANCEL,1200,BUY,LIMIT,997400,27
2376,351665311169,NEW,1211,SELL,LIMIT,999000,32
2377,351718230663,NEW,1212,SELL,LIMIT,999600,24
2378,351752357377,CANCEL,1171,BUY,LIMIT,996900,27
2379,352056151709,CANCEL,1139,BUY,LIMIT,997400,29
2380,352139660762,CANCEL,1197,SELL,LIMIT,998400,30
2381,352159887316,CANCEL,1195,SELL,LIMIT,999200,23
2382,352206816244,CANCEL,1140,SELL,LIMIT,999300,26
2383,352239823737,CANCEL,1163,BUY,LIMIT,997800,28
2384,352349473325,NEW,1213,SELL,LIMIT,999000,23
2385,352716033564,NEW,1214,SELL,LIMIT,999000,29
2386,352753210470,NEW,1215,SELL,LIMIT,999100,23
2387,352939014693,NEW,1216,BUY,LIMIT,997800,26
2388,352955868504,NEW,1217,SELL,LIMIT,999600,38
2389,353081837464,CANCEL,1210,BUY,LIMIT,997500,35
2390,353297341485,CANCEL,1211,SELL,LIMIT,999000,32
2391,353350154413,CANCEL,1190,SELL,LIMIT,999600,32
2392,353424429292,CANCEL,1182,SELL,LIMIT,999200,32
2393,353618812017,NEW,1218,SELL,LIMIT,999100,32
2394,353624998720,CANCEL,1156,BUY,LIMIT,997100,30
2395,353631889176,NEW,1219,BUY,LIMIT,997900,28
2396,353645351633,NEW,1220,SELL,LIMIT,998900,22
2397,353722368089,CANCEL,1176,BUY,LIMIT,997400,34
2398,353791306684,CANCEL,1177,SELL,LIMIT,999200,29
2399,353989332426,CANCEL,1151,BUY,LIMIT,997000,29
2400,354057983850,CANCEL,1220,SELL,LIMIT,998900,22
2401,354147723000,CANCEL,1120,BUY,LIMIT,997700,14
2402,354181798076,CANCEL,1199,BUY,LIMIT,996900,35
2403,354352361150,NEW,1221,BUY,LIMIT,997800,23
2404,354384667218,NEW,1222,BUY,LIMIT,997800,25
2405,354443580186,NEW,1223,BUY,LIMIT,997600,29
2406,354473115332,CANCEL,1213,SELL,LIMIT,999000,23
2407,354953940577,NEW,1224,SELL,LIMIT,998700,31
2408,356006999965,NEW,1225,SELL,LIMIT,999000,48
2409,356015594936,NEW,1226,BUY,LIMIT,997800,33
2410,356094920383,NEW,1227,BUY,LIMIT,998000,26
2411,356153462769,NEW,1228,BUY,LIMIT,997900,28
2412,356249215161,CANCEL,1103,SELL,LIMIT,998800,28
2413,356313948808,NEW,1229,SELL,LIMIT,999600,34
2414,356612640965,CANCEL,1214,SELL,LIMIT,999000,29
2415,356728071512,CANCEL,1203,BUY,LIMIT,997300,21
2416,356864582799,CANCEL,1153,SELL,LIMIT,999200,28
2417,357124335464,NEW,1230,BUY,LIMIT,997500,10
2418,357317080467,NEW,1231,BUY,LIMIT,997700,40
2419,357378295288,NEW,1232,BUY,LIMIT,998400,33
2420,357494108534,CANCEL,1228,BUY,LIMIT,997900,28
2421,357897050318,CANCEL,1226,BUY,LIMIT,997800,33
2422,358257530026,NEW,1233,SELL,LIMIT,999300,31
2423,358260658277,CANCEL,1229,SELL,LIMIT,999600,34
2424,358317781180,NEW,1234,BUY,LIMIT,997600,100
2425,358398820904,NEW,1235,SELL,LIMIT,999500,27
2426,358434917198,NEW,1236,SELL,LIMIT,999900,34
2427,358765180285,CANCEL,1202,BUY,LIMIT,997700,32
2428,358871874764,CANCEL,1231,BUY,LIMIT,997700,40
2429,358893504556,NEW,1237,SELL,LIMIT,999300,29
2430,358913636880,NEW,1238,BUY,LIMIT,997600,26
2431,358947139556,NEW,1239,SELL,LIMIT,999200,20
2432,359494307157,CANCEL,1196,BUY,LIMIT,997900,36
2433,359552188872,NEW,1240,SELL,LIMIT,999000,25
2434,359659181738,NEW,1241,BUY,LIMIT,998400,30
2435,359802955045,CANCEL,1021,BUY,LIMIT,998100,10
2436,359889950238,NEW,1242,SELL,LIMIT,999300,25
2437,360028728953,CANCEL,1223,BUY,LIMIT,997600,29
2438,360072997596,CANCEL,1225,SELL,LIMIT,999000,48
2439,360226709220,CANCEL,1234,BUY,LIMIT,997600,100
2440,360747294093,CANCEL,1185,BUY,LIMIT,997300,30
2441,360914994429,NEW,1243,BUY,LIMIT,998000,48
2442,360989380715,CANCEL,1236,SELL,LIMIT,999900,34
2443,361313505775,CANCEL,1219,BUY,LIMIT,997900,28
2444,361352090886,CANCEL,1217,SELL,LIMIT,999600,38
2445,361405517006,NEW,1244,BUY,LIMIT,998200,30
2446,361405776576,NEW,1245,SELL,LIMIT,999900,26
2447,361557769289,CANCEL,1201,BUY,LIMIT,998100,40
2448,361612187801,CANCEL,1186,SELL,LIMIT,998700,23
2449,361647968851,NEW,1246,BUY,LIMIT,997800,35
2450,361682043545,CANCEL,1244,BUY,LIMIT,998200,30
2451,361766639941,NEW,1247,SELL,LIMIT,999100,38
2452,361889056651,CANCEL,1246,BUY,LIMIT,997800,35
2453,361895511211,NEW,1248,BUY,LIMIT,997800,28
2454,362080251545,CANCEL,1216,BUY,LIMIT,997800,26
2455,362250115553,NEW,1249,BUY,LIMIT,997900,30
2456,362358399466,NEW,1250,BUY,LIMIT,997700,23
2457,362399729842,NEW,1251,BUY,LIMIT,998400,24
2458,362637868003,CANCEL,1087,BUY,LIMIT,997300,23
2459,362734419291,NEW,1252,BUY,LIMIT,997600,30
2460,362867692407,CANCEL,1222,BUY,LIMIT,997800,25
2461,363177740365,CANCEL,1221,BUY,LIMIT,997800,23
2462,363213683851,NEW,1253,BUY,LIMIT,998300,23
2463,363350805745,NEW,1254,SELL,LIMIT,999300,34
2464,363377960542,CANCEL,1233,SELL,LIMIT,999300,31
2465,363533388172,CANCEL,1239,SELL,LIMIT,999200,20
2466,363561194141,NEW,1255,SELL,LIMIT,999300,29
2467,363620813946,NEW,1256,BUY,LIMIT,998100,27
2468,363904476124,NEW,1257,BUY,LIMIT,997600,28
2469,363969533374,NEW,1258,SELL,LIMIT,999100,40
2470,364015590276,CANCEL,1241,BUY,LIMIT,998400,30
2471,364061030581,NEW,1259,SELL,LIMIT,999900,28
2472,364131515536,NEW,1260,SELL,LIMIT,999400,31
2473,364540131033,NEW,1261,BUY,LIMIT,998000,23
2474,364542141626,CANCEL,1237,SELL,LIMIT,999300,29
2475,365028477106,CANCEL,1238,BUY,LIMIT,997600,26
2476,365142386389,CANCEL,1258,SELL,LIMIT,999100,40
2477,365189216066,CANCEL,1212,SELL,LIMIT,999600,24
2478,365241571101,CANCEL,1150,SELL,LIMIT,999800,30
2479,365447906991,CANCEL,1184,SELL,LIMIT,999000,23
2480,365473701886,CANCEL,1254,SELL,LIMIT,999300,34
2481,365588003445,NEW,1262,BUY,LIMIT,997700,28
2482,365655186888,NEW,1263,BUY,LIMIT,997900,28
2483,365940020912,CANCEL,1256,BUY,LIMIT,998100,27
2484,366021262844,CANCEL,1251,BUY,LIMIT,998400,24
2485,366117505498,NEW,1264,BUY,LIMIT,997200,40
2486,366272799733,CANCEL,1250,BUY,LIMIT,997700,23
2487,366421136881,CANCEL,1249,BUY,LIMIT,997900,30
2488,366481645903,NEW,1265,BUY,LIMIT,997900,34
2489,366494301637,NEW,1266,SELL,LIMIT,999100,34
2490,366702258839,NEW,1267,BUY,LIMIT,997800,26
2491,366781105633,NEW,1268,BUY,LIMIT,998100,25
2492,366882610189,CANCEL,1268,BUY,LIMIT,998100,25
2493,366962407580,CANCEL,1265,BUY,LIMIT,997900,34
2494,367060948351,NEW,1269,SELL,LIMIT,999300,32
2495,367213330438,NEW,1270,SELL,LIMIT,998800,24
2496,367313267305,CANCEL,1266,SELL,LIMIT,999100,34
2497,367382341941,NEW,1271,BUY,LIMIT,997900,25
2498,367445285385,CANCEL,1243,BUY,LIMIT,998000,48
2499,367717072757,CANCEL,1218,SELL,LIMIT,999100,32
2500,367892734529,CANCEL,993,BUY,LIMIT,997600,23
2501,367898260650,CANCEL,1142,SELL,LIMIT,998900,18
2502,367968015145,CANCEL,1224,SELL,LIMIT,998700,31
2503,368092963696,CANCEL,1255,SELL,LIMIT,999300,29
2504,368226325241,CANCEL,1270,SELL,LIMIT,998800,24
2505,368269513024,NEW,1272,BUY,LIMIT,998000,27
2506,368312478320,NEW,1273,SELL,LIMIT,999200,33
2507,368413555279,NEW,1274,SELL,LIMIT,999900,100
2508,368459009387,CANCEL,1274,SELL,LIMIT,999900,100
2509,369141202125,CANCEL,1253,BUY,LIMIT,998300,23
2510,369194659689,CANCEL,1260,SELL,LIMIT,999400,31
2511,369275521175,CANCEL,1273,SELL,LIMIT,999200,33
2512,369310851909,CANCEL,1232,BUY,LIMIT,998400,33
2513,369586518973,CANCEL,1247,SELL,LIMIT,999100,38
2514,369617771647,CANCEL,1261,BUY,LIMIT,998000,23
2515,369904355211,NEW,1275,SELL,LIMIT,999000,30
2516,370331910549,NEW,1276,SELL,LIMIT,999000,40
2517,370442845021,NEW,1277,BUY,LIMIT,997700,25
2518,370499800372,CANCEL,1252,BUY,LIMIT,997600,30
2519,370738880858,CANCEL,1264,BUY,LIMIT,997200,40
2520,371044642006,CANCEL,1248,BUY,LIMIT,997800,28
2521,371357037260,CANCEL,1267,BUY,LIMIT,997800,26
2522,371520999116,CANCEL,1271,BUY,LIMIT,997900,25
2523,371730697085,NEW,1278,BUY,LIMIT,998200,40
2524,371856989609,CANCEL,1194,SELL,LIMIT,999000,33
2525,371902671890,CANCEL,1272,BUY,LIMIT,998000,27
2526,372056524465,NEW,1279,SELL,LIMIT,999200,24
2527,372150859592,CANCEL,1259,SELL,LIMIT,999900,28
2528,372339152641,NEW,1280,BUY,LIMIT,997600,100
2529,372573884391,CANCEL,1208,BUY,LIMIT,997500,23
2530,372653159493,CANCEL,1206,BUY,LIMIT,997600,40
2531,372761248874,CANCEL,1209,SELL,LIMIT,998900,23
2532,372946502198,NEW,1281,SELL,LIMIT,998900,44
2533,372970920735,NEW,1282,BUY,LIMIT,997900,25
2534,373379763382,CANCEL,1282,BUY,LIMIT,997900,25
2535,373488086387,NEW,1283,SELL,LIMIT,999300,29
2536,373548526802,CANCEL,1230,BUY,LIMIT,997500,10
2537,373607975253,NEW,1284,BUY,LIMIT,997800,30
2538,373802819159,CANCEL,1002,BUY,LIMIT,997500,26
2539,373898351523,CANCEL,1131,SELL,LIMIT,999100,31
2540,373988454143,NEW,1285,SELL,LIMIT,999200,30
2541,374294006763,NEW,1286,SELL,LIMIT,999700,40
2542,374539015553,NEW,1287,SELL,LIMIT,998500,35
2543,374748095835,CANCEL,1280,BUY,LIMIT,997600,100
2544,374822498127,CANCEL,1269,SELL,LIMIT,999300,32
2545,375258863977,NEW,1288,BUY,LIMIT,997700,23
2546,375296158966,CANCEL,1275,SELL,LIMIT,999000,30
2547,375703275907,NEW,1289,SELL,LIMIT,999300,30
2548,375856474894,CANCEL,1279,SELL,LIMIT,999200,24
2549,375991778938,NEW,1290,BUY,LIMIT,997500,27
2550,376044092070,CANCEL,1288,BUY,LIMIT,997700,23
2551,376214306181,CANCEL,1245,SELL,LIMIT,999900,26
2552,376404390022,NEW,1291,SELL,LIMIT,999000,31
2553,376455816663,CANCEL,1289,SELL,LIMIT,999300,30
2554,376883392652,CANCEL,1287,SELL,LIMIT,998500,35
2555,377142827251,NEW,1292,SELL,LIMIT,999200,27
2556,377473461904,NEW,1293,SELL,LIMIT,998900,35
2557,377537742817,NEW,1294,BUY,LIMIT,997700,32
2558,377579119982,NEW,1295,SELL,LIMIT,999100,28
2559,377723264670,CANCEL,1293,SELL,LIMIT,998900,35
2560,377967581332,NEW,1296,BUY,LIMIT,998400,21
2561,378084653477,NEW,1297,SELL,LIMIT,999000,26
2562,378269010677,CANCEL,1262,BUY,LIMIT,997700,28
2563,378346324046,NEW,1298,SELL,LIMIT,999100,27
2564,378362421633,NEW,1299,BUY,LIMIT,997700,5
2565,378383278154,CANCEL,1292,SELL,LIMIT,999200,27
2566,378484908749,CANCEL,1227,BUY,LIMIT,998000,26
2567,379320729249,CANCEL,1281,SELL,LIMIT,998900,44
2568,379421966429,CANCEL,1294,BUY,LIMIT,997700,32
2569,379425928671,NEW,1300,BUY,LIMIT,997700,33
2570,379466846346,NEW,1301,BUY,LIMIT,997200,24
2571,379801457927,NEW,1302,SELL,LIMIT,998800,31
2572,379864928853,NEW,1303,BUY,LIMIT,997700,4
2573,380076243776,NEW,1304,BUY,LIMIT,998000,28
2574,380447314435,NEW,1305,BUY,LIMIT,998400,16
2575,380773341509,CANCEL,1240,SELL,LIMIT,999000,25
2576,380798307514,NEW,1306,SELL,LIMIT,999300,28
2577,380852538853,NEW,1307,BUY,LIMIT,997700,30
2578,381012570441,CANCEL,1306,SELL,LIMIT,999300,28
2579,381318252138,NEW,1308,SELL,LIMIT,999500,48
2580,381413492746,CANCEL,1290,BUY,LIMIT,997500,27
2581,381483928229,CANCEL,1285,SELL,LIMIT,999200,30
2582,382220875740,CANCEL,1300,BUY,LIMIT,997700,33
2583,382812387867,NEW,1309,BUY,LIMIT,998000,25
2584,383281547342,CANCEL,1304,BUY,LIMIT,998000,28
2585,383379008409,CANCEL,1257,BUY,LIMIT,997600,28
2586,383455077652,CANCEL,1308,SELL,LIMIT,999500,48
2587,383634179283,NEW,1310,BUY,LIMIT,997600,40
2588,383695106253,CANCEL,1215,SELL,LIMIT,999100,23
2589,383885098231,NEW,1311,BUY,LIMIT,997700,27
2590,383955603895,CANCEL,1301,BUY,LIMIT,997200,24
2591,383992869351,NEW,1312,BUY,LIMIT,997900,26
2592,384364430529,NEW,1313,SELL,LIMIT,999200,30
2593,384932037264,NEW,1314,SELL,LIMIT,999200,44
2594,385173345300,NEW,1315,SELL,LIMIT,999100,26
2595,385184253137,NEW,1316,BUY,LIMIT,997600,32
2596,385224146127,CANCEL,1178,BUY,LIMIT,997100,20
2597,385274704417,NEW,1317,SELL,LIMIT,999500,13
2598,385691642194,NEW,1318,BUY,LIMIT,998100,100
2599,385722011110,NEW,1319,SELL,LIMIT,999400,29
2600,385743305367,NEW,1320,SELL,LIMIT,999900,30
2601,385875323687,CANCEL,1157,SELL,LIMIT,999100,27
2602,385878141509,NEW,1321,BUY,LIMIT,998000,30
2603,385931631623,NEW,1322,BUY,LIMIT,997200,30
2604,386181218982,NEW,1323,SELL,LIMIT,999200,28
2605,386192264920,CANCEL,1307,BUY,LIMIT,997700,30
2606,386243426481,CANCEL,1309,BUY,LIMIT,998000,25
2607,386430143226,NEW,1324,SELL,LIMIT,999300,33
2608,386489947110,CANCEL,1278,BUY,LIMIT,998200,40
2609,386579199218,CANCEL,1284,BUY,LIMIT,997800,30
2610,386727800932,CANCEL,1295,SELL,LIMIT,999100,28
2611,386769486784,CANCEL,1298,SELL,LIMIT,999100,27
2612,386783588226,NEW,1325,SELL,LIMIT,998800,27
2613,386870125002,NEW,1326,BUY,LIMIT,997500,20
2614,387010978992,NEW,1327,BUY,LIMIT,997600,35
2615,387504168801,CANCEL,1286,SELL,LIMIT,999700,40
2616,387504965199,CANCEL,1321,BUY,LIMIT,998000,30
2617,387515043324,CANCEL,1311,BUY,LIMIT,997700,27
2618,387823573333,CANCEL,1319,SELL,LIMIT,999400,29
2619,387904241973,NEW,1328,BUY,LIMIT,997800,30
2620,387921636552,NEW,1329,SELL,LIMIT,999300,30
2621,388346978493,CANCEL,1327,BUY,LIMIT,997600,35
2622,388397759540,CANCEL,1323,SELL,LIMIT,999200,28
2623,388445733583,CANCEL,1296,BUY,LIMIT,998400,21
2624,388532695239,NEW,1330,SELL,LIMIT,999200,25
2625,388557858922,NEW,1331,SELL,LIMIT,999500,30
2626,388773397280,NEW,1332,BUY,LIMIT,997400,31
2627,388875595672,CANCEL,1314,SELL,LIMIT,999200,44
2628,389107799177,CANCEL,1276,SELL,LIMIT,999000,40
2629,389422708762,NEW,1333,BUY,LIMIT,997400,32
2630,389465056657,CANCEL,942,BUY,LIMIT,997800,2
2631,389608113760,CANCEL,1330,SELL,LIMIT,999200,25
2632,389747293586,NEW,1334,BUY,LIMIT,997400,26
2633,390119941560,CANCEL,1302,SELL,LIMIT,998800,31
2634,390459674257,NEW,1335,SELL,LIMIT,998800,24
2635,390476783853,NEW,1336,SELL,LIMIT,999000,35
2636,390484450013,NEW,1337,SELL,LIMIT,999900,11
2637,390514666280,NEW,1338,SELL,LIMIT,999200,23
2638,390674136772,CANCEL,1318,BUY,LIMIT,998100,100
2639,390842582659,NEW,1339,SELL,LIMIT,999900,31
2640,391094151457,CANCEL,1324,SELL,LIMIT,999300,33
2641,391398872863,CANCEL,1336,SELL,LIMIT,999000,35
2642,391483063899,NEW,1340,BUY,LIMIT,997700,25
2643,391793842901,CANCEL,1242,SELL,LIMIT,999300,25
2644,391943695030,CANCEL,1316,BUY,LIMIT,997600,32
2645,392326770796,CANCEL,1334,BUY,LIMIT,997400,26
2646,392393674818,CANCEL,1207,SELL,LIMIT,998900,24
2647,392410297915,NEW,1341,BUY,LIMIT,997900,47
2648,392523229534,NEW,1342,SELL,LIMIT,999200,29
2649,392546286870,CANCEL,1297,SELL,LIMIT,999000,26
2650,392877908026,NEW,1343,SELL,LIMIT,999000,32
2651,393141520150,NEW,1344,SELL,LIMIT,999800,31
2652,393148437165,CANCEL,1313,SELL,LIMIT,999200,30
2653,393258069304,NEW,1345,BUY,LIMIT,997600,32
2654,393308668897,NEW,1346,BUY,LIMIT,997900,23
2655,393408548015,NEW,1347,BUY,LIMIT,998100,40
2656,393440038076,CANCEL,1346,BUY,LIMIT,997900,23
2657,393486817904,CANCEL,1341,BUY,LIMIT,997900,47
2658,393490707901,CANCEL,1343,SELL,LIMIT,999000,32
2659,393821868086,CANCEL,1235,SELL,LIMIT,999500,27
2660,393906782728,CANCEL,1331,SELL,LIMIT,999500,30
2661,394130035564,NEW,1348,SELL,LIMIT,999300,29
2662,394294179060,CANCEL,1348,SELL,LIMIT,999300,29
2663,394451711350,NEW,1349,BUY,LIMIT,998100,27
2664,394589255277,NEW,1350,SELL,LIMIT,999000,24
2665,394869477057,CANCEL,1168,SELL,LIMIT,998700,12
2666,395182164724,NEW,1351,BUY,LIMIT,998600,25
2667,395241740059,CANCEL,1338,SELL,LIMIT,999200,23
2668,395438859770,CANCEL,1349,BUY,LIMIT,998100,27
2669,395474939877,NEW,1352,BUY,LIMIT,997300,45
2670,395494534112,NEW,1353,BUY,LIMIT,997800,17
2671,395978915906,NEW,1354,SELL,LIMIT,999400,27
2672,396021714356,NEW,1355,BUY,LIMIT,998000,40
2673,396142151941,NEW,1356,BUY,LIMIT,997800,45
2674,396338592720,NEW,1357,BUY,LIMIT,997900,31
2675,396508615655,NEW,1358,BUY,LIMIT,997700,30
2676,396759258103,CANCEL,1277,BUY,LIMIT,997700,25
2677,396872740161,NEW,1359,BUY,LIMIT,997700,23
2678,397026158103,CANCEL,1342,SELL,LIMIT,999200,29
2679,397047339927,CANCEL,1352,BUY,LIMIT,997300,45
2680,397163124973,NEW,1360,BUY,LIMIT,997700,31
2681,397169327772,CANCEL,1347,BUY,LIMIT,998100,40
2682,397177178787,NEW,1361,BUY,LIMIT,997700,33
2683,397271452404,NEW,1362,BUY,LIMIT,997800,31
2684,397366732800,NEW,1363,BUY,LIMIT,997300,29
2685,397387989776,CANCEL,1328,BUY,LIMIT,997800,30
2686,397422850836,CANCEL,1359,BUY,LIMIT,997700,23
2687,397466761016,NEW,1364,SELL,LIMIT,999300,30
2688,397745478371,CANCEL,1322,BUY,LIMIT,997200,30
2689,397757257707,CANCEL,1263,BUY,LIMIT,997900,28
2690,397776532223,CANCEL,1357,BUY,LIMIT,997900,31
2691,397925700919,CANCEL,1310,BUY,LIMIT,997600,40
2692,398088976622,NEW,1365,SELL,MARKET,,28
2693,398088976622,CANCEL,1351,BUY,LIMIT,998600,25
2694,398088976622,REDUCE,1305,BUY,LIMIT,998400,13
2695,398091957202,NEW,1366,BUY,MARKET,,1
2696,398091957202,REDUCE,1325,SELL,LIMIT,998800,26
2697,398093635251,NEW,1367,SELL,MARKET,,100
2698,398093635251,CANCEL,1305,BUY,LIMIT,998400,13
2699,398093635251,CANCEL,1063,BUY,LIMIT,998000,5
2700,398093635251,CANCEL,1355,BUY,LIMIT,998000,40
2701,398093635251,CANCEL,1312,BUY,LIMIT,997900,26
2702,398093635251,REDUCE,1353,BUY,LIMIT,997800,1
2703,398215942224,NEW,1368,BUY,LIMIT,998000,26
2704,398224655653,NEW,1369,BUY,LIMIT,997800,25
2705,398349711155,NEW,1370,SELL,LIMIT,998900,26
2706,398614091743,CANCEL,1315,SELL,LIMIT,999100,26
2707,399073510902,CANCEL,1363,BUY,LIMIT,997300,29
2708,399203824838,NEW,1371,SELL,LIMIT,999000,32
2709,399446399136,NEW,1372,SELL,LIMIT,999500,20
2710,399543191706,NEW,1373,SELL,LIMIT,998800,54
2711,399758067565,NEW,1374,SELL,LIMIT,998900,28
2712,400029839175,CANCEL,1354,SELL,LIMIT,999400,27
2713,400473727465,NEW,1375,SELL,LIMIT,999200,30
2714,400508994821,CANCEL,1320,SELL,LIMIT,999900,30
2715,400523518384,NEW,1376,BUY,LIMIT,997300,32
2716,400551942536,NEW,1377,BUY,LIMIT,998400,30
2717,400578430403,NEW,1378,BUY,LIMIT,997300,23
2718,400588881610,CANCEL,1356,BUY,LIMIT,997800,45
2719,400998877215,CANCEL,1339,SELL,LIMIT,999900,31
2720,401132794667,NEW,1379,SELL,LIMIT,998700,100
2721,401137795423,CANCEL,1326,BUY,LIMIT,997500,20
2722,401216936049,NEW,1380,BUY,LIMIT,997800,28
2723,401485812917,NEW,1381,SELL,LIMIT,999300,28
2724,401502977330,CANCEL,1376,BUY,LIMIT,997300,32
2725,401514705654,CANCEL,1362,BUY,LIMIT,997800,31
2726,401572986164,NEW,1382,BUY,LIMIT,997800,34
2727,401872015181,NEW,1383,SELL,LIMIT,999400,23
2728,401996003686,NEW,1384,SELL,LIMIT,999200,27
2729,402091051442,NEW,1385,SELL,LIMIT,999600,27
2730,402241168285,NEW,1386,BUY,LIMIT,997900,30
2731,402361477866,CANCEL,1317,SELL,LIMIT,999500,13
2732,402558691109,CANCEL,1379,SELL,LIMIT,998700,100
2733,403267292875,NEW,1387,BUY,LIMIT,997700,30
2734,403326219652,CANCEL,1325,SELL,LIMIT,998800,26
2735,403454119460,CANCEL,1358,BUY,LIMIT,997700,30
2736,403544302848,NEW,1388,BUY,LIMIT,997300,30
2737,403558830983,CANCEL,1369,BUY,LIMIT,997800,25
2738,403776526867,NEW,1389,SELL,LIMIT,999000,32
2739,403867340162,NEW,1390,SELL,LIMIT,999200,23
2740,403905601254,NEW,1391,SELL,MARKET,,20
2741,403905601254,REDUCE,1377,BUY,LIMIT,998400,10
2742,404520750621,NEW,1392,BUY,LIMIT,998300,25
2743,405020997282,NEW,1393,SELL,LIMIT,999400,29
2744,405074603532,CANCEL,1383,SELL,LIMIT,999400,23
2745,405279281851,CANCEL,1390,SELL,LIMIT,999200,23
2746,405541323401,NEW,1394,SELL,LIMIT,998700,26
2747,405775140359,NEW,1395,BUY,LIMIT,998100,31
2748,405850928964,CANCEL,1360,BUY,LIMIT,997700,31
2749,406000980197,NEW,1396,BUY,LIMIT,997800,33
2750,406041483680,CANCEL,1337,SELL,LIMIT,999900,11
2751,406047495307,CANCEL,1364,SELL,LIMIT,999300,30
2752,406235363469,NEW,1397,BUY,LIMIT,997900,40
2753,406573977849,NEW,1398,SELL,LIMIT,998800,40
2754,406608375914,CANCEL,1374,SELL,LIMIT,998900,28
2755,406691384456,CANCEL,1303,BUY,LIMIT,997700,4
2756,406754497997,CANCEL,1332,BUY,LIMIT,997400,31
2757,406886901121,NEW,1399,SELL,LIMIT,999500,26
2758,406993344418,NEW,1400,BUY,LIMIT,998000,3
2759,407049930043,NEW,1401,BUY,LIMIT,997700,100
2760,407181828421,NEW,1402,BUY,LIMIT,997900,28
2761,407478125122,CANCEL,1373,SELL,LIMIT,998800,54
2762,407664135859,CANCEL,1344,SELL,LIMIT,999800,31
2763,407713921065,NEW,1403,SELL,LIMIT,998800,30
2764,407818836148,NEW,1404,BUY,LIMIT,998000,31
2765,407919083635,NEW,1405,SELL,LIMIT,999100,31
2766,407984608927,CANCEL,1392,BUY,LIMIT,998300,25
2767,408161543064,CANCEL,1398,SELL,LIMIT,998800,40
2768,408219584626,CANCEL,1384,SELL,LIMIT,999200,27
2769,408330119974,NEW,1406,SELL,LIMIT,999100,31
2770,408516964942,NEW,1407,BUY,LIMIT,997200,23
2771,408550162063,NEW,1408,BUY,LIMIT,997500,600
2772,408814972462,CANCEL,1408,BUY,LIMIT,997500,600
2773,408821164401,CANCEL,1396,BUY,LIMIT,997800,33
2774,408938261995,CANCEL,1397,BUY,LIMIT,997900,40
2775,409232098114,NEW,1409,BUY,LIMIT,997200,32
2776,409350597347,NEW,1410,BUY,LIMIT,997800,25
2777,409499133091,NEW,1411,BUY,LIMIT,997500,30
2778,409680722620,NEW,1412,SELL,LIMIT,999000,24
2779,409846094355,CANCEL,1371,SELL,LIMIT,999000,32
2780,410256256370,CANCEL,1329,SELL,LIMIT,999300,30
2781,410319538414,NEW,1413,SELL,LIMIT,999900,26
2782,410376237968,NEW,1414,BUY,LIMIT,997600,28
2783,410384004324,CANCEL,1393,SELL,LIMIT,999400,29
2784,410472763973,CANCEL,1399,SELL,LIMIT,999500,26
2785,410583356320,CANCEL,1361,BUY,LIMIT,997700,33
2786,410633786786,CANCEL,1400,BUY,LIMIT,998000,3
2787,410691925399,NEW,1415,BUY,LIMIT,997700,33
2788,410715849694,CANCEL,1409,BUY,LIMIT,997200,32
2789,410744566687,CANCEL,1401,BUY,LIMIT,997700,100
2790,410857758070,NEW,1416,SELL,LIMIT,999500,35
2791,411218148841,CANCEL,1414,BUY,LIMIT,997600,28
2792,411411272360,NEW,1417,BUY,LIMIT,997700,29
2793,411862196256,NEW,1418,BUY,LIMIT,998000,1
2794,413032326599,NEW,1419,BUY,LIMIT,998100,20
2795,413209822845,CANCEL,1419,BUY,LIMIT,998100,20
2796,413549098196,NEW,1420,BUY,LIMIT,997200,28
2797,413572919759,NEW,1421,SELL,LIMIT,999500,24
2798,413611591890,CANCEL,1370,SELL,LIMIT,998900,26
2799,413897623505,NEW,1422,BUY,LIMIT,997900,23
2800,413931304138,CANCEL,1387,BUY,LIMIT,997700,30
2801,414087783706,CANCEL,1345,BUY,LIMIT,997600,32
2802,414203552720,NEW,1423,SELL,LIMIT,999300,32
2803,414214198525,CANCEL,1410,BUY,LIMIT,997800,25
2804,414268833729,NEW,1424,SELL,LIMIT,999200,48
2805,414696828843,NEW,1425,SELL,LIMIT,999200,100
2806,414752210275,CANCEL,1422,BUY,LIMIT,997900,23
2807,414950024440,NEW,1426,SELL,LIMIT,999300,32
2808,415013509467,CANCEL,1350,SELL,LIMIT,999000,24
2809,415104119994,CANCEL,1411,BUY,LIMIT,997500,30
2810,415110689003,NEW,1427,BUY,LIMIT,998100,25
2811,415183834159,CANCEL,1425,SELL,LIMIT,999200,100
2812,415301795333,CANCEL,1340,BUY,LIMIT,997700,25
2813,415361563222,CANCEL,1423,SELL,LIMIT,999300,32
2814,415484435798,CANCEL,1389,SELL,LIMIT,999000,32
2815,415588717747,NEW,1428,SELL,LIMIT,999100,28
2816,415623659492,CANCEL,1402,BUY,LIMIT,997900,28
2817,415699122257,NEW,1429,SELL,LIMIT,999500,40
2818,415797285152,CANCEL,1421,SELL,LIMIT,999500,24
2819,415921477415,NEW,1430,BUY,LIMIT,997700,35
2820,416058365049,CANCEL,1412,SELL,LIMIT,999000,24
2821,416086484046,CANCEL,1415,BUY,LIMIT,997700,33
2822,416311085597,CANCEL,1386,BUY,LIMIT,997900,30
2823,416553804820,CANCEL,1375,SELL,LIMIT,999200,30
2824,416641036125,CANCEL,1283,SELL,LIMIT,999300,29
2825,416858723293,NEW,1431,BUY,LIMIT,997200,44
2826,417065938609,CANCEL,1429,SELL,LIMIT,999500,40
2827,417157453531,CANCEL,1377,BUY,LIMIT,998400,10
2828,417268286822,CANCEL,1416,SELL,LIMIT,999500,35
2829,417401557948,NEW,1432,BUY,LIMIT,997900,32
2830,417574089681,NEW,1433,BUY,LIMIT,997200,100
2831,417577588918,NEW,1434,SELL,LIMIT,998700,34
2832,417678323150,CANCEL,1433,BUY,LIMIT,997200,100
2833,417702339970,NEW,1435,SELL,LIMIT,998700,25
2834,417918815722,CANCEL,1430,BUY,LIMIT,997700,35
2835,418227792659,CANCEL,1403,SELL,LIMIT,998800,30
2836,418277962883,CANCEL,1431,BUY,LIMIT,997200,44
2837,418532510451,NEW,1436,SELL,LIMIT,998900,27
2838,418919097844,CANCEL,1424,SELL,LIMIT,999200,48
2839,418936858836,NEW,1437,SELL,LIMIT,998700,30
2840,419034353861,CANCEL,1434,SELL,LIMIT,998700,34
2841,419692032279,CANCEL,1417,BUY,LIMIT,997700,29
2842,419930374985,NEW,1438,SELL,LIMIT,999200,32
2843,420252693939,CANCEL,1426,SELL,LIMIT,999300,32
2844,420389244979,CANCEL,1435,SELL,LIMIT,998700,25
2845,420396278800,CANCEL,1395,BUY,LIMIT,998100,31
2846,420522600829,CANCEL,1405,SELL,LIMIT,999100,31
2847,420529301525,CANCEL,1385,SELL,LIMIT,999600,27
2848,420617091889,NEW,1439,BUY,LIMIT,997300,28
2849,420632216465,NEW,1440,SELL,LIMIT,998800,26
2850,421273351560,CANCEL,1439,BUY,LIMIT,997300,28
2851,421351754393,NEW,1441,BUY,LIMIT,997900,27
2852,421380406511,CANCEL,1438,SELL,LIMIT,999200,32
2853,421501996470,NEW,1442,BUY,LIMIT,997700,24
2854,421577253075,CANCEL,1432,BUY,LIMIT,997900,32
2855,421876733938,CANCEL,1407,BUY,LIMIT,997200,23
2856,422229962151,NEW,1443,BUY,LIMIT,997500,47
2857,422378762983,NEW,1444,SELL,LIMIT,999600,32
2858,422481842232,CANCEL,1378,BUY,LIMIT,997300,23
2859,422879592058,NEW,1445,BUY,LIMIT,997900,24
2860,422903633881,CANCEL,1404,BUY,LIMIT,998000,31
2861,423224025424,CANCEL,1413,SELL,LIMIT,999900,26
2862,423357069939,NEW,1446,SELL,LIMIT,999600,45
2863,423777442481,CANCEL,1335,SELL,LIMIT,998800,24
2864,424505659959,NEW,1447,BUY,LIMIT,997800,44
2865,424545312083,CANCEL,1443,BUY,LIMIT,997500,47
2866,424597191644,CANCEL,1420,BUY,LIMIT,997200,28
2867,424667046452,NEW,1448,BUY,LIMIT,997700,40
2868,424668180548,NEW,1449,SELL,LIMIT,998900,30
2869,424677283638,CANCEL,1449,SELL,LIMIT,998900,30
2870,424765719993,CANCEL,1446,SELL,LIMIT,999600,45
2871,424807487376,NEW,1450,BUY,LIMIT,997800,26
2872,425263247588,NEW,1451,BUY,LIMIT,997200,29
2873,425275587741,NEW,1452,SELL,LIMIT,998900,34
2874,425531515337,NEW,1453,SELL,LIMIT,998900,38
2875,425636924805,NEW,1454,SELL,LIMIT,998700,24
2876,425753710606,CANCEL,1444,SELL,LIMIT,999600,32
2877,426144958275,NEW,1455,SELL,LIMIT,999100,35
2878,426419565750,CANCEL,1448,BUY,LIMIT,997700,40
2879,426734371987,NEW,1456,SELL,LIMIT,999100,23
2880,426874847289,NEW,1457,BUY,LIMIT,997800,23
2881,426982837539,NEW,1458,BUY,LIMIT,997600,31
2882,426984180233,NEW,1459,SELL,LIMIT,998900,28
2883,427641754150,CANCEL,1450,BUY,LIMIT,997800,26
2884,427655264825,NEW,1460,BUY,LIMIT,997400,25
2885,427809160607,NEW,1461,SELL,LIMIT,999000,38
2886,428499784480,NEW,1462,SELL,LIMIT,998500,100
2887,428715158457,NEW,1463,SELL,LIMIT,999000,21
2888,428871435118,CANCEL,1455,SELL,LIMIT,999100,35
2889,428930104579,CANCEL,1457,BUY,LIMIT,997800,23
2890,429132946019,CANCEL,1445,BUY,LIMIT,997900,24
2891,429736650986,CANCEL,1388,BUY,LIMIT,997300,30
2892,430302466284,CANCEL,1462,SELL,LIMIT,998500,100
2893,430460881861,CANCEL,1461,SELL,LIMIT,999000,38
2894,430477194112,CANCEL,1452,SELL,LIMIT,998900,34
2895,430719355116,NEW,1464,BUY,LIMIT,997800,32
2896,430796087805,CANCEL,1372,SELL,LIMIT,999500,20
2897,430848645479,CANCEL,1333,BUY,LIMIT,997400,32
2898,431030457104,CANCEL,1458,BUY,LIMIT,997600,31
2899,431528692415,CANCEL,1453,SELL,LIMIT,998900,38
2900,431571782550,NEW,1465,SELL,LIMIT,998800,40
2901,431610210733,CANCEL,1380,BUY,LIMIT,997800,28
2902,431807879353,CANCEL,1382,BUY,LIMIT,997800,34
2903,431882245039,NEW,1466,SELL,LIMIT,999000,25
2904,431936255366,NEW,1467,SELL,LIMIT,999100,30
2905,432097934228,NEW,1468,SELL,LIMIT,999200,23
2906,432530319004,NEW,1469,SELL,LIMIT,998200,27
2907,432771451243,NEW,1470,SELL,LIMIT,999000,4
2908,432805054300,NEW,1471,BUY,LIMIT,997700,26
2909,433073134812,NEW,1472,SELL,LIMIT,998900,96
2910,433330035484,CANCEL,1466,SELL,LIMIT,999000,25
2911,433525755549,NEW,1473,SELL,LIMIT,998600,30
2912,433844919824,NEW,1474,SELL,LIMIT,998900,28
2913,434032027217,CANCEL,1464,BUY,LIMIT,997800,32
2914,434173679377,CANCEL,1471,BUY,LIMIT,997700,26
2915,434353406671,NEW,1475,SELL,LIMIT,999000,27
2916,434379633621,CANCEL,1406,SELL,LIMIT,999100,31
2917,434658406339,CANCEL,1381,SELL,LIMIT,999300,28
2918,434972752775,NEW,1476,BUY,LIMIT,996700,23
2919,435041974100,NEW,1477,SELL,LIMIT,998900,28
2920,435108201836,NEW,1478,SELL,LIMIT,998700,40
2921,435254811903,CANCEL,1463,SELL,LIMIT,999000,21
2922,435609204701,CANCEL,1454,SELL,LIMIT,998700,24
2923,435643543330,CANCEL,1465,SELL,LIMIT,998800,40
2924,435888675456,NEW,1479,BUY,LIMIT,998000,29
2925,436719342128,CANCEL,1469,SELL,LIMIT,998200,27
2926,436952838943,NEW,1480,SELL,LIMIT,999100,26
2927,437239451249,NEW,1481,BUY,LIMIT,997100,24
2928,437241399512,CANCEL,1467,SELL,LIMIT,999100,30
2929,437621629544,CANCEL,1468,SELL,LIMIT,999200,23
2930,437915128193,NEW,1482,SELL,LIMIT,999100,28
2931,437964894575,NEW,1483,SELL,LIMIT,998800,24
2932,438586094082,NEW,1484,BUY,LIMIT,998000,40
2933,438623070342,NEW,1485,BUY,LIMIT,997400,26
2934,438973345881,CANCEL,1472,SELL,LIMIT,998900,96
2935,439255029177,NEW,1486,BUY,LIMIT,997900,25
2936,439397078379,CANCEL,1291,SELL,LIMIT,999000,31
2937,439402236610,CANCEL,1440,SELL,LIMIT,998800,26
2938,439408006337,NEW,1487,BUY,LIMIT,997800,31
2939,439463723126,NEW,1488,BUY,LIMIT,997800,7
2940,439592076266,NEW,1489,SELL,LIMIT,999100,29
2941,439738112515,CANCEL,1483,SELL,LIMIT,998800,24
2942,439885415764,CANCEL,1368,BUY,LIMIT,998000,26
2943,439891537073,NEW,1490,SELL,LIMIT,998700,31
2944,439921770879,NEW,1491,BUY,LIMIT,997500,25
2945,439927102456,CANCEL,1484,BUY,LIMIT,998000,40
2946,440011216058,CANCEL,1476,BUY,LIMIT,996700,23
2947,440324936246,NEW,1492,BUY,LIMIT,997100,45
2948,440549313328,CANCEL,1486,BUY,LIMIT,997900,25
2949,440701477174,NEW,1493,BUY,LIMIT,997100,28
2950,440810707436,NEW,1494,SELL,LIMIT,998900,26
2951,440840473974,NEW,1495,SELL,LIMIT,999100,30
2952,441505718956,CANCEL,1493,BUY,LIMIT,997100,28
2953,441613647343,NEW,1496,BUY,LIMIT,997100,32
2954,441729309244,NEW,1497,BUY,LIMIT,997700,40
2955,441834471920,CANCEL,1479,BUY,LIMIT,998000,29
2956,442484744839,CANCEL,1492,BUY,LIMIT,997100,45
2957,442899739606,NEW,1498,SELL,LIMIT,999600,31
2958,442948658029,NEW,1499,SELL,LIMIT,999600,30
2959,442963303762,NEW,1500,BUY,LIMIT,997100,30
2960,443015927570,NEW,1501,SELL,LIMIT,999600,20
2961,443078976794,NEW,1502,BUY,LIMIT,997500,31
2962,443171384049,NEW,1503,BUY,LIMIT,998000,29
2963,443204456518,CANCEL,1475,SELL,LIMIT,999000,27
2964,443249555334,CANCEL,1447,BUY,LIMIT,997800,44
2965,443267146426,CANCEL,1442,BUY,LIMIT,997700,24
2966,443416057649,NEW,1504,BUY,LIMIT,997800,30
2967,443702619177,NEW,1505,SELL,LIMIT,999000,47
2968,444064344340,CANCEL,1501,SELL,LIMIT,999600,20
2969,444201655581,CANCEL,1495,SELL,LIMIT,999100,30
2970,444390832148,CANCEL,1394,SELL,LIMIT,998700,26
2971,444573640901,NEW,1506,BUY,LIMIT,997300,30
2972,445048639436,CANCEL,1497,BUY,LIMIT,997700,40
2973,445201849453,CANCEL,1499,SELL,LIMIT,999600,30
2974,445208523175,NEW,1507,SELL,LIMIT,998700,38
2975,445349716532,NEW,1508,BUY,LIMIT,997800,25
2976,445488279254,CANCEL,1508,BUY,LIMIT,997800,25
2977,445691200556,CANCEL,1490,SELL,LIMIT,998700,31
2978,445808322430,CANCEL,1498,SELL,LIMIT,999600,31
2979,446096639832,NEW,1509,SELL,LIMIT,999300,38
2980,446218289208,NEW,1510,BUY,LIMIT,997100,40
2981,446224237277,CANCEL,1509,SELL,LIMIT,999300,38
2982,446339494418,NEW,1511,SELL,LIMIT,998500,31
2983,446752548485,CANCEL,1477,SELL,LIMIT,998900,28
2984,446762589788,NEW,1512,BUY,LIMIT,997500,24
2985,446841866443,CANCEL,1500,BUY,LIMIT,997100,30
2986,446851705878,CANCEL,1478,SELL,LIMIT,998700,40
2987,447247835054,NEW,1513,SELL,LIMIT,999000,100
2988,447309966047,CANCEL,1494,SELL,LIMIT,998900,26
2989,447322647893,NEW,1514,SELL,LIMIT,998900,28
2990,447437544151,NEW,1515,SELL,LIMIT,999000,26
2991,447457647958,CANCEL,1427,BUY,LIMIT,998100,25
2992,447605030628,CANCEL,1437,SELL,LIMIT,998700,30
2993,448106244956,NEW,1516,SELL,LIMIT,998400,30
2994,448111145551,NEW,1517,BUY,LIMIT,996900,26
2995,448502216461,NEW,1518,SELL,LIMIT,998500,27
2996,448789125825,CANCEL,1516,SELL,LIMIT,998400,30
2997,448944422847,NEW,1519,BUY,LIMIT,997700,26
2998,449038561205,NEW,1520,BUY,LIMIT,997500,29
2999,449057197257,CANCEL,1451,BUY,LIMIT,997200,29
3000,449062859056,NEW,1521,SELL,LIMIT,999000,34
3001,449371350013,NEW,1522,BUY,LIMIT,997000,32
3002,449377097377,NEW,1523,SELL,LIMIT,998500,33
3003,449414935339,CANCEL,1510,BUY,LIMIT,997100,40
3004,449501636924,CANCEL,1485,BUY,LIMIT,997400,26
3005,449556637967,CANCEL,1488,BUY,LIMIT,997800,7
3006,449563684943,CANCEL,1523,SELL,LIMIT,998500,33
3007,449565793013,CANCEL,1436,SELL,LIMIT,998900,27
3008,449864111547,NEW,1524,BUY,LIMIT,997000,25
3009,450144626731,CANCEL,1496,BUY,LIMIT,997100,32
3010,450150589173,CANCEL,1505,SELL,LIMIT,999000,47
3011,450711284944,NEW,1525,BUY,LIMIT,997500,32
3012,451555240747,CANCEL,1504,BUY,LIMIT,997800,30
3013,451730703626,CANCEL,1511,SELL,LIMIT,998500,31
3014,452141856915,NEW,1526,BUY,LIMIT,997800,28
3015,452398329015,CANCEL,1428,SELL,LIMIT,999100,28
3016,452692986325,NEW,1527,BUY,LIMIT,997800,29
3017,452755815092,NEW,1528,SELL,LIMIT,998900,25
3018,452893923776,NEW,1529,SELL,LIMIT,998400,31
3019,453063531483,CANCEL,1491,BUY,LIMIT,997500,25
3020,453217349290,CANCEL,1456,SELL,LIMIT,999100,23
3021,453313674071,NEW,1530,BUY,LIMIT,997600,25
3022,453473045237,NEW,1531,SELL,LIMIT,999100,30
3023,453575899423,CANCEL,1515,SELL,LIMIT,999000,26
3024,453655535015,NEW,1532,SELL,LIMIT,999000,38
3025,453936132537,NEW,1533,SELL,LIMIT,998800,24
3026,453980069042,NEW,1534,BUY,LIMIT,997600,31
3027,454283026142,NEW,1535,SELL,LIMIT,999100,24
3028,454393254313,NEW,1536,BUY,LIMIT,997600,25
3029,454411792353,CANCEL,1460,BUY,LIMIT,997400,25
3030,454471359072,CANCEL,1536,BUY,LIMIT,997600,25
3031,454802432987,NEW,1537,BUY,LIMIT,997500,28
3032,454890588578,NEW,1538,BUY,LIMIT,997200,24
3033,455107959834,NEW,1539,BUY,LIMIT,997300,6
3034,455910265832,NEW,1540,SELL,LIMIT,999000,200
3035,455926506748,CANCEL,1487,BUY,LIMIT,997800,31
3036,455953624706,CANCEL,1525,BUY,LIMIT,997500,32
3037,455985529395,CANCEL,1513,SELL,LIMIT,999000,100
3038,456219004163,CANCEL,1489,SELL,LIMIT,999100,29
3039,456270928689,CANCEL,1524,BUY,LIMIT,997000,25
3040,456392868316,NEW,1541,SELL,LIMIT,999200,45
3041,456760059413,CANCEL,1506,BUY,LIMIT,997300,30
3042,456877313322,NEW,1542,SELL,LIMIT,999500,4
3043,456909250542,NEW,1543,BUY,LIMIT,997500,40
3044,457090532668,NEW,1544,SELL,LIMIT,999500,28
3045,457343322646,CANCEL,1459,SELL,LIMIT,998900,28
3046,457487918667,NEW,1545,SELL,LIMIT,999500,47
3047,457530628706,NEW,1546,SELL,LIMIT,999200,30
3048,458048366973,NEW,1547,SELL,LIMIT,998800,25
3049,458073367050,NEW,1548,SELL,LIMIT,998900,30
3050,458293599956,CANCEL,1473,SELL,LIMIT,998600,30
3051,458432989047,CANCEL,1530,BUY,LIMIT,997600,25
3052,458456115594,CANCEL,1533,SELL,LIMIT,998800,24
3053,458534661284,NEW,1549,BUY,LIMIT,997400,14
3054,458570312194,NEW,1550,SELL,LIMIT,999500,28
3055,458595794072,CANCEL,1527,BUY,LIMIT,997800,29
3056,458623993599,NEW,1551,SELL,LIMIT,998800,1
3057,458740768332,NEW,1552,BUY,LIMIT,997800,26
3058,458753934728,CANCEL,1538,BUY,LIMIT,997200,24
3059,459001389319,CANCEL,1540,SELL,LIMIT,999000,200
3060,459003959377,CANCEL,1546,SELL,LIMIT,999200,30
3061,459029094488,NEW,1553,SELL,LIMIT,999100,26
3062,459326939119,NEW,1554,SELL,LIMIT,998500,26
3063,459366329163,CANCEL,1554,SELL,LIMIT,998500,26
3064,459430014812,NEW,1555,SELL,LIMIT,998900,26
3065,459491833547,NEW,1556,SELL,LIMIT,999400,32
3066,459504636076,CANCEL,1545,SELL,LIMIT,999500,47
3067,459507728003,NEW,1557,SELL,LIMIT,998700,29
3068,459539704702,CANCEL,1534,BUY,LIMIT,997600,31
3069,459554435984,CANCEL,1503,BUY,LIMIT,998000,29
3070,459616297733,NEW,1558,SELL,LIMIT,998700,17
3071,459655293166,NEW,1559,SELL,LIMIT,998900,24
3072,459772919090,CANCEL,1543,BUY,LIMIT,997500,40
3073,459880974656,NEW,1560,BUY,LIMIT,997500,13
3074,460019156723,NEW,1561,SELL,LIMIT,998800,33
3075,460287915598,CANCEL,1529,SELL,LIMIT,998400,31
3076,460811767957,NEW,1562,SELL,LIMIT,998600,96
3077,461006596085,NEW,1563,BUY,LIMIT,997900,27
3078,461009460985,CANCEL,1548,SELL,LIMIT,998900,30
3079,461181856064,NEW,1564,BUY,LIMIT,997600,27
3080,461295446816,CANCEL,1559,SELL,LIMIT,998900,24
3081,461371147896,CANCEL,1480,SELL,LIMIT,999100,26
3082,461430716805,CANCEL,1507,SELL,LIMIT,998700,38
3083,461475581971,NEW,1565,BUY,LIMIT,997300,29
3084,461504165015,CANCEL,1502,BUY,LIMIT,997500,31
3085,461561189743,NEW,1566,SELL,LIMIT,999500,100
3086,461698613916,CANCEL,1553,SELL,LIMIT,999100,26
3087,461922536860,NEW,1567,BUY,LIMIT,997600,29
3088,462262007583,CANCEL,1532,SELL,LIMIT,999000,38
3089,462278357896,CANCEL,1537,BUY,LIMIT,997500,28
3090,462350318359,NEW,1568,BUY,LIMIT,997700,27
3091,462391146365,NEW,1569,SELL,LIMIT,998900,47
3092,462404112875,NEW,1570,BUY,MARKET,,2
3093,462404112875,REDUCE,1518,SELL,LIMIT,998500,25
3094,462467175237,CANCEL,1544,SELL,LIMIT,999500,28
3095,462477734192,NEW,1571,BUY,LIMIT,997500,26
3096,462721668445,CANCEL,1571,BUY,LIMIT,997500,26
3097,462727343989,NEW,1572,BUY,LIMIT,997700,28
3098,462776087375,NEW,1573,SELL,LIMIT,998800,28
3099,462800372347,NEW,1574,BUY,LIMIT,998300,27
3100,462892032669,CANCEL,1512,BUY,LIMIT,997500,24
3101,462936721688,NEW,1575,SELL,LIMIT,999200,30
3102,463055243942,CANCEL,1561,SELL,LIMIT,998800,33
3103,463159165122,NEW,1576,SELL,LIMIT,999200,40
3104,463280179870,NEW,1577,BUY,LIMIT,997300,26
3105,463425579035,NEW,1578,BUY,LIMIT,997800,31
3106,463458137079,NEW,1579,SELL,LIMIT,999300,23
3107,463735574692,CANCEL,1577,BUY,LIMIT,997300,26
3108,463893145161,CANCEL,1569,SELL,LIMIT,998900,47
3109,464035549602,NEW,1580,BUY,LIMIT,997700,24
3110,464169101741,NEW,1581,SELL,LIMIT,999200,25
3111,464361157253,CANCEL,1556,SELL,LIMIT,999400,32
3112,464634614631,CANCEL,1541,SELL,LIMIT,999200,45
3113,464720375945,CANCEL,1481,BUY,LIMIT,997100,24
3114,464860447856,CANCEL,1579,SELL,LIMIT,999300,23
3115,465065816876,CANCEL,1482,SELL,LIMIT,999100,28
3116,465207732406,NEW,1582,SELL,LIMIT,999200,26
3117,465651383948,CANCEL,1575,SELL,LIMIT,999200,30
3118,465799253068,CANCEL,1555,SELL,LIMIT,998900,26
3119,466124825201,CANCEL,1560,BUY,LIMIT,997500,13
3120,466314087783,NEW,1583,BUY,LIMIT,997900,45
3121,466392344196,NEW,1584,BUY,LIMIT,997600,35
3122,466437014278,CANCEL,1518,SELL,LIMIT,998500,25
3123,466449701914,NEW,1585,BUY,LIMIT,997100,20
3124,466458110669,CANCEL,1572,BUY,LIMIT,997700,28
3125,466490332073,NEW,1586,SELL,LIMIT,999300,25
3126,466643900310,NEW,1587,BUY,LIMIT,997800,26
3127,466720836042,NEW,1588,BUY,LIMIT,997400,40
3128,467157580637,CANCEL,1588,BUY,LIMIT,997400,40
3129,467200804961,NEW,1589,BUY,LIMIT,997800,32
3130,467386999568,CANCEL,1582,SELL,LIMIT,999200,26
3131,467759480757,CANCEL,1520,BUY,LIMIT,997500,29
3132,468128683026,CANCEL,1517,BUY,LIMIT,996900,26
3133,468147863167,CANCEL,1565,BUY,LIMIT,997300,29
3134,468584456243,NEW,1590,BUY,LIMIT,997100,28
3135,468888424544,CANCEL,1522,BUY,LIMIT,997000,32
3136,468897739464,CANCEL,1566,SELL,LIMIT,999500,100
3137,469190471100,NEW,1591,BUY,LIMIT,997400,31
3138,469230577049,NEW,1592,SELL,LIMIT,998600,21
3139,469476428392,NEW,1593,BUY,LIMIT,998300,21
3140,469700690382,NEW,1594,BUY,LIMIT,997100,30
3141,469764543964,NEW,1595,BUY,LIMIT,997900,27
3142,469777869894,CANCEL,1587,BUY,LIMIT,997800,26
3143,469805133933,NEW,1596,BUY,LIMIT,997500,38
3144,470040074247,NEW,1597,SELL,LIMIT,999800,30
3145,470144737088,NEW,1598,SELL,LIMIT,999200,518
3146,470148066108,NEW,1599,BUY,LIMIT,997400,30
3147,470258152938,NEW,1600,BUY,LIMIT,997500,31
3148,470264193982,NEW,1601,BUY,LIMIT,997900,25
3149,470325073069,CANCEL,1598,SELL,LIMIT,999200,518
3150,470417023255,CANCEL,1550,SELL,LIMIT,999500,28
3151,470540455350,CANCEL,1599,BUY,LIMIT,997400,30
3152,470801379546,NEW,1602,SELL,LIMIT,999000,29
3153,471184916759,CANCEL,1586,SELL,LIMIT,999300,25
3154,471647094099,CANCEL,1597,SELL,LIMIT,999800,30
3155,471718401483,CANCEL,1581,SELL,LIMIT,999200,25
3156,471806164992,CANCEL,1601,BUY,LIMIT,997900,25
3157,471822424467,CANCEL,1519,BUY,LIMIT,997700,26
3158,471837820691,CANCEL,1568,BUY,LIMIT,997700,27
3159,472018804366,NEW,1603,SELL,LIMIT,999200,21
3160,472175313920,NEW,1604,BUY,LIMIT,998200,23
3161,472582108594,CANCEL,1578,BUY,LIMIT,997800,31
3162,472899373688,NEW,1605,BUY,LIMIT,998400,23
3163,472915772791,NEW,1606,BUY,LIMIT,997600,29
3164,472998859076,CANCEL,1602,SELL,LIMIT,999000,29
3165,473004158766,NEW,1607,SELL,LIMIT,999500,23
3166,473264044893,NEW,1608,BUY,LIMIT,998000,29
3167,473438995227,CANCEL,1605,BUY,LIMIT,998400,23
3168,473527573449,NEW,1609,BUY,LIMIT,997800,33
3169,473550506909,NEW,1610,BUY,LIMIT,997400,38
3170,473636515929,CANCEL,1441,BUY,LIMIT,997900,27
3171,473706733381,CANCEL,1580,BUY,LIMIT,997700,24
3172,473757488094,NEW,1611,SELL,LIMIT,999100,34
3173,473797213803,NEW,1612,BUY,LIMIT,997800,200
3174,474033391361,NEW,1613,BUY,LIMIT,997700,40
3175,474110585105,CANCEL,1562,SELL,LIMIT,998600,96
3176,474156020946,CANCEL,1583,BUY,LIMIT,997900,45
3177,474355300770,CANCEL,1564,BUY,LIMIT,997600,27
3178,474409203121,CANCEL,1514,SELL,LIMIT,998900,28
3179,474438154897,NEW,1614,SELL,LIMIT,999800,24
3180,474561528319,NEW,1615,SELL,LIMIT,999300,25
3181,474811168832,CANCEL,1590,BUY,LIMIT,997100,28
3182,474813482002,CANCEL,1592,SELL,LIMIT,998600,21
3183,474874560605,NEW,1616,BUY,LIMIT,997600,25
3184,475213997033,NEW,1617,SELL,LIMIT,999800,5
3185,475442052929,NEW,1618,BUY,LIMIT,997700,26
3186,475561759329,CANCEL,1558,SELL,LIMIT,998700,17
3187,475605059554,NEW,1619,SELL,LIMIT,999200,32
3188,476062904553,NEW,1620,SELL,LIMIT,999000,26
3189,476148273862,NEW,1621,SELL,LIMIT,999600,30
3190,476247870652,CANCEL,1585,BUY,LIMIT,997100,20
3191,476296595324,NEW,1622,BUY,LIMIT,997200,28
3192,476413384894,CANCEL,1526,BUY,LIMIT,997800,28
3193,476506662619,CANCEL,1595,BUY,LIMIT,997900,27
3194,476650646049,CANCEL,1547,SELL,LIMIT,998800,25
3195,477115053762,NEW,1623,SELL,LIMIT,999300,30
3196,477457125743,CANCEL,1528,SELL,LIMIT,998900,25
3197,477562738749,CANCEL,1576,SELL,LIMIT,999200,40
3198,477775438109,CANCEL,1535,SELL,LIMIT,999100,24
3199,477793552512,NEW,1624,SELL,LIMIT,999100,28
3200,477931780926,NEW,1625,BUY,LIMIT,998200,23
3201,477958181738,NEW,1626,BUY,LIMIT,997700,28
3202,478034217566,NEW,1627,BUY,LIMIT,997800,32
3203,478112728994,NEW,1628,SELL,LIMIT,999300,23
3204,478269382545,CANCEL,1612,BUY,LIMIT,997800,200
3205,478301291724,NEW,1629,BUY,LIMIT,997700,40
3206,478342461799,CANCEL,1615,SELL,LIMIT,999300,25
3207,478437354233,NEW,1630,SELL,LIMIT,999200,26
3208,478460899386,NEW,1631,SELL,LIMIT,999200,45
3209,478717559028,NEW,1632,SELL,LIMIT,998800,27
3210,478754210808,CANCEL,1631,SELL,LIMIT,999200,45
3211,478806100056,NEW,1633,SELL,LIMIT,999200,48
3212,478815638410,CANCEL,1610,BUY,LIMIT,997400,38
3213,478863643146,CANCEL,1620,SELL,LIMIT,999000,26
3214,479001338042,CANCEL,1633,SELL,LIMIT,999200,48
3215,479328955569,NEW,1634,SELL,LIMIT,998900,27
3216,479335100731,NEW,1635,BUY,LIMIT,997200,33
3217,479381224339,CANCEL,1596,BUY,LIMIT,997500,38
3218,479482230972,NEW,1636,SELL,LIMIT,999800,24
3219,479520918446,CANCEL,1619,SELL,LIMIT,999200,32
3220,479630193245,CANCEL,1600,BUY,LIMIT,997500,31
3221,479710705858,CANCEL,1613,BUY,LIMIT,997700,40
3222,480063927038,CANCEL,1624,SELL,LIMIT,999100,28
3223,480104022854,CANCEL,1635,BUY,LIMIT,997200,33
3224,480318645225,CANCEL,1628,SELL,LIMIT,999300,23
3225,480581499126,CANCEL,1622,BUY,LIMIT,997200,28
3226,480626067123,CANCEL,1589,BUY,LIMIT,997800,32
3227,480780419492,NEW,1637,SELL,LIMIT,999300,30
3228,480924251470,NEW,1638,BUY,LIMIT,997200,23
3229,480976066450,NEW,1639,SELL,LIMIT,998600,25
3230,481340926656,CANCEL,1614,SELL,LIMIT,999800,24
3231,481432384034,CANCEL,1629,BUY,LIMIT,997700,40
3232,481551204197,NEW,1640,SELL,LIMIT,999200,25
3233,481608823014,NEW,1641,SELL,LIMIT,999400,23
3234,481706504629,NEW,1642,BUY,LIMIT,997600,33
3235,481751793705,NEW,1643,SELL,LIMIT,998900,24
3236,482071060213,CANCEL,1594,BUY,LIMIT,997100,30
3237,482237861472,CANCEL,1552,BUY,LIMIT,997800,26
3238,482304049921,CANCEL,1608,BUY,LIMIT,998000,29
3239,482376562681,CANCEL,1606,BUY,LIMIT,997600,29
3240,482617432425,CANCEL,1607,SELL,LIMIT,999500,23
3241,482683023237,CANCEL,1603,SELL,LIMIT,999200,21
3242,482690188203,CANCEL,1521,SELL,LIMIT,999000,34
3243,482983957462,NEW,1644,BUY,LIMIT,997100,26
3244,483122371164,CANCEL,1637,SELL,LIMIT,999300,30
3245,483319476246,CANCEL,1626,BUY,LIMIT,997700,28
3246,483386157625,NEW,1645,BUY,LIMIT,997800,27
3247,483434495633,NEW,1646,SELL,LIMIT,999400,31
3248,483556071100,NEW,1647,BUY,LIMIT,997800,28
3249,483560016335,CANCEL,1563,BUY,LIMIT,997900,27
3250,483561065509,CANCEL,1636,SELL,LIMIT,999800,24
3251,483576695637,CANCEL,898,SELL,LIMIT,999200,2
3252,483747023233,NEW,1648,BUY,LIMIT,997500,40
3253,483966946695,NEW,1649,BUY,LIMIT,997700,40
3254,484255821880,CANCEL,1617,SELL,LIMIT,999800,5
3255,484565525507,NEW,1650,BUY,LIMIT,997700,30
3256,484616845270,CANCEL,1643,SELL,LIMIT,998900,24
3257,484902073523,NEW,1651,BUY,LIMIT,997800,31
3258,484955496042,NEW,1652,SELL,LIMIT,999100,21
3259,485136581921,CANCEL,1474,SELL,LIMIT,998900,28
3260,485167094380,NEW,1653,BUY,LIMIT,998000,31
3261,485252625395,CANCEL,1627,BUY,LIMIT,997800,32
3262,485377775899,NEW,1654,BUY,LIMIT,998200,23
3263,485580248740,CANCEL,1618,BUY,LIMIT,997700,26
3264,485610067791,CANCEL,1549,BUY,LIMIT,997400,14
3265,485711984106,CANCEL,1634,SELL,LIMIT,998900,27
3266,485759262599,NEW,1655,SELL,LIMIT,999200,28
3267,485803849680,CANCEL,1644,BUY,LIMIT,997100,26
3268,486070262850,NEW,1656,SELL,LIMIT,999100,35
3269,486154480483,NEW,1657,BUY,LIMIT,997700,31
3270,486418143465,CANCEL,1609,BUY,LIMIT,997800,33
3271,486694998513,NEW,1658,SELL,LIMIT,999300,28
3272,486951995052,CANCEL,1591,BUY,LIMIT,997400,31
3273,486981498750,NEW,1659,BUY,LIMIT,998300,30
3274,487017284360,CANCEL,1573,SELL,LIMIT,998800,28
3275,487033995447,NEW,1660,BUY,LIMIT,997100,30
3276,487116545249,NEW,1661,SELL,LIMIT,999300,11
3277,487370896484,NEW,1662,SELL,LIMIT,999600,31
3278,487423581186,CANCEL,1651,BUY,LIMIT,997800,31
3279,487633038061,NEW,1663,SELL,LIMIT,999100,40
3280,487665389374,NEW,1664,SELL,LIMIT,999300,31
3281,487744500275,NEW,1665,SELL,LIMIT,999200,40
3282,487874506498,CANCEL,1584,BUY,LIMIT,997600,35
3283,488257680886,NEW,1666,BUY,LIMIT,997600,40
3284,488609759167,NEW,1667,BUY,LIMIT,997500,27
3285,489007233030,NEW,1668,BUY,LIMIT,998300,28
3286,489229926726,NEW,1669,SELL,LIMIT,999800,30
3287,489272632753,NEW,1670,BUY,LIMIT,997800,27
3288,489363547934,CANCEL,1665,SELL,LIMIT,999200,40
3289,489483159114,NEW,1671,SELL,LIMIT,999200,29
3290,489779184469,CANCEL,1557,SELL,LIMIT,998700,29
3291,489815495385,CANCEL,1574,BUY,LIMIT,998300,27
3292,490045431318,CANCEL,1662,SELL,LIMIT,999600,31
3293,490090941917,CANCEL,1670,BUY,LIMIT,997800,27
3294,490149808281,CANCEL,1669,SELL,LIMIT,999800,30
3295,490391637012,NEW,1672,SELL,LIMIT,999800,24
3296,490394399096,CANCEL,1640,SELL,LIMIT,999200,25
3297,490447910991,CANCEL,1657,BUY,LIMIT,997700,31
3298,490636424299,CANCEL,1663,SELL,LIMIT,999100,40
3299,490675845647,CANCEL,1641,SELL,LIMIT,999400,23
3300,490697349995,CANCEL,1567,BUY,LIMIT,997600,29
3301,490783921218,CANCEL,1647,BUY,LIMIT,997800,28
3302,490815119951,CANCEL,1658,SELL,LIMIT,999300,28
3303,491016762740,NEW,1673,SELL,LIMIT,999400,30
3304,491043113962,NEW,1674,SELL,LIMIT,998800,26
3305,491056816304,NEW,1675,BUY,LIMIT,997100,30
3306,491074200308,CANCEL,1632,SELL,LIMIT,998800,27
3307,491205059476,CANCEL,1674,SELL,LIMIT,998800,26
3308,491527388572,CANCEL,1593,BUY,LIMIT,998300,21
3309,491567523726,CANCEL,1623,SELL,LIMIT,999300,30
3310,491854125526,NEW,1676,SELL,LIMIT,999800,25
3311,491992619524,CANCEL,1639,SELL,LIMIT,998600,25
3312,492156546034,CANCEL,1654,BUY,LIMIT,998200,23
3313,492420749999,CANCEL,1664,SELL,LIMIT,999300,31
3314,492673033452,CANCEL,1649,BUY,LIMIT,997700,40
3315,492692420402,CANCEL,1642,BUY,LIMIT,997600,33
3316,493146345429,NEW,1677,BUY,LIMIT,997800,23
3317,493189786655,NEW,1678,SELL,LIMIT,998600,12
3318,493282904708,CANCEL,1656,SELL,LIMIT,999100,35
3319,493572217946,NEW,1679,SELL,LIMIT,999300,100
3320,493731791642,NEW,1680,SELL,LIMIT,999300,3
3321,494180063573,NEW,1681,BUY,LIMIT,997100,26
3322,494267973040,NEW,1682,BUY,LIMIT,997800,33
3323,494307859227,CANCEL,1653,BUY,LIMIT,998000,31
3324,494711446821,NEW,1683,SELL,LIMIT,999000,45
3325,494809731765,NEW,1684,BUY,LIMIT,997100,23
3326,494844075285,NEW,1685,SELL,LIMIT,999200,27
3327,494987028506,NEW,1686,BUY,LIMIT,997100,24
3328,495062614729,NEW,1687,BUY,LIMIT,997500,20
3329,495181433821,NEW,1688,BUY,LIMIT,997100,33
3330,495212313895,NEW,1689,BUY,LIMIT,997900,29
3331,495417277241,NEW,1690,SELL,LIMIT,999800,26
3332,495485129731,CANCEL,1661,SELL,LIMIT,999300,11
3333,496003689442,NEW,1691,BUY,LIMIT,997600,29
3334,496288498459,NEW,1692,SELL,LIMIT,999800,35
3335,496729306997,CANCEL,1659,BUY,LIMIT,998300,30
3336,496802837605,NEW,1693,BUY,LIMIT,997700,28
3337,496999987882,NEW,1694,SELL,LIMIT,999300,30
3338,497117033522,NEW,1695,BUY,LIMIT,997100,34
3339,497186808471,NEW,1696,BUY,LIMIT,997500,30
3340,497281501626,NEW,1697,SELL,LIMIT,999300,29
3341,497314476484,CANCEL,1697,SELL,LIMIT,999300,29
3342,497347480058,CANCEL,1683,SELL,LIMIT,999000,45
3343,497379934770,NEW,1698,SELL,LIMIT,999000,24
3344,497517175236,NEW,1699,BUY,LIMIT,997500,20
3345,497615710886,CANCEL,1689,BUY,LIMIT,997900,29
3346,497674038396,NEW,1700,SELL,LIMIT,999200,2
3347,497772639290,CANCEL,1645,BUY,LIMIT,997800,27
3348,497778471648,CANCEL,1679,SELL,LIMIT,999300,100
3349,497992286630,NEW,1701,BUY,LIMIT,997100,28
3350,498210830481,NEW,1702,SELL,LIMIT,999100,33
3351,498291027547,NEW,1703,SELL,LIMIT,998600,30
3352,498324487370,CANCEL,1676,SELL,LIMIT,999800,25
3353,498332199720,NEW,1704,BUY,LIMIT,997400,20
3354,498460567343,NEW,1705,SELL,LIMIT,999200,35
3355,498504694047,NEW,1706,SELL,LIMIT,999100,29
3356,498510082821,NEW,1707,SELL,LIMIT,999500,26
3357,498622790169,CANCEL,1684,BUY,LIMIT,997100,23
3358,499626192582,NEW,1708,SELL,LIMIT,999000,32
3359,499815842865,CANCEL,1681,BUY,LIMIT,997100,26
3360,500186974357,NEW,1709,BUY,LIMIT,997700,30
3361,500255713564,NEW,1710,BUY,LIMIT,997100,24
3362,500362726335,CANCEL,1702,SELL,LIMIT,999100,33
3363,500508844983,CANCEL,1648,BUY,LIMIT,997500,40
3364,500770050311,CANCEL,1671,SELL,LIMIT,999200,29
3365,500823175406,CANCEL,1705,SELL,LIMIT,999200,35
3366,500855071059,CANCEL,1696,BUY,LIMIT,997500,30
3367,501162041629,NEW,1711,SELL,LIMIT,998600,47
3368,501254848579,NEW,1712,BUY,LIMIT,998300,23
3369,501354418103,CANCEL,1646,SELL,LIMIT,999400,31
3370,501504147328,CANCEL,1688,BUY,LIMIT,997100,33
3371,501655116119,CANCEL,1660,BUY,LIMIT,997100,30
3372,501829257427,CANCEL,1701,BUY,LIMIT,997100,28
3373,501887700497,CANCEL,1672,SELL,LIMIT,999800,24
3374,502222163242,CANCEL,1655,SELL,LIMIT,999200,28
3375,502290864195,NEW,1713,BUY,LIMIT,997500,33
3376,502370174084,CANCEL,1709,BUY,LIMIT,997700,30
3377,502388780649,NEW,1714,SELL,LIMIT,999600,28
3378,502420580917,NEW,1715,BUY,LIMIT,997500,28
3379,502472340494,NEW,1716,SELL,LIMIT,998700,34
3380,502829161423,CANCEL,1694,SELL,LIMIT,999300,30
3381,502868788579,CANCEL,1667,BUY,LIMIT,997500,27
3382,502893410224,CANCEL,1652,SELL,LIMIT,999100,21
3383,502903292995,CANCEL,1695,BUY,LIMIT,997100,34
3384,502970765826,CANCEL,1673,SELL,LIMIT,999400,30
3385,503242332483,CANCEL,1716,SELL,LIMIT,998700,34
3386,503606677744,CANCEL,1712,BUY,LIMIT,998300,23
3387,503773334557,CANCEL,1693,BUY,LIMIT,997700,28
3388,503813479025,CANCEL,1692,SELL,LIMIT,999800,35
3389,504000043898,NEW,1717,BUY,LIMIT,997500,26
3390,504223285547,NEW,1718,SELL,LIMIT,999000,28
3391,504327848029,CANCEL,1698,SELL,LIMIT,999000,24
3392,504418308872,CANCEL,1678,SELL,LIMIT,998600,12
3393,504760907238,NEW,1719,BUY,LIMIT,998400,34
3394,504804436990,CANCEL,1685,SELL,LIMIT,999200,27
3395,504959867061,NEW,1720,BUY,LIMIT,997100,21
3396,504967143544,NEW,1721,SELL,LIMIT,999400,30
3397,505067611738,NEW,1722,BUY,LIMIT,997600,35
3398,505111301792,NEW,1723,BUY,LIMIT,997400,29
3399,505197276503,CANCEL,1706,SELL,LIMIT,999100,29
3400,505240276212,NEW,1724,BUY,LIMIT,997600,28
3401,505339283240,NEW,1725,SELL,LIMIT,998900,35
3402,505348615301,NEW,1726,SELL,LIMIT,999100,32
3403,505445498855,NEW,1727,BUY,LIMIT,997800,100
3404,505666626130,NEW,1728,BUY,LIMIT,997900,300
3405,505868505662,NEW,1729,BUY,LIMIT,997700,100
3406,506142058738,CANCEL,1666,BUY,LIMIT,997600,40
3407,506213644365,NEW,1730,BUY,LIMIT,997700,32
3408,506213708588,NEW,1731,SELL,LIMIT,999300,33
3409,506239888095,NEW,1732,SELL,LIMIT,999200,40
3410,506369856251,CANCEL,1690,SELL,LIMIT,999800,26
3411,506510033210,NEW,1733,SELL,LIMIT,999100,25
3412,506512267427,CANCEL,1691,BUY,LIMIT,997600,29
3413,506684639664,CANCEL,1732,SELL,LIMIT,999200,40
3414,506733692276,NEW,1734,BUY,LIMIT,997700,31
3415,506802574325,NEW,1735,SELL,LIMIT,999300,25
3416,506854889244,CANCEL,1728,BUY,LIMIT,997900,300
3417,507086808598,NEW,1736,BUY,LIMIT,997100,31
3418,507185128058,CANCEL,1735,SELL,LIMIT,999300,25
3419,507367991849,CANCEL,1723,BUY,LIMIT,997400,29
3420,507432779710,NEW,1737,SELL,LIMIT,999900,40
3421,507537147186,CANCEL,1616,BUY,LIMIT,997600,25
3422,507616005615,CANCEL,1727,BUY,LIMIT,997800,100
3423,507748140749,NEW,1738,BUY,LIMIT,997800,35
3424,507944826866,NEW,1739,BUY,LIMIT,997900,25
3425,508001778924,CANCEL,1686,BUY,LIMIT,997100,24
3426,508010430541,NEW,1740,SELL,LIMIT,999100,23
3427,508053056841,NEW,1741,BUY,LIMIT,997800,30
3428,508077280458,CANCEL,1707,SELL,LIMIT,999500,26
3429,508092930835,NEW,1742,BUY,LIMIT,997100,32
3430,508219439322,CANCEL,1531,SELL,LIMIT,999100,30
3431,508242047925,NEW,1743,BUY,LIMIT,997600,100
3432,508291097081,NEW,1744,SELL,LIMIT,999400,32
3433,508564438033,CANCEL,1730,BUY,LIMIT,997700,32
3434,508858517945,CANCEL,1715,BUY,LIMIT,997500,28
3435,508921740443,CANCEL,1675,BUY,LIMIT,997100,30
3436,508929774809,NEW,1745,SELL,LIMIT,999400,32
3437,509015404900,NEW,1746,SELL,LIMIT,999900,23
3438,509106555596,CANCEL,1720,BUY,LIMIT,997100,21
3439,509191771521,CANCEL,1729,BUY,LIMIT,997700,100
3440,509432260041,NEW,1747,BUY,LIMIT,997100,25
3441,509559625356,NEW,1748,BUY,LIMIT,997400,26
3442,509777420216,NEW,1749,BUY,LIMIT,997700,40
3443,509801081928,CANCEL,1713,BUY,LIMIT,997500,33
3444,509838872890,CANCEL,1721,SELL,LIMIT,999400,30
3445,510139219928,NEW,1750,BUY,LIMIT,997600,23
3446,510171798850,NEW,1751,BUY,LIMIT,997600,27
3447,510222102029,CANCEL,1741,BUY,LIMIT,997800,30
3448,510390581776,CANCEL,1726,SELL,LIMIT,999100,32
3449,510534730946,NEW,1752,BUY,LIMIT,997100,33
3450,510693471170,CANCEL,1722,BUY,LIMIT,997600,35
3451,510899105171,NEW,1753,SELL,LIMIT,999900,28
3452,510934225984,CANCEL,1719,BUY,LIMIT,998400,34
3453,510987907627,CANCEL,1745,SELL,LIMIT,999400,32
3454,511024202113,CANCEL,1733,SELL,LIMIT,999100,25
3455,511263046499,CANCEL,1753,SELL,LIMIT,999900,28
3456,511681479156,CANCEL,1744,SELL,LIMIT,999400,32
3457,511825881145,NEW,1754,BUY,LIMIT,997800,25
3458,511828346348,NEW,1755,SELL,LIMIT,999400,40
3459,511979136724,CANCEL,1625,BUY,LIMIT,998200,23
3460,512072746478,NEW,1756,SELL,LIMIT,999000,24
3461,512351978910,CANCEL,1743,BUY,LIMIT,997600,100
3462,512651275535,NEW,1757,SELL,LIMIT,999400,29
3463,513067028175,CANCEL,1736,BUY,LIMIT,997100,31
3464,513092422170,CANCEL,1725,SELL,LIMIT,998900,35
3465,513301960450,NEW,1758,SELL,LIMIT,999500,45
3466,513425983121,CANCEL,1749,BUY,LIMIT,997700,40
3467,513466590784,CANCEL,1756,SELL,LIMIT,999000,24
3468,514189582297,NEW,1759,BUY,LIMIT,997600,44
3469,514251900209,CANCEL,1711,SELL,LIMIT,998600,47
3470,514387207246,NEW,1760,BUY,LIMIT,997100,35
3471,514431955422,CANCEL,1542,SELL,LIMIT,999500,4
3472,514515867890,NEW,1761,BUY,LIMIT,998100,30
3473,514562752857,CANCEL,1703,SELL,LIMIT,998600,30
3474,515224771264,NEW,1762,SELL,LIMIT,999600,40
3475,515317745474,NEW,1763,BUY,LIMIT,997900,44
3476,515465427776,NEW,1764,SELL,LIMIT,999500,25
3477,515656949323,CANCEL,1714,SELL,LIMIT,999600,28
3478,515931713754,NEW,1765,SELL,LIMIT,999300,24
3479,516215773419,CANCEL,1759,BUY,LIMIT,997600,44
3480,516671918899,CANCEL,1763,BUY,LIMIT,997900,44
3481,517204631852,NEW,1766,SELL,LIMIT,999300,100
3482,517244101943,CANCEL,1755,SELL,LIMIT,999400,40
3483,517308233531,CANCEL,1734,BUY,LIMIT,997700,31
3484,517536488563,NEW,1767,BUY,LIMIT,998100,23
3485,517787641593,NEW,1768,BUY,LIMIT,997600,32
3486,517890466297,CANCEL,1758,SELL,LIMIT,999500,45
3487,517936897394,CANCEL,1708,SELL,LIMIT,999000,32
3488,518080253957,CANCEL,1718,SELL,LIMIT,999000,28
3489,518197675740,NEW,1769,BUY,LIMIT,998200,27
3490,518274776774,NEW,1770,SELL,LIMIT,999000,23
3491,518500265458,NEW,1771,SELL,LIMIT,999000,38
3492,518557069536,CANCEL,1682,BUY,LIMIT,997800,33
3493,518587840137,NEW,1772,BUY,LIMIT,998400,23
3494,518783985704,NEW,1773,SELL,LIMIT,999400,400
3495,518870228228,NEW,1774,BUY,LIMIT,997800,26
3496,518887795181,NEW,1775,SELL,LIMIT,999500,28
3497,519323766632,CANCEL,1760,BUY,LIMIT,997100,35
3498,519480250564,CANCEL,1740,SELL,LIMIT,999100,23
3499,519513682738,NEW,1776,BUY,LIMIT,997800,36
3500,519569725531,NEW,1777,BUY,LIMIT,997700,27
3501,519667419343,CANCEL,1773,SELL,LIMIT,999400,400
3502,519833945813,CANCEL,1621,SELL,LIMIT,999600,30
3503,519953597066,NEW,1778,BUY,LIMIT,997700,45
3504,520053884016,CANCEL,1746,SELL,LIMIT,999900,23
3505,520103191786,NEW,1779,BUY,LIMIT,997700,27
3506,520272302795,NEW,1780,BUY,LIMIT,998000,32
3507,520277745946,NEW,1781,SELL,LIMIT,999200,30
3508,520351477629,CANCEL,1776,BUY,LIMIT,997800,36
3509,520474581058,CANCEL,1611,SELL,LIMIT,999100,34
3510,520556576737,CANCEL,1731,SELL,LIMIT,999300,33
3511,520770716394,CANCEL,1766,SELL,LIMIT,999300,100
3512,521304103336,NEW,1782,SELL,LIMIT,999100,27
3513,521331548107,NEW,1783,SELL,LIMIT,999500,33
3514,521460271761,NEW,1784,SELL,LIMIT,999900,20
3515,521513130532,NEW,1785,SELL,LIMIT,999000,31
3516,521579714109,CANCEL,1771,SELL,LIMIT,999000,38
3517,521776519881,NEW,1786,SELL,LIMIT,999600,26
3518,521786212962,CANCEL,1754,BUY,LIMIT,997800,25
3519,521799276361,NEW,1787,SELL,LIMIT,999500,25
3520,521879822950,NEW,1788,BUY,LIMIT,997600,25
3521,522066486376,NEW,1789,BUY,LIMIT,997800,100
3522,522084927930,CANCEL,1782,SELL,LIMIT,999100,27
3523,522253904244,CANCEL,1781,SELL,LIMIT,999200,30
3524,522353589198,CANCEL,1775,SELL,LIMIT,999500,28
3525,522479626499,CANCEL,1762,SELL,LIMIT,999600,40
3526,522533737468,NEW,1790,BUY,LIMIT,997900,21
3527,523097003800,CANCEL,1757,SELL,LIMIT,999400,29
3528,523756579385,CANCEL,1717,BUY,LIMIT,997500,26
3529,523826327929,CANCEL,1788,BUY,LIMIT,997600,25
3530,523887787367,NEW,1791,BUY,LIMIT,997300,35
3531,523945293014,NEW,1792,SELL,LIMIT,999600,26
3532,524069890639,CANCEL,1704,BUY,LIMIT,997400,20
3533,524153083433,CANCEL,1738,BUY,LIMIT,997800,35
3534,524209190749,NEW,1793,BUY,LIMIT,997300,35
3535,524253931620,CANCEL,1748,BUY,LIMIT,997400,26
3536,524564233184,NEW,1794,SELL,LIMIT,999500,29
3537,524595074432,CANCEL,1752,BUY,LIMIT,997100,33
3538,524969247634,NEW,1795,BUY,LIMIT,997300,100
3539,525159451010,CANCEL,1795,BUY,LIMIT,997300,100
3540,525217864581,CANCEL,1677,BUY,LIMIT,997800,23
3541,525231661163,CANCEL,1777,BUY,LIMIT,997700,27
3542,525271317206,NEW,1796,SELL,LIMIT,999100,27
3543,525298188530,NEW,1797,BUY,LIMIT,997700,26
3544,525377016533,NEW,1798,BUY,LIMIT,997600,32
3545,525430167068,NEW,1799,SELL,LIMIT,999400,31
3546,525439155343,NEW,1800,BUY,LIMIT,997300,20
3547,525482249654,CANCEL,1761,BUY,LIMIT,998100,30
3548,525505662209,CANCEL,1742,BUY,LIMIT,997100,32
3549,526030524915,NEW,1801,BUY,LIMIT,997800,45
3550,526110641170,CANCEL,1787,SELL,LIMIT,999500,25
3551,526124680026,CANCEL,1783,SELL,LIMIT,999500,33
3552,526423359168,NEW,1802,SELL,LIMIT,999400,31
3553,526516264005,NEW,1803,SELL,LIMIT,999000,33
3554,526603220386,NEW,1804,SELL,LIMIT,999100,29
3555,526749717319,CANCEL,1699,BUY,LIMIT,997500,20
3556,526813787228,NEW,1805,BUY,LIMIT,997800,29
3557,526901857463,NEW,1806,BUY,LIMIT,997900,100
3558,526912561103,NEW,1807,SELL,LIMIT,999900,27
3559,526988793373,NEW,1808,BUY,LIMIT,997700,100
3560,527153398243,CANCEL,1774,BUY,LIMIT,997800,26
3561,527370075768,NEW,1809,SELL,LIMIT,999200,28
3562,527480290742,NEW,1810,BUY,LIMIT,997300,30
3563,527522111839,NEW,1811,SELL,LIMIT,999900,40
3564,527535859247,NEW,1812,BUY,LIMIT,998100,23
3565,527592505376,CANCEL,1808,BUY,LIMIT,997700,100
3566,527731381890,NEW,1813,BUY,LIMIT,997900,24
3567,527956907399,CANCEL,1809,SELL,LIMIT,999200,28
3568,528189469760,CANCEL,1751,BUY,LIMIT,997600,27
3569,528364627716,CANCEL,1630,SELL,LIMIT,999200,26
3570,528585764536,CANCEL,1793,BUY,LIMIT,997300,35
3571,528880657658,NEW,1814,BUY,LIMIT,997800,16
3572,529014148808,CANCEL,1668,BUY,LIMIT,998300,28
3573,529075268975,CANCEL,1797,BUY,LIMIT,997700,26
3574,529097875140,CANCEL,1765,SELL,LIMIT,999300,24
3575,529134917281,NEW,1815,BUY,LIMIT,997300,35
3576,529402502926,CANCEL,1789,BUY,LIMIT,997800,100
3577,529466461967,CANCEL,1739,BUY,LIMIT,997900,25
3578,529589128329,CANCEL,1806,BUY,LIMIT,997900,100
3579,529863362937,CANCEL,1299,BUY,LIMIT,997700,5
3580,529886086200,CANCEL,1814,BUY,LIMIT,997800,16
3581,529947181758,CANCEL,1764,SELL,LIMIT,999500,25
3582,530262211318,CANCEL,1804,SELL,LIMIT,999100,29
3583,530757930522,CANCEL,1813,BUY,LIMIT,997900,24
3584,530782985069,CANCEL,1778,BUY,LIMIT,997700,45
3585,530805657666,CANCEL,1799,SELL,LIMIT,999400,31
3586,530818806089,NEW,1816,SELL,LIMIT,999200,47
3587,530853580786,CANCEL,1724,BUY,LIMIT,997600,28
3588,530937975765,NEW,1817,SELL,LIMIT,999600,23
3589,530947640697,NEW,1818,SELL,LIMIT,999900,40
3590,531040453278,NEW,1819,BUY,LIMIT,998500,27
3591,531298514447,NEW,1820,BUY,LIMIT,998000,30
3592,531459350637,CANCEL,1805,BUY,LIMIT,997800,29
3593,531523541039,NEW,1821,BUY,LIMIT,998300,5
3594,531804004680,NEW,1822,BUY,LIMIT,997600,28
3595,532262542957,CANCEL,1818,SELL,LIMIT,999900,40
3596,532476802069,NEW,1823,SELL,LIMIT,999400,34
3597,532701835230,NEW,1824,SELL,LIMIT,999300,28
3598,532824352144,CANCEL,1769,BUY,LIMIT,998200,27
3599,533006596282,NEW,1825,SELL,LIMIT,999400,25
3600,533080792383,CANCEL,1815,BUY,LIMIT,997300,35
3601,533145346649,CANCEL,1768,BUY,LIMIT,997600,32
3602,533388482986,CANCEL,1784,SELL,LIMIT,999900,20
3603,533479895504,NEW,1826,SELL,LIMIT,999700,14
3604,533493737304,CANCEL,1791,BUY,LIMIT,997300,35
3605,533874625452,CANCEL,1811,SELL,LIMIT,999900,40
3606,534221124139,CANCEL,1785,SELL,LIMIT,999000,31
3607,534303981852,CANCEL,1810,BUY,LIMIT,997300,30
3608,534479513529,NEW,1827,SELL,LIMIT,999300,25
3609,534536363534,CANCEL,1824,SELL,LIMIT,999300,28
3610,534631593758,NEW,1828,SELL,LIMIT,999400,40
3611,535541667987,CANCEL,1772,BUY,LIMIT,998400,23
3612,535769907483,NEW,1829,SELL,LIMIT,999500,26
3613,535991859278,NEW,1830,BUY,LIMIT,997900,27
3614,536023628469,CANCEL,1816,SELL,LIMIT,999200,47
3615,536386450370,NEW,1831,BUY,LIMIT,998500,25
3616,536411559331,CANCEL,1792,SELL,LIMIT,999600,26
3617,536948102744,CANCEL,1829,SELL,LIMIT,999500,26
3618,536989438224,CANCEL,1638,BUY,LIMIT,997200,23
3619,537468616445,NEW,1832,BUY,LIMIT,997900,33
3620,537521479407,NEW,1833,SELL,LIMIT,999300,30
3621,537591034880,CANCEL,1737,SELL,LIMIT,999900,40
3622,537810288474,CANCEL,1820,BUY,LIMIT,998000,30
3623,538011580524,NEW,1834,BUY,LIMIT,997700,40
3624,538060718341,CANCEL,1687,BUY,LIMIT,997500,20
3625,538191434327,NEW,1835,BUY,LIMIT,998000,28
3626,538255532137,NEW,1836,SELL,LIMIT,1000000,30
3627,538272375984,NEW,1837,SELL,LIMIT,999400,29
3628,538349757202,NEW,1838,SELL,LIMIT,999500,31
3629,538429379356,NEW,1839,SELL,LIMIT,1000000,29
3630,538458800457,NEW,1840,BUY,LIMIT,998100,25
3631,538794156078,CANCEL,1819,BUY,LIMIT,998500,27
3632,538897460049,NEW,1841,BUY,LIMIT,997900,28
3633,538965649364,NEW,1842,SELL,LIMIT,999300,25
3634,539131687209,NEW,1843,BUY,LIMIT,997300,28
3635,539168152895,NEW,1844,SELL,LIMIT,999500,20
3636,539437153767,NEW,1845,BUY,LIMIT,997700,17
3637,539439032091,NEW,1846,BUY,LIMIT,997300,30
3638,539466631043,CANCEL,1812,BUY,LIMIT,998100,23
3639,539513012442,CANCEL,1780,BUY,LIMIT,998000,32
3640,539553147815,NEW,1847,SELL,LIMIT,999700,24
3641,539689044808,NEW,1848,BUY,LIMIT,997700,40
3642,539889494838,NEW,1849,SELL,LIMIT,999200,27
3643,539903455671,NEW,1850,SELL,LIMIT,999600,26
3644,540235788969,NEW,1851,BUY,LIMIT,997800,30
3645,540391306584,NEW,1852,BUY,LIMIT,998000,44
3646,540487807271,CANCEL,1710,BUY,LIMIT,997100,24
3647,540695578394,NEW,1853,BUY,LIMIT,998000,35
3648,540734422077,CANCEL,1838,SELL,LIMIT,999500,31
3649,540767356559,NEW,1854,SELL,LIMIT,999500,32
3650,540797280379,CANCEL,1747,BUY,LIMIT,997100,25
3651,540936983766,CANCEL,1842,SELL,LIMIT,999300,25
3652,540950228788,CANCEL,1794,SELL,LIMIT,999500,29
3653,540953504529,CANCEL,1850,SELL,LIMIT,999600,26
3654,540961870613,CANCEL,863,SELL,LIMIT,999300,3
3655,540986832381,NEW,1855,SELL,LIMIT,999300,31
3656,541379340149,CANCEL,1852,BUY,LIMIT,998000,44
3657,541449873789,NEW,1856,SELL,LIMIT,999500,25
3658,541535001899,NEW,1857,SELL,LIMIT,1000000,4
3659,541633731106,NEW,1858,SELL,LIMIT,999500,20
3660,541779775300,NEW,1859,BUY,LIMIT,997700,25
3661,541889005669,CANCEL,1841,BUY,LIMIT,997900,28
3662,541903471646,NEW,1860,BUY,LIMIT,997900,25
3663,542124812811,CANCEL,1858,SELL,LIMIT,999500,20
3664,542211631252,CANCEL,1833,SELL,LIMIT,999300,30
3665,542270339631,CANCEL,1831,BUY,LIMIT,998500,25
3666,542291304687,CANCEL,1834,BUY,LIMIT,997700,40
3667,542692437518,NEW,1861,BUY,LIMIT,998100,27
3668,542908201663,NEW,1862,SELL,LIMIT,999400,45
3669,543042057366,CANCEL,1650,BUY,LIMIT,997700,30
3670,543464784350,NEW,1863,SELL,LIMIT,999100,18
3671,543671765205,CANCEL,1803,SELL,LIMIT,999000,33
3672,543720453055,NEW,1864,BUY,LIMIT,997800,47
3673,543750419242,NEW,1865,BUY,LIMIT,997300,30
3674,543779780207,CANCEL,1837,SELL,LIMIT,999400,29
3675,543791525892,NEW,1866,BUY,LIMIT,998100,32
3676,543938657261,CANCEL,1855,SELL,LIMIT,999300,31
3677,543938857221,CANCEL,1801,BUY,LIMIT,997800,45
3678,543964153569,CANCEL,1836,SELL,LIMIT,1000000,30
3679,544014286630,CANCEL,1825,SELL,LIMIT,999400,25
3680,544029700914,CANCEL,1840,BUY,LIMIT,998100,25
3681,544199462886,CANCEL,1823,SELL,LIMIT,999400,34
3682,544288847285,CANCEL,1863,SELL,LIMIT,999100,18
3683,544393280006,CANCEL,1798,BUY,LIMIT,997600,32
3684,544504534557,CANCEL,1856,SELL,LIMIT,999500,25
3685,544522043958,NEW,1867,BUY,LIMIT,998000,32
3686,544530620468,CANCEL,1779,BUY,LIMIT,997700,27
3687,544959230861,NEW,1868,SELL,LIMIT,999600,28
3688,544999740529,CANCEL,1826,SELL,LIMIT,999700,14
3689,545069543587,CANCEL,1822,BUY,LIMIT,997600,28
3690,545072538443,CANCEL,1770,SELL,LIMIT,999000,23
3691,545129050686,NEW,1869,SELL,LIMIT,999400,40
3692,545595255338,NEW,1870,SELL,LIMIT,998700,26
3693,545725702168,NEW,1871,BUY,LIMIT,997300,29
3694,545732594062,NEW,1872,BUY,LIMIT,997800,20
3695,545747267650,CANCEL,1750,BUY,LIMIT,997600,23
3696,545756461159,NEW,1873,BUY,LIMIT,997200,25
3697,545914788965,NEW,1874,SELL,LIMIT,999300,29
3698,545924183850,CANCEL,1869,SELL,LIMIT,999400,40
3699,546010125711,CANCEL,1786,SELL,LIMIT,999600,26
3700,546307037481,CANCEL,1871,BUY,LIMIT,997300,29
3701,546334112445,CANCEL,1845,BUY,LIMIT,997700,17
3702,546639628690,CANCEL,1862,SELL,LIMIT,999400,45
3703,546688489303,CANCEL,1860,BUY,LIMIT,997900,25
3704,546778370872,NEW,1875,SELL,LIMIT,999100,31
3705,546958165165,NEW,1876,BUY,LIMIT,998100,25
3706,547222666446,CANCEL,1790,BUY,LIMIT,997900,21
3707,547755331304,NEW,1877,BUY,LIMIT,998100,100
3708,547773388238,NEW,1878,SELL,LIMIT,999300,25
3709,547894986748,NEW,1879,BUY,LIMIT,998300,23
3710,548036430681,CANCEL,1879,BUY,LIMIT,998300,23
3711,548076032550,CANCEL,1802,SELL,LIMIT,999400,31
3712,548654736826,CANCEL,1876,BUY,LIMIT,998100,25
3713,549222343047,NEW,1880,BUY,LIMIT,997700,20
3714,549248592043,NEW,1881,SELL,LIMIT,999800,3
3715,549305500997,NEW,1882,BUY,LIMIT,997200,28
3716,549432077149,NEW,1883,SELL,LIMIT,999100,40
3717,549461749464,CANCEL,1827,SELL,LIMIT,999300,25
3718,549567344823,NEW,1884,BUY,LIMIT,998000,38
3719,549592892038,CANCEL,1830,BUY,LIMIT,997900,27
3720,549714115719,CANCEL,1796,SELL,LIMIT,999100,27
3721,549864368334,CANCEL,1851,BUY,LIMIT,997800,30
3722,549873703345,CANCEL,1828,SELL,LIMIT,999400,40
3723,549887135255,NEW,1885,SELL,LIMIT,999200,24
3724,550030758830,CANCEL,1849,SELL,LIMIT,999200,27
3725,550128692707,NEW,1886,SELL,LIMIT,998600,25
3726,550167732188,NEW,1887,SELL,LIMIT,999300,30
3727,550322957394,CANCEL,1884,BUY,LIMIT,998000,38
3728,550338205255,NEW,1888,SELL,LIMIT,999500,20
3729,550402304055,NEW,1889,BUY,LIMIT,997900,49
3730,550620730849,NEW,1890,BUY,LIMIT,997600,28
3731,550707719561,NEW,1891,SELL,LIMIT,999200,30
3732,551280217675,CANCEL,1470,SELL,LIMIT,999000,4
3733,551344907772,NEW,1892,SELL,LIMIT,999200,26
3734,551447100480,CANCEL,1873,BUY,LIMIT,997200,25
3735,551462843070,NEW,1893,BUY,LIMIT,997500,25
3736,551571100013,CANCEL,1888,SELL,LIMIT,999500,20
3737,551820072560,CANCEL,1870,SELL,LIMIT,998700,26
3738,551868901573,NEW,1894,SELL,LIMIT,999400,28
3739,552250624792,CANCEL,1882,BUY,LIMIT,997200,28
3740,552652951116,CANCEL,1894,SELL,LIMIT,999400,28
3741,552804477497,CANCEL,1859,BUY,LIMIT,997700,25
3742,552811710436,CANCEL,1848,BUY,LIMIT,997700,40
3743,552847010469,CANCEL,1854,SELL,LIMIT,999500,32
3744,553188691849,NEW,1895,BUY,LIMIT,997100,35
3745,553353682803,CANCEL,1883,SELL,LIMIT,999100,40
3746,553796554786,CANCEL,1853,BUY,LIMIT,998000,35
3747,553841372687,NEW,1896,SELL,LIMIT,999000,27
3748,553958783292,CANCEL,1895,BUY,LIMIT,997100,35
3749,554048466521,CANCEL,1874,SELL,LIMIT,999300,29
3750,554160938092,NEW,1897,SELL,LIMIT,998500,35
3751,554329988191,NEW,1898,SELL,LIMIT,999300,40
3752,554340194558,NEW,1899,SELL,LIMIT,999300,32
3753,554422008574,CANCEL,1821,BUY,LIMIT,998300,5
3754,554611724441,NEW,1900,SELL,LIMIT,999700,25
3755,554673661823,NEW,1901,SELL,LIMIT,999100,26
3756,554763003559,NEW,1902,SELL,LIMIT,999100,38
3757,555002218768,NEW,1903,BUY,LIMIT,997600,2
3758,555215669631,NEW,1904,SELL,LIMIT,999400,30
3759,555494373305,CANCEL,1886,SELL,LIMIT,998600,25
3760,555749620225,NEW,1905,BUY,LIMIT,997800,27
3761,556003769359,NEW,1906,SELL,LIMIT,999700,20
3762,556295322601,CANCEL,1877,BUY,LIMIT,998100,100
3763,556877543656,CANCEL,1864,BUY,LIMIT,997800,47
3764,556988034994,CANCEL,1865,BUY,LIMIT,997300,30
3765,557063479960,CANCEL,1846,BUY,LIMIT,997300,30
3766,557156348080,NEW,1907,SELL,LIMIT,999000,33
3767,557227467099,NEW,1908,SELL,LIMIT,999100,40
3768,557330945948,NEW,1909,BUY,LIMIT,997500,30
3769,557414050572,CANCEL,1887,SELL,LIMIT,999300,30
3770,557549265375,CANCEL,1898,SELL,LIMIT,999300,40
3771,557640950969,NEW,1910,BUY,LIMIT,997800,40
3772,557675885929,CANCEL,1907,SELL,LIMIT,999000,33
3773,557836988503,CANCEL,1897,SELL,LIMIT,998500,35
3774,558048348747,CANCEL,1866,BUY,LIMIT,998100,32
3775,558078248322,CANCEL,1900,SELL,LIMIT,999700,25
3776,558079298548,CANCEL,1807,SELL,LIMIT,999900,27
3777,558085996413,NEW,1911,BUY,LIMIT,997500,54
3778,558359742985,NEW,1912,SELL,LIMIT,998700,11
3779,558366728408,NEW,1913,BUY,LIMIT,998400,32
3780,558377285481,NEW,1914,BUY,LIMIT,998000,28
3781,558608229902,NEW,1915,BUY,LIMIT,998100,23
3782,558708306175,CANCEL,1839,SELL,LIMIT,1000000,29
3783,558791106233,CANCEL,1909,BUY,LIMIT,997500,30
3784,559380213275,CANCEL,1847,SELL,LIMIT,999700,24
3785,559481247848,CANCEL,1767,BUY,LIMIT,998100,23
3786,559707815961,NEW,1916,SELL,LIMIT,999700,28
3787,560056700594,NEW,1917,BUY,LIMIT,997200,100
3788,560453356022,NEW,1918,SELL,LIMIT,998700,25
3789,560576347015,NEW,1919,SELL,LIMIT,999400,26
3790,560638400759,NEW,1920,BUY,LIMIT,997800,40
3791,560655486714,CANCEL,1872,BUY,LIMIT,997800,20
3792,560790793745,CANCEL,1911,BUY,LIMIT,997500,54
3793,560856000153,NEW,1921,BUY,LIMIT,998000,100
3794,560925753477,NEW,1922,BUY,LIMIT,997800,100
3795,560972058432,CANCEL,1917,BUY,LIMIT,997200,100
3796,561324789518,CANCEL,1875,SELL,LIMIT,999100,31
3797,561360708050,CANCEL,1901,SELL,LIMIT,999100,26
3798,561544989607,CANCEL,1906,SELL,LIMIT,999700,20
3799,561609076437,CANCEL,1835,BUY,LIMIT,998000,28
3800,561710110902,CANCEL,1910,BUY,LIMIT,997800,40
3801,561741711169,CANCEL,1922,BUY,LIMIT,997800,100
3802,561935571894,CANCEL,1832,BUY,LIMIT,997900,33
3803,562103344306,NEW,1923,SELL,LIMIT,998600,27
3804,562250507656,NEW,1924,SELL,LIMIT,999900,29
3805,562614748723,CANCEL,1920,BUY,LIMIT,997800,40
3806,562739214221,CANCEL,1889,BUY,LIMIT,997900,49
3807,562789632040,CANCEL,1905,BUY,LIMIT,997800,27
3808,562939121468,CANCEL,1921,BUY,LIMIT,998000,100
3809,563615611299,NEW,1925,BUY,LIMIT,997100,28
3810,564143067072,CANCEL,1916,SELL,LIMIT,999700,28
3811,564213738429,NEW,1926,BUY,LIMIT,997600,28
3812,564458083808,NEW,1927,SELL,LIMIT,998700,29
3813,564646809173,CANCEL,1915,BUY,LIMIT,998100,23
3814,564847428626,NEW,1928,SELL,LIMIT,999000,30
3815,564943311429,CANCEL,1817,SELL,LIMIT,999600,23
3816,564982846086,NEW,1929,SELL,LIMIT,999300,28
3817,565000617850,NEW,1930,SELL,LIMIT,999100,34
3818,565057138666,NEW,1931,BUY,LIMIT,997100,25
3819,565110504061,NEW,1932,SELL,LIMIT,998700,33
3820,565677765983,NEW,1933,SELL,LIMIT,999200,34
3821,565797905576,CANCEL,1800,BUY,LIMIT,997300,20
3822,565921016517,CANCEL,1843,BUY,LIMIT,997300,28
3823,566048369782,NEW,1934,BUY,LIMIT,998000,25
3824,566168156326,CANCEL,1927,SELL,LIMIT,998700,29
3825,566286947608,CANCEL,1919,SELL,LIMIT,999400,26
3826,566290049064,CANCEL,1928,SELL,LIMIT,999000,30
3827,566712058567,NEW,1935,BUY,LIMIT,997100,32
3828,566935599934,CANCEL,1924,SELL,LIMIT,999900,29
3829,567074720134,NEW,1936,SELL,LIMIT,999900,26
3830,567325054777,NEW,1937,SELL,LIMIT,999600,40
3831,567418289118,CANCEL,1929,SELL,LIMIT,999300,28
3832,567608613477,CANCEL,1932,SELL,LIMIT,998700,33
3833,567682488936,NEW,1938,SELL,LIMIT,999200,29
3834,567846657425,NEW,1939,BUY,LIMIT,998300,48
3835,567885704307,NEW,1940,SELL,LIMIT,998900,24
3836,568082989809,NEW,1941,SELL,LIMIT,999400,24
3837,568368471218,CANCEL,1934,BUY,LIMIT,998000,25
3838,568594096251,CANCEL,1878,SELL,LIMIT,999300,25
3839,568776163463,NEW,1942,SELL,LIMIT,999300,25
3840,569103004927,NEW,1943,BUY,LIMIT,997900,30
3841,569296140004,NEW,1944,BUY,LIMIT,997100,23
3842,569410716313,NEW,1945,BUY,LIMIT,997400,25
3843,569762985702,CANCEL,1892,SELL,LIMIT,999200,26
3844,569793805542,CANCEL,1908,SELL,LIMIT,999100,40
3845,569816821268,NEW,1946,BUY,LIMIT,998100,23
3846,570139760582,NEW,1947,BUY,LIMIT,998200,27
3847,570364595240,CANCEL,1945,BUY,LIMIT,997400,25
3848,570394143972,CANCEL,1885,SELL,LIMIT,999200,24
3849,570491201568,NEW,1948,BUY,LIMIT,997100,30
3850,570529434420,NEW,1949,SELL,LIMIT,999200,33
3851,570693222626,CANCEL,1914,BUY,LIMIT,998000,28
3852,571509812252,CANCEL,1844,SELL,LIMIT,999500,20
3853,571610803280,NEW,1950,SELL,LIMIT,999200,34
3854,572311562691,NEW,1951,SELL,LIMIT,999300,30
3855,572368079491,NEW,1952,SELL,LIMIT,999200,27
3856,572717531398,CANCEL,1950,SELL,LIMIT,999200,34
3857,572869008321,NEW,1953,SELL,LIMIT,999900,25
3858,573033090601,NEW,1954,BUY,LIMIT,997300,31
3859,573157715706,CANCEL,1899,SELL,LIMIT,999300,32
3860,573224354544,CANCEL,1933,SELL,LIMIT,999200,34
3861,573322044073,NEW,1955,BUY,LIMIT,997100,30
3862,573510206222,CANCEL,1904,SELL,LIMIT,999400,30
3863,573543671422,CANCEL,1880,BUY,LIMIT,997700,20
3864,573925417262,CANCEL,1936,SELL,LIMIT,999900,26
3865,574346561650,CANCEL,1949,SELL,LIMIT,999200,33
3866,574374468273,NEW,1956,BUY,LIMIT,997800,300
3867,574482598763,CANCEL,1942,SELL,LIMIT,999300,25
3868,574611485547,CANCEL,1956,BUY,LIMIT,997800,300
3869,574628720684,CANCEL,1891,SELL,LIMIT,999200,30
3870,574639929242,CANCEL,1353,BUY,LIMIT,997800,1
3871,574646501577,CANCEL,1893,BUY,LIMIT,997500,25
3872,574687748853,NEW,1957,SELL,LIMIT,999400,30
3873,574718854014,NEW,1958,SELL,LIMIT,999400,26
3874,574785090197,NEW,1959,BUY,LIMIT,997700,38
3875,574896638352,CANCEL,1881,SELL,LIMIT,999800,3
3876,575080253617,NEW,1960,BUY,LIMIT,997500,29
3877,575097516193,NEW,1961,SELL,LIMIT,999300,25
3878,575237148266,CANCEL,1939,BUY,LIMIT,998300,48
3879,575247491354,CANCEL,1890,BUY,LIMIT,997600,28
3880,575280847966,CANCEL,1938,SELL,LIMIT,999200,29
3881,575579634417,NEW,1962,BUY,LIMIT,997600,29
3882,575705075503,CANCEL,1923,SELL,LIMIT,998600,27
3883,577102021017,CANCEL,1960,BUY,LIMIT,997500,29
3884,577134144789,NEW,1963,BUY,LIMIT,997700,27
3885,577168039033,NEW,1964,BUY,LIMIT,997800,100
3886,577227432181,CANCEL,1935,BUY,LIMIT,997100,32
3887,577497519191,CANCEL,1896,SELL,LIMIT,999000,27
3888,577543789780,NEW,1965,BUY,LIMIT,997600,26
3889,577652706588,CANCEL,1941,SELL,LIMIT,999400,24
3890,577858419813,NEW,1966,BUY,LIMIT,998000,31
3891,578135429131,CANCEL,1868,SELL,LIMIT,999600,28
3892,578343802024,CANCEL,1964,BUY,LIMIT,997800,100
3893,578705730337,NEW,1967,BUY,LIMIT,997800,34
3894,578739804891,NEW,1968,BUY,LIMIT,997200,25
3895,579214862312,NEW,1969,BUY,LIMIT,997800,20
3896,579293760351,NEW,1970,BUY,LIMIT,998000,48
3897,579507614072,NEW,1971,BUY,LIMIT,997700,24
3898,579589355864,CANCEL,1947,BUY,LIMIT,998200,27
3899,579647708323,CANCEL,1867,BUY,LIMIT,998000,32
3900,579988479477,NEW,1972,SELL,LIMIT,999900,100
3901,579993852252,CANCEL,1946,BUY,LIMIT,998100,23
3902,580151498846,CANCEL,1951,SELL,LIMIT,999300,30
3903,580165331120,NEW,1973,BUY,LIMIT,997900,31
3904,580282574294,CANCEL,1972,SELL,LIMIT,999900,100
3905,580682291017,CANCEL,1970,BUY,LIMIT,998000,48
3906,580703156342,CANCEL,1971,BUY,LIMIT,997700,24
3907,580770036723,NEW,1974,BUY,LIMIT,997900,26
3908,581217676288,CANCEL,1902,SELL,LIMIT,999100,38
3909,581277452140,CANCEL,1918,SELL,LIMIT,998700,25
3910,581390300360,CANCEL,1861,BUY,LIMIT,998100,27
3911,581601351649,NEW,1975,SELL,LIMIT,999600,26
3912,582168307254,NEW,1976,BUY,LIMIT,998200,100
3913,582325740885,CANCEL,1937,SELL,LIMIT,999600,40
3914,582679175699,NEW,1977,BUY,LIMIT,997900,32
3915,582754967649,CANCEL,1912,SELL,LIMIT,998700,11
3916,582805306045,NEW,1978,SELL,LIMIT,999100,27
3917,583435850055,NEW,1979,BUY,LIMIT,998500,25
3918,583470597141,CANCEL,1930,SELL,LIMIT,999100,34
3919,583586925574,CANCEL,1940,SELL,LIMIT,998900,24
3920,583683807019,NEW,1980,SELL,LIMIT,999300,34
3921,583930973391,NEW,1981,SELL,LIMIT,998900,28
3922,584142784817,NEW,1982,SELL,LIMIT,999300,29
3923,584318387965,NEW,1983,BUY,LIMIT,997800,30
3924,584533851733,CANCEL,1857,SELL,LIMIT,1000000,4
3925,584635863971,NEW,1984,SELL,LIMIT,999100,24
3926,584680427503,CANCEL,1980,SELL,LIMIT,999300,34
3927,584827162116,NEW,1985,SELL,LIMIT,999500,32
3928,585196117377,CANCEL,1925,BUY,LIMIT,997100,28
3929,585282817914,NEW,1986,SELL,LIMIT,999300,40
3930,585304858709,CANCEL,1984,SELL,LIMIT,999100,24
3931,585404995430,CANCEL,1954,BUY,LIMIT,997300,31
3932,585452966402,NEW,1987,BUY,LIMIT,997600,29
3933,585472036469,CANCEL,1979,BUY,LIMIT,998500,25
3934,585598115876,NEW,1988,SELL,LIMIT,999500,33
3935,585765237457,NEW,1989,BUY,LIMIT,997300,40
3936,585842592832,CANCEL,1966,BUY,LIMIT,998000,31
3937,585892831961,NEW,1990,SELL,LIMIT,999200,28
3938,586180079636,NEW,1991,SELL,LIMIT,999600,29
3939,586212854655,NEW,1992,BUY,LIMIT,997900,26
3940,586453949718,CANCEL,1973,BUY,LIMIT,997900,31
3941,586654746288,CANCEL,1977,BUY,LIMIT,997900,32
3942,587220624114,CANCEL,1990,SELL,LIMIT,999200,28
3943,587377423592,CANCEL,1981,SELL,LIMIT,998900,28
3944,587762887286,NEW,1993,BUY,LIMIT,997900,29
3945,587779838639,CANCEL,1913,BUY,LIMIT,998400,32
3946,587906723587,CANCEL,1948,BUY,LIMIT,997100,30
3947,587956317627,NEW,1994,BUY,LIMIT,997800,26
3948,588095078467,CANCEL,1958,SELL,LIMIT,999400,26
3949,588421192642,NEW,1995,BUY,LIMIT,998500,35
3950,588478342108,CANCEL,1955,BUY,LIMIT,997100,30
3951,588481640506,CANCEL,1953,SELL,LIMIT,999900,25
3952,588506945243,NEW,1996,BUY,LIMIT,998200,31
3953,588633468278,CANCEL,1995,BUY,LIMIT,998500,35
3954,589368344618,NEW,1997,SELL,LIMIT,999000,40
3955,589559431283,NEW,1998,SELL,LIMIT,999500,31
3956,589596226005,CANCEL,1926,BUY,LIMIT,997600,28
3957,589684399166,NEW,1999,SELL,LIMIT,999200,9
3958,589735669986,NEW,2000,SELL,LIMIT,999700,28
3959,589991418737,CANCEL,1998,SELL,LIMIT,999500,31
3960,590029684583,NEW,2001,SELL,LIMIT,999100,48
3961,590108891355,CANCEL,1997,SELL,LIMIT,999000,40
3962,590395649968,CANCEL,1976,BUY,LIMIT,998200,100
3963,590688211744,CANCEL,1604,BUY,LIMIT,998200,23
3964,590697878478,CANCEL,1957,SELL,LIMIT,999400,30
3965,590698469840,CANCEL,1969,BUY,LIMIT,997800,20
3966,590862243666,CANCEL,1985,SELL,LIMIT,999500,32
3967,591092335755,NEW,2002,BUY,LIMIT,997700,48
3968,591142335639,NEW,2003,SELL,LIMIT,998400,17
3969,591258542827,NEW,2004,BUY,LIMIT,997700,20
3970,591265618207,CANCEL,1965,BUY,LIMIT,997600,26
3971,591276709553,CANCEL,1983,BUY,LIMIT,997800,30
3972,591493891172,NEW,2005,BUY,LIMIT,996900,100
3973,591542213094,NEW,2006,BUY,LIMIT,997400,29
3974,591648989759,NEW,2007,BUY,LIMIT,997600,32
3975,591894882524,CANCEL,1943,BUY,LIMIT,997900,30
3976,592087341191,CANCEL,1989,BUY,LIMIT,997300,40
3977,592227020459,CANCEL,2003,SELL,LIMIT,998400,17
3978,592297670359,NEW,2008,BUY,LIMIT,998000,32
3979,592525009195,NEW,2009,SELL,LIMIT,999200,40
3980,592563269433,CANCEL,2007,BUY,LIMIT,997600,32
3981,592605362617,CANCEL,1991,SELL,LIMIT,999600,29
3982,592666744440,NEW,2010,SELL,LIMIT,998900,28
3983,592751673361,CANCEL,2002,BUY,LIMIT,997700,48
3984,593091271652,NEW,2011,SELL,LIMIT,999300,30
3985,593160612258,NEW,2012,BUY,LIMIT,998500,32
3986,593248888344,NEW,2013,BUY,LIMIT,997800,30
3987,593569176299,CANCEL,2005,BUY,LIMIT,996900,100
3988,593671191504,NEW,2014,SELL,LIMIT,1000000,28
3989,593692079421,CANCEL,1978,SELL,LIMIT,999100,27
3990,593772756243,CANCEL,2008,BUY,LIMIT,998000,32
3991,593842160589,NEW,2015,BUY,LIMIT,998500,30
3992,593856648324,NEW,2016,BUY,LIMIT,997300,34
3993,593859416714,CANCEL,1959,BUY,LIMIT,997700,38
3994,594105974194,NEW,2017,SELL,LIMIT,999500,26
3995,594165341378,CANCEL,2000,SELL,LIMIT,999700,28
3996,594266063301,NEW,2018,BUY,LIMIT,998100,40
3997,594403994193,NEW,2019,SELL,LIMIT,999400,24
3998,594642147266,CANCEL,2001,SELL,LIMIT,999100,48
3999,594670705767,CANCEL,2012,BUY,LIMIT,998500,32
4000,594739287125,NEW,2020,SELL,LIMIT,999700,49
4001,594887654430,NEW,2021,BUY,LIMIT,998400,23
4002,594981870683,NEW,2022,SELL,LIMIT,999400,34
4003,594985658847,CANCEL,2011,SELL,LIMIT,999300,30
4004,595288980331,CANCEL,1952,SELL,LIMIT,999200,27
4005,595362528598,NEW,2023,BUY,LIMIT,998000,30
4006,595445674950,CANCEL,1974,BUY,LIMIT,997900,26
4007,595541312332,NEW,2024,BUY,LIMIT,997300,27
4008,595627749857,CANCEL,2019,SELL,LIMIT,999400,24
4009,595953797657,NEW,2025,SELL,LIMIT,999300,27
4010,596021160140,NEW,2026,SELL,LIMIT,999600,30
4011,596228904557,NEW,2027,SELL,LIMIT,999500,30
4012,596409648183,CANCEL,2026,SELL,LIMIT,999600,30
4013,596447359908,CANCEL,1967,BUY,LIMIT,997800,34
4014,596456585106,CANCEL,1968,BUY,LIMIT,997200,25
4015,596470566658,NEW,2028,BUY,MARKET,,15
4016,596470566658,CANCEL,1551,SELL,LIMIT,998800,1
4017,596470566658,REDUCE,2010,SELL,LIMIT,998900,14
4018,596685595747,CANCEL,2018,BUY,LIMIT,998100,40
4019,596811154333,NEW,2029,SELL,LIMIT,999300,34
4020,596959958603,CANCEL,2020,SELL,LIMIT,999700,49
4021,597076642252,CANCEL,1962,BUY,LIMIT,997600,29
4022,597146973365,CANCEL,1994,BUY,LIMIT,997800,26
4023,597172179931,CANCEL,580,SELL,LIMIT,999800,1
4024,597198123232,NEW,2030,SELL,LIMIT,999500,25
4025,597269378185,CANCEL,1996,BUY,LIMIT,998200,31
4026,597399377082,CANCEL,2009,SELL,LIMIT,999200,40
4027,597758452855,CANCEL,2014,SELL,LIMIT,1000000,28
4028,597871914422,CANCEL,1961,SELL,LIMIT,999300,25
4029,598026273262,CANCEL,2015,BUY,LIMIT,998500,30
4030,598048882096,CANCEL,2021,BUY,LIMIT,998400,23
4031,598282553150,CANCEL,1993,BUY,LIMIT,997900,29
4032,598316711341,NEW,2031,SELL,LIMIT,998900,33
4033,598710094818,NEW,2032,BUY,LIMIT,998000,25
4034,598793162861,NEW,2033,SELL,LIMIT,998800,33
4035,598799133711,NEW,2034,SELL,LIMIT,998900,30
4036,598838832343,CANCEL,2022,SELL,LIMIT,999400,34
4037,598868724557,NEW,2035,SELL,LIMIT,999100,30
4038,599096615746,CANCEL,2027,SELL,LIMIT,999500,30
4039,599491472799,CANCEL,1944,BUY,LIMIT,997100,23
4040,599535777509,NEW,2036,SELL,LIMIT,998700,45
